ros_timestamp_ns,system_timestamp_ns,openarm_right_joint1,openarm_right_joint3,openarm_right_joint4,openarm_left_joint6,openarm_left_joint5,openarm_left_joint2,openarm_left_joint7,openarm_left_joint4,openarm_right_joint5,openarm_left_joint1,openarm_right_joint2,openarm_left_joint3,openarm_right_joint7,openarm_right_joint6
1778211028663278223,1778211028664675500,-0.019645990691996573,0.2122911421377882,0.23022049286640645,0.03414206149385812,-0.09746700236514805,0.02193484397650103,0.4121843289845142,0.3652628366521693,-0.15926604104676834,0.12226291294727964,0.018120088502326936,-0.262645914396888,-0.41332875562676463,0.014305333028152845
1778211028682973886,1778211028684693828,-0.019645990691996573,0.2122911421377882,0.23022049286640645,0.03376058594644071,-0.09746700236514805,0.02193484397650103,0.4121843289845142,0.3652628366521693,-0.15926604104676834,0.12226291294727964,0.018120088502326936,-0.262645914396888,-0.4152361333638517,0.014305333028152845
1778211028695108267,1778211028704681058,-0.019645990691996573,0.2122911421377882,0.23022049286640645,0.03414206149385812,-0.09746700236514805,0.02193484397650103,0.4121843289845142,0.3652628366521693,-0.15964751659418575,0.12188143739986224,0.018120088502326936,-0.262645914396888,-0.4171435111009387,0.014305333028152845
1778211028722326826,1778211028724679377,-0.019645990691996573,0.2122911421377882,0.23022049286640645,0.03414206149385812,-0.09746700236514805,0.02193484397650103,0.4121843289845142,0.3652628366521693,-0.15964751659418575,0.12226291294727964,0.018501564049744346,-0.262645914396888,-0.4198138399328606,0.014686808575570254
1778211028735576345,1778211028744739823,-0.019645990691996573,0.2122911421377882,0.23022049286640645,0.03414206149385812,-0.09746700236514805,0.02193484397650103,0.4121843289845142,0.3652628366521693,-0.15964751659418575,0.12226291294727964,0.018120088502326936,-0.262645914396888,-0.420195315480278,0.015068284122987663
1778211028755840774,1778211028764698729,-0.019645990691996573,0.2122911421377882,0.23060196841382385,0.03414206149385812,-0.09708552681773064,0.02193484397650103,0.4121843289845142,0.3652628366521693,-0.15964751659418575,0.12226291294727964,0.018120088502326936,-0.262645914396888,-0.4198138399328606,0.01621271076523989
1778211028776303404,1778211028784750692,-0.019645990691996573,0.2122911421377882,0.23098344396124126,0.03414206149385812,-0.09708552681773064,0.02193484397650103,0.41180285343709677,0.3652628366521693,-0.15964751659418575,0.12226291294727964,0.018501564049744346,-0.262645914396888,-0.420195315480278,0.017357137407492118
1778211028796859942,1778211028804718303,-0.019645990691996573,0.2122911421377882,0.23098344396124126,0.03414206149385812,-0.09708552681773064,0.02193484397650103,0.4121843289845142,0.3652628366521693,-0.15964751659418575,0.12226291294727964,0.018120088502326936,-0.262645914396888,-0.4198138399328606,0.017738612954909527
1778211028817795731,1778211028824682253,-0.019645990691996573,0.2122911421377882,0.23098344396124126,0.03414206149385812,-0.09708552681773064,0.02193484397650103,0.41180285343709677,0.3652628366521693,-0.15964751659418575,0.12188143739986224,0.018120088502326936,-0.262645914396888,-0.420195315480278,0.018120088502326936
1778211028838682442,1778211028844682007,-0.019645990691996573,0.2122911421377882,0.23136491950865867,0.03376058594644071,-0.09708552681773064,0.02193484397650103,0.41180285343709677,0.3652628366521693,-0.15964751659418575,0.12226291294727964,0.018120088502326936,-0.262645914396888,-0.420195315480278,0.018120088502326936
1778211028859075380,1778211028864733601,-0.019645990691996573,0.2122911421377882,0.23136491950865867,0.03414206149385812,-0.09708552681773064,0.02193484397650103,0.41142137788967936,0.3652628366521693,-0.15964751659418575,0.12226291294727964,0.018501564049744346,-0.262645914396888,-0.420195315480278,0.018120088502326936
1778211028879096322,1778211028884770514,-0.019645990691996573,0.2122911421377882,0.23136491950865867,0.03376058594644071,-0.09670405127031323,0.02193484397650103,0.41142137788967936,0.3652628366521693,-0.15964751659418575,0.12226291294727964,0.018120088502326936,-0.262645914396888,-0.4205767910276954,0.018120088502326936
1778211028899374584,1778211028904742829,-0.019645990691996573,0.2122911421377882,0.23136491950865867,0.03376058594644071,-0.095559624628061,0.02193484397650103,0.41103990234226195,0.3652628366521693,-0.15964751659418575,0.12226291294727964,0.018120088502326936,-0.262645914396888,-0.42172121766994763,0.018501564049744346
1778211028912435474,1778211028924695602,-0.019645990691996573,0.2122911421377882,0.23136491950865867,0.03376058594644071,-0.09479667353322618,0.02193484397650103,0.41027695124742714,0.3656443121995867,-0.15964751659418575,0.12226291294727964,0.018120088502326936,-0.262645914396888,-0.42324711985961727,0.018501564049744346
1778211028935971494,1778211028944709402,-0.019645990691996573,0.2122911421377882,0.23136491950865867,0.03376058594644071,-0.09441519798580877,0.02193484397650103,0.40760662241550527,0.36678873884183893,-0.16002899214160315,0.12226291294727964,0.018120088502326936,-0.26379034103914023,-0.4236285954070347,0.018883039597161755
1778211028956568116,1778211028964701677,-0.019645990691996573,0.2122911421377882,0.2325093461509109,0.03376058594644071,-0.09441519798580877,0.02193484397650103,0.40760662241550527,0.36717021438925634,-0.16002899214160315,0.12226291294727964,0.018120088502326936,-0.26531624322880987,-0.4240100709544521,0.019645990691996573
1778211028976332572,1778211028984776840,-0.020027466239413982,0.2122911421377882,0.23403524834058054,0.033379110399023304,-0.09441519798580877,0.02193484397650103,0.40760662241550527,0.36717021438925634,-0.16002899214160315,0.12226291294727964,0.018120088502326936,-0.2672236209658969,-0.4240100709544521,0.0207904173342488
1778211028997169774,1778211029004865021,-0.020027466239413982,0.2122911421377882,0.23594262607766758,0.033379110399023304,-0.09441519798580877,0.02193484397650103,0.40722514686808786,0.36755168993667375,-0.16002899214160315,0.12226291294727964,0.018120088502326936,-0.26836804760814914,-0.4243915465018695,0.02117189288166621
1778211029018732330,1778211029024730253,-0.019645990691996573,0.2122911421377882,0.2367055771725024,0.03376058594644071,-0.09403372243839137,0.02193484397650103,0.40760662241550527,0.3698405432211782,-0.16041046768902056,0.12226291294727964,0.018501564049744346,-0.26951247425040137,-0.4243915465018695,0.02117189288166621
1778211029038423022,1778211029044686263,-0.019645990691996573,0.2122911421377882,0.2367055771725024,0.033379110399023304,-0.09403372243839137,0.02193484397650103,0.40760662241550527,0.37174792095826525,-0.16041046768902056,0.12226291294727964,0.018501564049744346,-0.26951247425040137,-0.4247730220492869,0.02117189288166621
1778211029059504717,1778211029064716650,-0.019645990691996573,0.2122911421377882,0.2367055771725024,0.033379110399023304,-0.09403372243839137,0.02193484397650103,0.40760662241550527,0.3725108720531001,-0.16079194323643797,0.12226291294727964,0.018501564049744346,-0.2706569008926536,-0.42629892423895654,0.02117189288166621
1778211029079426041,1778211029084675887,-0.019264515144579164,0.2122911421377882,0.2370870527199198,0.033379110399023304,-0.09403372243839137,0.02193484397650103,0.40760662241550527,0.3725108720531001,-0.1619363698786902,0.12226291294727964,0.018501564049744346,-0.2718013275349058,-0.42706187533379136,0.02155336842908362
1778211029100422827,1778211029104795289,-0.019645990691996573,0.2122911421377882,0.23823147936217204,0.032997634851605895,-0.09403372243839137,0.02193484397650103,0.40722514686808786,0.3725108720531001,-0.16346227206835984,0.12226291294727964,0.018120088502326936,-0.27256427862974064,-0.42706187533379136,0.02155336842908362
1778211029121019444,1778211029124695022,-0.019645990691996573,0.2122911421377882,0.23861295490958945,0.032997634851605895,-0.09403372243839137,0.02193484397650103,0.40722514686808786,0.3725108720531001,-0.16384374761577725,0.12226291294727964,0.018120088502326936,-0.27332722972457546,-0.4274433508812088,0.02155336842908362
1778211029142185428,1778211029144674645,-0.019645990691996573,0.2122911421377882,0.23861295490958945,0.032997634851605895,-0.09403372243839137,0.02193484397650103,0.40684367132067045,0.3725108720531001,-0.16384374761577725,0.12226291294727964,0.018120088502326936,-0.27370870527199287,-0.4274433508812088,0.02155336842908362
1778211029161722699,1778211029164690123,-0.020027466239413982,0.2122911421377882,0.23861295490958945,0.032616159304188486,-0.09403372243839137,0.02193484397650103,0.40684367132067045,0.3725108720531001,-0.16422522316319466,0.12226291294727964,0.018120088502326936,-0.27370870527199287,-0.4278248264286262,0.02155336842908362
1778211029183633138,1778211029184679508,-0.020027466239413982,0.2122911421377882,0.23861295490958945,0.032234683756771076,-0.09403372243839137,0.02193484397650103,0.40684367132067045,0.3725108720531001,-0.16498817425802947,0.12226291294727964,0.018120088502326936,-0.27370870527199287,-0.4282063019760436,0.02155336842908362
1778211029202952498,1778211029204677987,-0.019645990691996573,0.21267261768520562,0.23861295490958945,0.03185320820935367,-0.09403372243839137,0.02193484397650103,0.40684367132067045,0.3725108720531001,-0.16689555199511652,0.12226291294727964,0.018501564049744346,-0.27370870527199287,-0.4297322041657132,0.02155336842908362
1778211029223529566,1778211029224685843,-0.019645990691996573,0.21343556878004044,0.23861295490958945,0.03032730601968403,-0.09365224689097396,0.02193484397650103,0.40684367132067045,0.3725108720531001,-0.16765850308995134,0.12226291294727964,0.018501564049744346,-0.27370870527199287,-0.43087663080796546,0.02155336842908362
1778211029234211569,1778211029244697260,-0.019645990691996573,0.21381704432745785,0.23861295490958945,0.02994583047226662,-0.09365224689097396,0.02193484397650103,0.40684367132067045,0.3725108720531001,-0.16765850308995134,0.12226291294727964,0.018120088502326936,-0.27370870527199287,-0.43087663080796546,0.02155336842908362
1778211029262468380,1778211029264679873,-0.019645990691996573,0.21648737315937971,0.23861295490958945,0.029564354924849212,-0.09327077134355655,0.02193484397650103,0.40684367132067045,0.3725108720531001,-0.1707103074692906,0.12226291294727964,0.018120088502326936,-0.27370870527199287,-0.43087663080796546,0.02193484397650103
1778211029276018420,1778211029284771543,-0.019645990691996573,0.21763179980163194,0.23861295490958945,0.029564354924849212,-0.09327077134355655,0.02193484397650103,0.40684367132067045,0.3725108720531001,-0.17147325856412543,0.12226291294727964,0.018120088502326936,-0.27370870527199287,-0.43125810635538286,0.02193484397650103
1778211029295925279,1778211029304686127,-0.019645990691996573,0.21801327534904935,0.23861295490958945,0.029564354924849212,-0.09098191805905209,0.02193484397650103,0.40684367132067045,0.3725108720531001,-0.17185473411154284,0.12226291294727964,0.018120088502326936,-0.27370870527199287,-0.43125810635538286,0.02193484397650103
1778211029316789978,1778211029324679281,-0.019645990691996573,0.21801327534904935,0.23861295490958945,0.029182879377431803,-0.09060044251163468,0.02193484397650103,0.40684367132067045,0.3725108720531001,-0.17223620965896025,0.12226291294727964,0.018501564049744346,-0.27370870527199287,-0.43125810635538286,0.02193484397650103
1778211029337149730,1778211029344952413,-0.019645990691996573,0.21801327534904935,0.23861295490958945,0.029182879377431803,-0.09021896696421727,0.02193484397650103,0.40684367132067045,0.3725108720531001,-0.1741435873960473,0.12226291294727964,0.018501564049744346,-0.27370870527199287,-0.4316395819028003,0.02193484397650103
1778211029362787449,1778211029364674194,-0.019645990691996573,0.21801327534904935,0.23861295490958945,0.028801403830014394,-0.09021896696421727,0.02193484397650103,0.40646219577325304,0.3725108720531001,-0.1745250629434647,0.12226291294727964,0.018120088502326936,-0.2740901808194103,-0.4324025329976351,0.02193484397650103
1778211029383503886,1778211029384710795,-0.019645990691996573,0.21801327534904935,0.23861295490958945,0.028801403830014394,-0.09021896696421727,0.02193484397650103,0.40646219577325304,0.3725108720531001,-0.1745250629434647,0.12226291294727964,0.018120088502326936,-0.27370870527199287,-0.43430991073472214,0.022316319523918438
1778211029402178506,1778211029404680473,-0.019645990691996573,0.21801327534904935,0.23861295490958945,0.028801403830014394,-0.09021896696421727,0.02193484397650103,0.40646219577325304,0.3725108720531001,-0.1749065384908821,0.12226291294727964,0.018120088502326936,-0.2740901808194103,-0.43469138628213955,0.022697795071335847
1778211029412670963,1778211029424709782,-0.019645990691996573,0.21801327534904935,0.23861295490958945,0.028801403830014394,-0.08983749141679986,0.02193484397650103,0.40646219577325304,0.3725108720531001,-0.1749065384908821,0.12226291294727964,0.018120088502326936,-0.2740901808194103,-0.43507286182955696,0.022697795071335847
1778211029435012788,1778211029444725431,-0.019645990691996573,0.21801327534904935,0.23861295490958945,0.028801403830014394,-0.08983749141679986,0.02193484397650103,0.40684367132067045,0.3725108720531001,-0.1749065384908821,0.12226291294727964,0.018120088502326936,-0.2740901808194103,-0.43507286182955696,0.023842221713588074
1778211029456088528,1778211029464830531,-0.019645990691996573,0.21801327534904935,0.23861295490958945,0.028801403830014394,-0.08983749141679986,0.02193484397650103,0.40684367132067045,0.3725108720531001,-0.17528801403829952,0.12226291294727964,0.018501564049744346,-0.2740901808194103,-0.4358358129243918,0.024605172808422893
1778211029475880023,1778211029484780892,-0.019645990691996573,0.21801327534904935,0.23861295490958945,0.028419928282596985,-0.08983749141679986,0.02193484397650103,0.40684367132067045,0.3725108720531001,-0.17566948958571693,0.12226291294727964,0.018120088502326936,-0.2740901808194103,-0.4362172884718092,0.024986648355840302
1778211029502638957,1778211029504770340,-0.019645990691996573,0.21801327534904935,0.23861295490958945,0.027656977187762166,-0.08869306477454764,0.02193484397650103,0.40684367132067045,0.3725108720531001,-0.1779583428702214,0.12226291294727964,0.018120088502326936,-0.2740901808194103,-0.4377431906614788,0.02536812390325771
1778211029516100366,1778211029524741142,-0.019645990691996573,0.21801327534904935,0.23861295490958945,0.02651255054550994,-0.087167162584878,0.02193484397650103,0.40684367132067045,0.3725108720531001,-0.17910276951247361,0.12226291294727964,0.018120088502326936,-0.2748531319142451,-0.43888761730373105,0.02536812390325771
1778211029536616741,1778211029544709219,-0.019645990691996573,0.21801327534904935,0.23861295490958945,0.02613107499809253,-0.08640421149004318,0.02193484397650103,0.40684367132067045,0.3725108720531001,-0.18062867170214325,0.12226291294727964,0.018120088502326936,-0.27637903410391473,-0.43850614175631364,0.02536812390325771
1778211029556854730,1778211029564772812,-0.019645990691996573,0.21801327534904935,0.23899443045700686,0.02613107499809253,-0.08525978484779095,0.02193484397650103,0.40722514686808786,0.3728923476005175,-0.1821545738918129,0.12226291294727964,0.018120088502326936,-0.2782864118410018,-0.43888761730373105,0.02574959945067512
1778211029577623526,1778211029585003162,-0.019645990691996573,0.21801327534904935,0.23975738155184168,0.02613107499809253,-0.08106355382619945,0.02193484397650103,0.40760662241550527,0.3736552986953523,-0.1825360494392303,0.12226291294727964,0.018120088502326936,-0.2798123140306714,-0.43965056839856587,0.02574959945067512
1778211029598300716,1778211029604803176,-0.020027466239413982,0.21801327534904935,0.24166475928892872,0.02613107499809253,-0.07801174944686018,0.02193484397650103,0.40760662241550527,0.3744182497901871,-0.1829175249866477,0.12226291294727964,0.018120088502326936,-0.28095674067292364,-0.4400320439459833,0.02574959945067512
1778211029618852385,1778211029624772431,-0.020027466239413982,0.21801327534904935,0.24242771038376354,0.02613107499809253,-0.0749599450675209,0.02193484397650103,0.40760662241550527,0.3744182497901871,-0.18329900053406512,0.12226291294727964,0.018120088502326936,-0.2824826428625933,-0.4411764705882355,0.02574959945067512
1778211029639694700,1778211029644834651,-0.019645990691996573,0.21801327534904935,0.24242771038376354,0.02574959945067512,-0.07419699397268609,0.02193484397650103,0.40760662241550527,0.3744182497901871,-0.18368047608148252,0.12226291294727964,0.018120088502326936,-0.2832455939574281,-0.44232089723048773,0.02613107499809253
1778211029659854495,1778211029664778885,-0.019645990691996573,0.21801327534904935,0.24280918593118095,0.02613107499809253,-0.07228961623559904,0.02193484397650103,0.40760662241550527,0.3744182497901871,-0.18444342717631734,0.12226291294727964,0.018120088502326936,-0.2832455939574281,-0.44232089723048773,0.02613107499809253
1778211029680462237,1778211029685111746,-0.019645990691996573,0.21801327534904935,0.24395361257343318,0.02613107499809253,-0.0707637140459294,0.02193484397650103,0.40760662241550527,0.3744182497901871,-0.18558785381856957,0.12226291294727964,0.018120088502326936,-0.2832455939574281,-0.44232089723048773,0.02651255054550994
1778211029701097183,1778211029704857410,-0.019645990691996573,0.21801327534904935,0.24433508812085059,0.02613107499809253,-0.0707637140459294,0.02193484397650103,0.40760662241550527,0.3744182497901871,-0.18596932936598698,0.12226291294727964,0.018120088502326936,-0.2832455939574281,-0.44232089723048773,0.02651255054550994
1778211029721616111,1778211029724747773,-0.019645990691996573,0.21801327534904935,0.24433508812085059,0.02574959945067512,-0.0707637140459294,0.02193484397650103,0.40760662241550527,0.3744182497901871,-0.18596932936598698,0.12226291294727964,0.018501564049744346,-0.2832455939574281,-0.44270237277790514,0.02651255054550994
1778211029742808351,1778211029744710785,-0.019645990691996573,0.21801327534904935,0.24433508812085059,0.02574959945067512,-0.0707637140459294,0.02193484397650103,0.40760662241550527,0.3744182497901871,-0.1863508049134044,0.12226291294727964,0.018120088502326936,-0.2832455939574281,-0.44270237277790514,0.02651255054550994
1778211029762359520,1778211029764734229,-0.019645990691996573,0.21801327534904935,0.24433508812085059,0.02574959945067512,-0.0707637140459294,0.02193484397650103,0.40760662241550527,0.3744182497901871,-0.1871137560082392,0.12226291294727964,0.018120088502326936,-0.2832455939574281,-0.44346532387273996,0.026894026092927348
1778211029782701733,1778211029784710406,-0.019645990691996573,0.21801327534904935,0.24433508812085059,0.02574959945067512,-0.0707637140459294,0.02193484397650103,0.40760662241550527,0.3744182497901871,-0.18978408484016107,0.12226291294727964,0.018120088502326936,-0.2832455939574281,-0.44689860379949664,0.026894026092927348
1778211029803526321,1778211029804708064,-0.019645990691996573,0.21801327534904935,0.24433508812085059,0.02574959945067512,-0.0707637140459294,0.02193484397650103,0.40760662241550527,0.3744182497901871,-0.1905470359349959,0.12226291294727964,0.018120088502326936,-0.2832455939574281,-0.45071335927367073,0.027275501640344757
1778211029822840969,1778211029824675794,-0.019645990691996573,0.21801327534904935,0.24433508812085059,0.02574959945067512,-0.0707637140459294,0.02193484397650103,0.40760662241550527,0.3744182497901871,-0.19245441367208294,0.12226291294727964,0.018120088502326936,-0.2832455939574281,-0.45109483482108814,0.027656977187762166
1778211029834306782,1778211029844688162,-0.020027466239413982,0.21801327534904935,0.24433508812085059,0.02574959945067512,-0.0707637140459294,0.02193484397650103,0.40760662241550527,0.3744182497901871,-0.19359884031433516,0.12226291294727964,0.018120088502326936,-0.2832455939574281,-0.45071335927367073,0.028038452735179575
1778211029862830624,1778211029864693331,-0.019645990691996573,0.21801327534904935,0.24395361257343318,0.02574959945067512,-0.0707637140459294,0.02193484397650103,0.40760662241550527,0.3744182497901871,-0.1958876935988414,0.12226291294727964,0.018120088502326936,-0.2832455939574281,-0.45109483482108814,0.028038452735179575
1778211029872603257,1778211029884779336,-0.019645990691996573,0.21877622644388417,0.24395361257343318,0.02574959945067512,-0.0707637140459294,0.02193484397650103,0.4079880979629227,0.3744182497901871,-0.19817654688334585,0.12226291294727964,0.018120088502326936,-0.2832455939574281,-0.45071335927367073,0.028038452735179575
1778211029896454529,1778211029904752986,-0.019645990691996573,0.22106507972838862,0.24433508812085059,0.02574959945067512,-0.0707637140459294,0.02193484397650103,0.4079880979629227,0.3744182497901871,-0.2000839246204329,0.12226291294727964,0.018120088502326936,-0.2832455939574281,-0.45071335927367073,0.028419928282596985
1778211029916857483,1778211029924719248,-0.019645990691996573,0.22335393301289308,0.24433508812085059,0.02574959945067512,-0.0707637140459294,0.02193484397650103,0.4079880979629227,0.3744182497901871,-0.20160982681010253,0.12226291294727964,0.018120088502326936,-0.2832455939574281,-0.45071335927367073,0.028419928282596985
1778211029938135371,1778211029944676375,-0.019645990691996573,0.22487983520256272,0.24433508812085059,0.02574959945067512,-0.0707637140459294,0.02193484397650103,0.4079880979629227,0.37479972533760453,-0.20160982681010253,0.12226291294727964,0.018120088502326936,-0.2832455939574281,-0.45071335927367073,0.028419928282596985
1778211029958807609,1778211029964740856,-0.019645990691996573,0.22564278629739754,0.24433508812085059,0.02574959945067512,-0.070382238498512,0.02193484397650103,0.4079880979629227,0.37518120088502194,-0.20351720454718958,0.12226291294727964,0.018120088502326936,-0.2832455939574281,-0.45071335927367073,0.028419928282596985
1778211029978727725,1778211029984772180,-0.019645990691996573,0.22602426184481494,0.24433508812085059,0.02574959945067512,-0.07000076295109459,0.02193484397650103,0.4079880979629227,0.37556267643243935,-0.20504310673685922,0.12226291294727964,0.018120088502326936,-0.2832455939574281,-0.45071335927367073,0.028419928282596985
1778211029999420776,1778211030004735478,-0.019645990691996573,0.22640573739223235,0.24433508812085059,0.02574959945067512,-0.06847486076142495,0.02193484397650103,0.4079880979629227,0.37556267643243935,-0.20542458228427662,0.12226291294727964,0.018120088502326936,-0.2832455939574281,-0.45109483482108814,0.028801403830014394
1778211030019987692,1778211030024719965,-0.019645990691996573,0.22640573739223235,0.24433508812085059,0.02574959945067512,-0.06771190966659013,0.02193484397650103,0.4079880979629227,0.37556267643243935,-0.20542458228427662,0.12226291294727964,0.018120088502326936,-0.2832455939574281,-0.45109483482108814,0.028419928282596985
1778211030040424821,1778211030044738626,-0.020027466239413982,0.22640573739223235,0.24433508812085059,0.02574959945067512,-0.06771190966659013,0.02193484397650103,0.4079880979629227,0.37556267643243935,-0.20580605783169403,0.12226291294727964,0.018120088502326936,-0.2832455939574281,-0.45109483482108814,0.028801403830014394
1778211030056938492,1778211030064692241,-0.019645990691996573,0.22640573739223235,0.24433508812085059,0.02574959945067512,-0.06771190966659013,0.02193484397650103,0.4079880979629227,0.37556267643243935,-0.20580605783169403,0.12226291294727964,0.018120088502326936,-0.2832455939574281,-0.45109483482108814,0.028419928282596985
1778211030080856540,1778211030084896967,-0.019645990691996573,0.22640573739223235,0.24433508812085059,0.02574959945067512,-0.06771190966659013,0.02193484397650103,0.4079880979629227,0.37556267643243935,-0.20580605783169403,0.12226291294727964,0.018120088502326936,-0.2832455939574281,-0.45071335927367073,0.028419928282596985
1778211030100577475,1778211030104777717,-0.019645990691996573,0.22640573739223235,0.24433508812085059,0.02574959945067512,-0.06771190966659013,0.02193484397650103,0.4079880979629227,0.37556267643243935,-0.20580605783169403,0.12226291294727964,0.018120088502326936,-0.2832455939574281,-0.45071335927367073,0.028419928282596985
1778211030121784636,1778211030124761641,-0.019645990691996573,0.22640573739223235,0.24433508812085059,0.02574959945067512,-0.06771190966659013,0.02193484397650103,0.4079880979629227,0.37556267643243935,-0.20580605783169403,0.12226291294727964,0.018120088502326936,-0.2832455939574281,-0.45071335927367073,0.028419928282596985
1778211030141715018,1778211030144696459,-0.019645990691996573,0.22640573739223235,0.24433508812085059,0.02574959945067512,-0.06771190966659013,0.02193484397650103,0.4079880979629227,0.37556267643243935,-0.20580605783169403,0.12226291294727964,0.018120088502326936,-0.2832455939574281,-0.45071335927367073,0.028419928282596985
1778211030162278995,1778211030164709815,-0.019645990691996573,0.22640573739223235,0.24433508812085059,0.02574959945067512,-0.06771190966659013,0.02193484397650103,0.4079880979629227,0.37556267643243935,-0.20580605783169403,0.12226291294727964,0.018120088502326936,-0.2832455939574281,-0.45071335927367073,0.028419928282596985
1778211030180966286,1778211030184732995,-0.019645990691996573,0.22640573739223235,0.24433508812085059,0.02574959945067512,-0.06771190966659013,0.02193484397650103,0.4079880979629227,0.37556267643243935,-0.20580605783169403,0.12226291294727964,0.018120088502326936,-0.2832455939574281,-0.45071335927367073,0.028419928282596985
1778211030202441774,1778211030204676441,-0.019645990691996573,0.22640573739223235,0.24433508812085059,0.02574959945067512,-0.06771190966659013,0.02193484397650103,0.4079880979629227,0.37556267643243935,-0.20580605783169403,0.12226291294727964,0.018120088502326936,-0.2832455939574281,-0.45071335927367073,0.028419928282596985
1778211030214723708,1778211030224736007,-0.019645990691996573,0.22640573739223235,0.24433508812085059,0.02574959945067512,-0.06771190966659013,0.02193484397650103,0.4079880979629227,0.37556267643243935,-0.20618753337911144,0.12226291294727964,0.018120088502326936,-0.2832455939574281,-0.45071335927367073,0.028419928282596985
1778211030242352466,1778211030244723122,-0.019645990691996573,0.22640573739223235,0.24433508812085059,0.02574959945067512,-0.06771190966659013,0.02193484397650103,0.4079880979629227,0.37556267643243935,-0.20618753337911144,0.12226291294727964,0.018120088502326936,-0.2832455939574281,-0.45071335927367073,0.028419928282596985
1778211030256022057,1778211030264678867,-0.019645990691996573,0.22640573739223235,0.24433508812085059,0.02536812390325771,-0.06771190966659013,0.02193484397650103,0.4079880979629227,0.37556267643243935,-0.20618753337911144,0.12226291294727964,0.018120088502326936,-0.2832455939574281,-0.45071335927367073,0.028419928282596985
1778211030276963850,1778211030284777695,-0.019645990691996573,0.22640573739223235,0.24433508812085059,0.02536812390325771,-0.06771190966659013,0.02193484397650103,0.4079880979629227,0.37556267643243935,-0.20618753337911144,0.12226291294727964,0.018120088502326936,-0.2832455939574281,-0.45071335927367073,0.028419928282596985
1778211030297581216,1778211030304770553,-0.019645990691996573,0.22640573739223235,0.24433508812085059,0.02536812390325771,-0.06771190966659013,0.02193484397650103,0.4079880979629227,0.37594415197985676,-0.20618753337911144,0.12226291294727964,0.018120088502326936,-0.2836270695048455,-0.45071335927367073,0.028801403830014394
1778211030317731009,1778211030324808496,-0.019645990691996573,0.22640573739223235,0.24433508812085059,0.02536812390325771,-0.06771190966659013,0.02193484397650103,0.4079880979629227,0.37632562752727416,-0.20618753337911144,0.12226291294727964,0.018120088502326936,-0.2836270695048455,-0.45071335927367073,0.028419928282596985
1778211030338564008,1778211030344801682,-0.019645990691996573,0.22640573739223235,0.24433508812085059,0.02536812390325771,-0.06771190966659013,0.02193484397650103,0.4079880979629227,0.37632562752727416,-0.20618753337911144,0.12226291294727964,0.018120088502326936,-0.2843900205996803,-0.4503318837262533,0.028419928282596985
1778211030359638568,1778211030364712283,-0.020027466239413982,0.22640573739223235,0.24586099031052022,0.02536812390325771,-0.06771190966659013,0.02193484397650103,0.4079880979629227,0.37632562752727416,-0.20656900892652885,0.12226291294727964,0.018120088502326936,-0.2843900205996803,-0.45071335927367073,0.028419928282596985
1778211030380035570,1778211030384734964,-0.02040894178683139,0.22640573739223235,0.24814984359502468,0.02536812390325771,-0.06771190966659013,0.02193484397650103,0.4079880979629227,0.3767071030746916,-0.20656900892652885,0.12226291294727964,0.018120088502326936,-0.2843900205996803,-0.45109483482108814,0.028801403830014394
1778211030400748825,1778211030404743237,-0.02040894178683139,0.22640573739223235,0.24967574578469431,0.02536812390325771,-0.06771190966659013,0.02193484397650103,0.4079880979629227,0.3786144808117786,-0.20695048447394626,0.12226291294727964,0.018120088502326936,-0.2843900205996803,-0.4533836881055926,0.028419928282596985
1778211030421250902,1778211030424691057,-0.020027466239413982,0.22640573739223235,0.2500572213321117,0.02536812390325771,-0.06771190966659013,0.02193484397650103,0.4079880979629227,0.38014038300144826,-0.20771343556878108,0.12264438849469705,0.018120088502326936,-0.2843900205996803,-0.4568169680323493,0.028419928282596985
1778211030441365170,1778211030444865220,-0.020027466239413982,0.22640573739223235,0.2500572213321117,0.02536812390325771,-0.06771190966659013,0.02193484397650103,0.4079880979629227,0.3809033340962831,-0.20771343556878108,0.12378881513694928,0.018501564049744346,-0.2843900205996803,-0.4571984435797667,0.028801403830014394
1778211030461579607,1778211030464717440,-0.020027466239413982,0.22640573739223235,0.2500572213321117,0.024986648355840302,-0.06771190966659013,0.02193484397650103,0.4079880979629227,0.3820477607385353,-0.20771343556878108,0.12417029068436669,0.018120088502326936,-0.2843900205996803,-0.4571984435797667,0.029182879377431803
1778211030477432643,1778211030484825275,-0.020027466239413982,0.22640573739223235,0.25082017242694654,0.024986648355840302,-0.06771190966659013,0.02193484397650103,0.4079880979629227,0.3820477607385353,-0.2080949111161985,0.1245517662317841,0.018120088502326936,-0.2843900205996803,-0.4571984435797667,0.02994583047226662
1778211030502158266,1778211030504711260,-0.020027466239413982,0.22640573739223235,0.25158312352178136,0.024986648355840302,-0.06771190966659013,0.02193484397650103,0.4079880979629227,0.3820477607385353,-0.2080949111161985,0.12417029068436669,0.018120088502326936,-0.2843900205996803,-0.4571984435797667,0.03185320820935367
1778211030516973911,1778211030524896559,-0.020027466239413982,0.22678721293964976,0.25196459906919877,0.024605172808422893,-0.06771190966659013,0.02193484397650103,0.4079880979629227,0.3820477607385353,-0.2084763866636159,0.12417029068436669,0.018120088502326936,-0.2843900205996803,-0.4571984435797667,0.032997634851605895
1778211030539566506,1778211030544751863,-0.020027466239413982,0.22907606622415422,0.25196459906919877,0.023842221713588074,-0.06771190966659013,0.02193484397650103,0.4079880979629227,0.3820477607385353,-0.2084763866636159,0.12417029068436669,0.018120088502326936,-0.2843900205996803,-0.4571984435797667,0.03414206149385812
1778211030563791914,1778211030564672443,-0.020027466239413982,0.23060196841382385,0.25196459906919877,0.022316319523918438,-0.06771190966659013,0.02193484397650103,0.4083695735103401,0.3820477607385353,-0.2088578622110333,0.1245517662317841,0.018120088502326936,-0.2843900205996803,-0.4575799191271841,0.03604943923094517
1778211030581349023,1778211030584793261,-0.020027466239413982,0.23098344396124126,0.25196459906919877,0.022316319523918438,-0.06771190966659013,0.02193484397650103,0.4083695735103401,0.3820477607385353,-0.2088578622110333,0.1245517662317841,0.018120088502326936,-0.2843900205996803,-0.4575799191271841,0.03643091477836258
1778211030602869040,1778211030604715549,-0.02040894178683139,0.23098344396124126,0.25196459906919877,0.02193484397650103,-0.06771190966659013,0.02193484397650103,0.4079880979629227,0.3820477607385353,-0.20923933775845072,0.1245517662317841,0.018120088502326936,-0.2843900205996803,-0.4575799191271841,0.037193865873197396
1778211030622257104,1778211030624710834,-0.02040894178683139,0.23098344396124126,0.25196459906919877,0.02193484397650103,-0.06771190966659013,0.02193484397650103,0.4079880979629227,0.3820477607385353,-0.21000228885328553,0.1245517662317841,0.018120088502326936,-0.2843900205996803,-0.4575799191271841,0.037956816968032214
1778211030632728033,1778211030644901724,-0.02040894178683139,0.23098344396124126,0.25196459906919877,0.02193484397650103,-0.06771190966659013,0.02193484397650103,0.4083695735103401,0.3820477607385353,-0.21076523994812035,0.1245517662317841,0.018120088502326936,-0.2843900205996803,-0.4575799191271841,0.03871976806286703
1778211030656060033,1778211030664763950,-0.02040894178683139,0.23098344396124126,0.25196459906919877,0.02193484397650103,-0.06771190966659013,0.02193484397650103,0.4083695735103401,0.3820477607385353,-0.21229114213779,0.1245517662317841,0.018120088502326936,-0.2843900205996803,-0.4571984435797667,0.03986419470511926
1778211030677255645,1778211030684767231,-0.02040894178683139,0.23098344396124126,0.25196459906919877,0.02193484397650103,-0.06771190966659013,0.02193484397650103,0.4079880979629227,0.3820477607385353,-0.2126726176852074,0.1245517662317841,0.018120088502326936,-0.2843900205996803,-0.4568169680323493,0.04062714579995408
1778211030697251232,1778211030704710695,-0.020027466239413982,0.23098344396124126,0.25196459906919877,0.02193484397650103,-0.06771190966659013,0.02193484397650103,0.4079880979629227,0.3820477607385353,-0.2130540932326248,0.1245517662317841,0.018120088502326936,-0.28515297169451514,-0.45605401693751446,0.04062714579995408
1778211030718114820,1778211030724652744,-0.02040894178683139,0.23098344396124126,0.2527275501640336,0.02193484397650103,-0.06771190966659013,0.02193484397650103,0.4079880979629227,0.3824292362859527,-0.21343556878004222,0.1245517662317841,0.018120088502326936,-0.2862973983367674,-0.45529106584267964,0.04062714579995408
1778211030738467913,1778211030744866470,-0.0207904173342488,0.23098344396124126,0.253109025711451,0.02193484397650103,-0.06771190966659013,0.02193484397650103,0.4083695735103401,0.3828107118333701,-0.21381704432745963,0.1245517662317841,0.018120088502326936,-0.287823300526437,-0.4530022125581752,0.04062714579995408
1778211030759160452,1778211030764750201,-0.02117189288166621,0.23098344396124126,0.2538719768062858,0.02193484397650103,-0.06771190966659013,0.02193484397650103,0.4083695735103401,0.3828107118333701,-0.21610589761196408,0.1245517662317841,0.018120088502326936,-0.28973067826352406,-0.4530022125581752,0.04024567025253667
1778211030780482016,1778211030784785646,-0.02155336842908362,0.23098344396124126,0.2542534523537032,0.02155336842908362,-0.06771190966659013,0.02193484397650103,0.4079880979629227,0.3828107118333701,-0.21610589761196408,0.1245517662317841,0.018120088502326936,-0.29011215381094146,-0.4526207370107578,0.04024567025253667
1778211030801191466,1778211030804729353,-0.02193484397650103,0.23098344396124126,0.25463492790112063,0.02155336842908362,-0.06771190966659013,0.02193484397650103,0.4083695735103401,0.3828107118333701,-0.2164873731593815,0.1245517662317841,0.018501564049744346,-0.2908751049057763,-0.45147631036850555,0.04024567025253667
1778211030821197642,1778211030824675228,-0.022316319523918438,0.23098344396124126,0.25463492790112063,0.02155336842908362,-0.06771190966659013,0.02193484397650103,0.4083695735103401,0.3828107118333701,-0.2164873731593815,0.1245517662317841,0.018501564049744346,-0.2908751049057763,-0.4503318837262533,0.04024567025253667
1778211030842696025,1778211030844679262,-0.022316319523918438,0.23098344396124126,0.25463492790112063,0.02155336842908362,-0.06771190966659013,0.02193484397650103,0.4083695735103401,0.3828107118333701,-0.2164873731593815,0.1245517662317841,0.018120088502326936,-0.2908751049057763,-0.45185778591592296,0.03986419470511926
1778211030862351181,1778211030864684637,-0.022316319523918438,0.23098344396124126,0.25463492790112063,0.02155336842908362,-0.06771190966659013,0.02193484397650103,0.4083695735103401,0.3828107118333701,-0.2164873731593815,0.1245517662317841,0.018120088502326936,-0.2908751049057763,-0.4575799191271841,0.03986419470511926
1778211030882993941,1778211030884688881,-0.022316319523918438,0.23098344396124126,0.25463492790112063,0.02117189288166621,-0.06771190966659013,0.02193484397650103,0.4083695735103401,0.3828107118333701,-0.2164873731593815,0.1245517662317841,0.018120088502326936,-0.2908751049057763,-0.4652094300755323,0.03986419470511926
1778211030903411892,1778211030904673620,-0.022316319523918438,0.23098344396124126,0.25463492790112063,0.02117189288166621,-0.06771190966659013,0.02193484397650103,0.4083695735103401,0.3828107118333701,-0.21610589761196408,0.1245517662317841,0.018120088502326936,-0.2908751049057763,-0.4690241855497064,0.03986419470511926
1778211030924191487,1778211030924673248,-0.022697795071335847,0.23098344396124126,0.25539787899595545,0.02117189288166621,-0.06771190966659013,0.02193484397650103,0.4083695735103401,0.3828107118333701,-0.21610589761196408,0.1245517662317841,0.018120088502326936,-0.2908751049057763,-0.470550087739376,0.03986419470511926
1778211030934551274,1778211030944735516,-0.022697795071335847,0.23098344396124126,0.25539787899595545,0.02117189288166621,-0.06771190966659013,0.02193484397650103,0.4083695735103401,0.3828107118333701,-0.21610589761196408,0.1245517662317841,0.018120088502326936,-0.2908751049057763,-0.470550087739376,0.03986419470511926
1778211030955592884,1778211030964728531,-0.022697795071335847,0.23098344396124126,0.25539787899595545,0.02117189288166621,-0.06771190966659013,0.02193484397650103,0.4083695735103401,0.3828107118333701,-0.21610589761196408,0.1245517662317841,0.018120088502326936,-0.2908751049057763,-0.47207598992904565,0.03986419470511926
1778211030982683005,1778211030984692602,-0.022697795071335847,0.23098344396124126,0.25539787899595545,0.02117189288166621,-0.06771190966659013,0.02193484397650103,0.4083695735103401,0.38395513847562235,-0.21610589761196408,0.1245517662317841,0.018120088502326936,-0.2908751049057763,-0.47207598992904565,0.04062714579995408
1778211030995792146,1778211031004676300,-0.022697795071335847,0.23098344396124126,0.25577935454337286,0.02117189288166621,-0.06771190966659013,0.02193484397650103,0.4087510490577575,0.38471808957045717,-0.21610589761196408,0.12493324177920151,0.018120088502326936,-0.2908751049057763,-0.47245746547646306,0.0413900968947889
1778211031016196007,1778211031024777956,-0.022697795071335847,0.23098344396124126,0.2576867322804599,0.0207904173342488,-0.06771190966659013,0.02193484397650103,0.4083695735103401,0.3858625162127094,-0.21572442206454667,0.12493324177920151,0.018120088502326936,-0.2908751049057763,-0.4743648432135501,0.04596780346379781
1778211031036969366,1778211031044699829,-0.023079270618753256,0.23098344396124126,0.2611200122072166,0.0207904173342488,-0.06771190966659013,0.02193484397650103,0.4087510490577575,0.3858625162127094,-0.21534294651712926,0.12493324177920151,0.018501564049744346,-0.2908751049057763,-0.48123140306706347,0.05321583886472858
1778211031058248473,1778211031064764560,-0.024986648355840302,0.23098344396124126,0.2645532921339733,0.02040894178683139,-0.06771190966659013,0.02193484397650103,0.4087510490577575,0.3858625162127094,-0.21419851987487704,0.12493324177920151,0.018501564049744346,-0.2908751049057763,-0.4869535362783246,0.06313420309758122
1778211031078766487,1778211031084719871,-0.02574959945067512,0.23098344396124126,0.26722362096589514,0.019645990691996573,-0.06771190966659013,0.02193484397650103,0.4087510490577575,0.3862439917601268,-0.21038376440070294,0.12493324177920151,0.018501564049744346,-0.2908751049057763,-0.48924238956282906,0.07228961623559904
1778211031100525919,1778211031104804031,-0.02651255054550994,0.23098344396124126,0.2706569008926518,0.018883039597161755,-0.06771190966659013,0.02193484397650103,0.4087510490577575,0.3866254673075442,-0.20771343556878108,0.12493324177920151,0.018120088502326936,-0.2908751049057763,-0.4942015716792554,0.07801174944686018
1778211031120113538,1778211031124675393,-0.027656977187762166,0.23098344396124126,0.2706569008926518,0.018501564049744346,-0.06771190966659013,0.02193484397650103,0.4087510490577575,0.3866254673075442,-0.20733196002136367,0.12493324177920151,0.018120088502326936,-0.2908751049057763,-0.4942015716792554,0.08030060273136463
1778211031142742210,1778211031144677655,-0.028419928282596985,0.23098344396124126,0.27103837644006923,0.018501564049744346,-0.06771190966659013,0.02193484397650103,0.4087510490577575,0.3866254673075442,-0.20733196002136367,0.12493324177920151,0.017738612954909527,-0.2908751049057763,-0.4869535362783246,0.07953765163652982
1778211031155776773,1778211031164656710,-0.029182879377431803,0.23098344396124126,0.27103837644006923,0.018501564049744346,-0.06771190966659013,0.02193484397650103,0.4087510490577575,0.3866254673075442,-0.20771343556878108,0.12493324177920151,0.017738612954909527,-0.2908751049057763,-0.48466468299382015,0.07763027389944277
1778211031182349274,1778211031184731802,-0.03147173266193626,0.23060196841382385,0.27103837644006923,0.018501564049744346,-0.06771190966659013,0.02193484397650103,0.4087510490577575,0.3866254673075442,-0.2080949111161985,0.12493324177920151,0.017738612954909527,-0.2908751049057763,-0.4827573052567331,0.070382238498512
1778211031195829076,1778211031204765470,-0.032234683756771076,0.23060196841382385,0.27103837644006923,0.018501564049744346,-0.06771190966659013,0.02193484397650103,0.4087510490577575,0.3866254673075442,-0.2084763866636159,0.12493324177920151,0.017738612954909527,-0.2908751049057763,-0.4827573052567331,0.06733043411917272
1778211031216692411,1778211031224744159,-0.03376058594644071,0.23060196841382385,0.27103837644006923,0.018501564049744346,-0.06771190966659013,0.02193484397650103,0.4087510490577575,0.3866254673075442,-0.20923933775845072,0.12493324177920151,0.017738612954909527,-0.2908751049057763,-0.4827573052567331,0.061608300907911584
1778211031236913993,1778211031244701912,-0.03490501258869294,0.22945754177157163,0.27103837644006923,0.018120088502326936,-0.06771190966659013,0.02193484397650103,0.4091325246051749,0.3866254673075442,-0.20962081330586813,0.12493324177920151,0.018120088502326936,-0.2908751049057763,-0.4816128786144809,0.057030594338902674
1778211031256957560,1778211031264671360,-0.03643091477836258,0.22907606622415422,0.27103837644006923,0.018120088502326936,-0.06771190966659013,0.02193484397650103,0.4091325246051749,0.3866254673075442,-0.21000228885328553,0.12493324177920151,0.018120088502326936,-0.2908751049057763,-0.4823758297093157,0.0539787899595634
1778211031277958147,1778211031284711994,-0.037193865873197396,0.227931639581902,0.27103837644006923,0.018120088502326936,-0.06771190966659013,0.02193484397650103,0.4091325246051749,0.3866254673075442,-0.21152819104295517,0.12531471732661892,0.018501564049744346,-0.2908751049057763,-0.4823758297093157,0.051308461127641536
1778211031302942380,1778211031304623125,-0.037575341420614805,0.227931639581902,0.27103837644006923,0.018120088502326936,-0.06771190966659013,0.02193484397650103,0.4091325246051749,0.3866254673075442,-0.21229114213779,0.12493324177920151,0.018120088502326936,-0.2908751049057763,-0.4823758297093157,0.04901960784313708
1778211031324117357,1778211031324629653,-0.037193865873197396,0.227931639581902,0.27103837644006923,0.017738612954909527,-0.06771190966659013,0.02193484397650103,0.4098954757000097,0.38776989394979644,-0.21229114213779,0.12493324177920151,0.018120088502326936,-0.2908751049057763,-0.48123140306706347,0.04787518120088485
1778211031342472870,1778211031344687811,-0.037193865873197396,0.227931639581902,0.27103837644006923,0.017738612954909527,-0.06771190966659013,0.02193484397650103,0.4121843289845142,0.3892957961394661,-0.21229114213779,0.12531471732661892,0.018120088502326936,-0.2908751049057763,-0.478942549782559,0.04787518120088485
1778211031352708727,1778211031364681436,-0.03681239032577999,0.227931639581902,0.27141985198748664,0.017738612954909527,-0.06771190966659013,0.02193484397650103,0.4121843289845142,0.3904402227817183,-0.21229114213779,0.12569619287403633,0.018120088502326936,-0.2912565804531937,-0.4777981231403068,0.04787518120088485
1778211031375753375,1778211031384762916,-0.03681239032577999,0.227931639581902,0.27141985198748664,0.017738612954909527,-0.06733043411917272,0.02193484397650103,0.41180285343709677,0.39349202716106113,-0.21229114213779,0.12722209506370596,0.018120088502326936,-0.2920195315480285,-0.4732204165712979,0.04787518120088485
1778211031402175312,1778211031404709544,-0.03681239032577999,0.227931639581902,0.27256427862973887,0.017357137407492118,-0.06771190966659013,0.02193484397650103,0.4121843289845142,0.3965438315404004,-0.2126726176852074,0.12760357061112337,0.018120088502326936,-0.29430838483253297,-0.46711680781261933,0.04825665674830226
1778211031412913578,1778211031424737891,-0.03681239032577999,0.227931639581902,0.2733272297245737,0.017357137407492118,-0.06771190966659013,0.02193484397650103,0.4121843289845142,0.39768825818265263,-0.2130540932326248,0.12798504615854078,0.018120088502326936,-0.2954528114747852,-0.46444647898069746,0.04825665674830226
1778211031436102209,1778211031444720175,-0.037193865873197396,0.227931639581902,0.27599755855649555,0.017357137407492118,-0.06771190966659013,0.02193484397650103,0.4121843289845142,0.39883268482490486,-0.21343556878004222,0.12989242389562783,0.018120088502326936,-0.2965972381170374,-0.4629205767910278,0.04863813229571967
1778211031456559584,1778211031464754342,-0.03681239032577999,0.227931639581902,0.27599755855649555,0.0165941863126573,-0.06771190966659013,0.02193484397650103,0.41180285343709677,0.3995956359197397,-0.2164873731593815,0.12989242389562783,0.018120088502326936,-0.2965972381170374,-0.462157625696193,0.0497825589379719
1778211031477278939,1778211031484740071,-0.03681239032577999,0.227931639581902,0.27599755855649555,0.015068284122987663,-0.06733043411917272,0.02193484397650103,0.41180285343709677,0.3995956359197397,-0.21839475089646854,0.13027389944304524,0.018120088502326936,-0.2965972381170374,-0.4587243457694363,0.051689936675058945
1778211031497920608,1778211031504683484,-0.03681239032577999,0.227931639581902,0.27637903410391296,0.014686808575570254,-0.06733043411917272,0.02193484397650103,0.4121843289845142,0.3995956359197397,-0.22030212863355558,0.13027389944304524,0.018501564049744346,-0.2965972381170374,-0.4568169680323493,0.055886167696650446
1778211031518876895,1778211031524693922,-0.03681239032577999,0.2283131151293194,0.2771419851987478,0.014686808575570254,-0.06733043411917272,0.02193484397650103,0.41180285343709677,0.3995956359197397,-0.2210650797283904,0.13103685053788006,0.018501564049744346,-0.2965972381170374,-0.4571984435797667,0.060463874265659356
1778211031538635992,1778211031544617791,-0.03681239032577999,0.2283131151293194,0.2771419851987478,0.014686808575570254,-0.06733043411917272,0.02193484397650103,0.41180285343709677,0.3995956359197397,-0.22411688410772967,0.1325627527275497,0.018120088502326936,-0.2965972381170374,-0.45643549248493187,0.06504158083466827
1778211031564295045,1778211031564729594,-0.03681239032577999,0.2283131151293194,0.2771419851987478,0.014305333028152845,-0.06733043411917272,0.02193484397650103,0.4121843289845142,0.3995956359197397,-0.2256427862973993,0.1329442282749671,0.018120088502326936,-0.2965972381170374,-0.45185778591592296,0.0707637140459294
1778211031572567204,1778211031584747063,-0.037193865873197396,0.2283131151293194,0.2771419851987478,0.014305333028152845,-0.06733043411917272,0.02193484397650103,0.4121843289845142,0.3995956359197397,-0.22678721293965154,0.1333257038223845,0.018120088502326936,-0.2965972381170374,-0.44766155489433146,0.0707637140459294
1778211031595266747,1778211031604742191,-0.03833829251544962,0.2283131151293194,0.2771419851987478,0.014305333028152845,-0.06733043411917272,0.02193484397650103,0.4121843289845142,0.3995956359197397,-0.22793163958190377,0.13408865491721933,0.017738612954909527,-0.2965972381170374,-0.4373617151140614,0.07228961623559904
1778211031615748046,1778211031624750475,-0.03871976806286703,0.2283131151293194,0.2779049362935826,0.014305333028152845,-0.06733043411917272,0.02193484397650103,0.4121843289845142,0.3995956359197397,-0.22793163958190377,0.13561455710688897,0.017738612954909527,-0.2965972381170374,-0.43049515526054805,0.07305256733043386
1778211031637059410,1778211031644767613,-0.03871976806286703,0.2286945906767368,0.2779049362935826,0.013923857480735435,-0.06733043411917272,0.02193484397650103,0.4121843289845142,0.3999771114671571,-0.22793163958190377,0.13561455710688897,0.018120088502326936,-0.2965972381170374,-0.428587777523461,0.07343404287785127
1778211031662704046,1778211031664716158,-0.03871976806286703,0.23060196841382385,0.2779049362935826,0.013923857480735435,-0.06733043411917272,0.02193484397650103,0.4121843289845142,0.3995956359197397,-0.22831311512932118,0.13599603265430638,0.018120088502326936,-0.2965972381170374,-0.42629892423895654,0.07381551842526868
1778211031676090740,1778211031684694117,-0.03910124361028444,0.23136491950865867,0.2779049362935826,0.013923857480735435,-0.06733043411917272,0.022316319523918438,0.4121843289845142,0.3995956359197397,-0.22831311512932118,0.13637750820172378,0.018120088502326936,-0.2965972381170374,-0.42668039978637395,0.07381551842526868
1778211031696545073,1778211031704791532,-0.03871976806286703,0.2325093461509109,0.2779049362935826,0.013542381933318026,-0.06733043411917272,0.022316319523918438,0.4121843289845142,0.3995956359197397,-0.22831311512932118,0.13637750820172378,0.018120088502326936,-0.2965972381170374,-0.42706187533379136,0.07381551842526868
1778211031716692642,1778211031724769264,-0.03910124361028444,0.23403524834058054,0.2779049362935826,0.013542381933318026,-0.06733043411917272,0.02193484397650103,0.4121843289845142,0.3995956359197397,-0.22831311512932118,0.1371404592965586,0.018120088502326936,-0.2965972381170374,-0.42706187533379136,0.07419699397268609
1778211031737708113,1778211031744778353,-0.03910124361028444,0.23479819943541536,0.2779049362935826,0.013923857480735435,-0.06733043411917272,0.022316319523918438,0.4121843289845142,0.3995956359197397,-0.22831311512932118,0.1371404592965586,0.018120088502326936,-0.2965972381170374,-0.4274433508812088,0.0749599450675209
1778211031762251557,1778211031764674011,-0.03910124361028444,0.23479819943541536,0.2779049362935826,0.013923857480735435,-0.06733043411917272,0.022316319523918438,0.4121843289845142,0.3995956359197397,-0.22869459067673858,0.1367589837491412,0.018120088502326936,-0.2965972381170374,-0.4274433508812088,0.07648584725719054
1778211031783868689,1778211031784682735,-0.03910124361028444,0.23479819943541536,0.2790493629358348,0.013923857480735435,-0.06733043411917272,0.02193484397650103,0.4121843289845142,0.3995956359197397,-0.2298390173189908,0.1367589837491412,0.018120088502326936,-0.2965972381170374,-0.4274433508812088,0.07801174944686018
1778211031802222364,1778211031804684571,-0.03948271915770185,0.23517967498283276,0.28095674067292187,0.013923857480735435,-0.06733043411917272,0.02193484397650103,0.4121843289845142,0.3995956359197397,-0.23022049286640822,0.1367589837491412,0.018120088502326936,-0.2965972381170374,-0.4240100709544521,0.07839322499427759
1778211031812540432,1778211031824853570,-0.04024567025253667,0.23556115053025017,0.2813382162203393,0.013542381933318026,-0.06733043411917272,0.02193484397650103,0.4121843289845142,0.3995956359197397,-0.23060196841382563,0.1367589837491412,0.018120088502326936,-0.2965972381170374,-0.41828793774319095,0.078774700541695
1778211031843362652,1778211031844700176,-0.041771572442206306,0.2370870527199198,0.2817196917677567,0.013542381933318026,-0.06733043411917272,0.02193484397650103,0.4121843289845142,0.3995956359197397,-0.23098344396124304,0.1367589837491412,0.017738612954909527,-0.2965972381170374,-0.39806973373006826,0.078774700541695
1778211031856164359,1778211031864689606,-0.042153047989623715,0.23785000381475463,0.2817196917677567,0.013923857480735435,-0.06733043411917272,0.02193484397650103,0.4121843289845142,0.3995956359197397,-0.23098344396124304,0.1367589837491412,0.018120088502326936,-0.2965972381170374,-0.3915846494239723,0.07839322499427759
1778211031882693388,1778211031884699104,-0.042153047989623715,0.23937590600442427,0.2817196917677567,0.013923857480735435,-0.06694895857175531,0.02193484397650103,0.4125658045319316,0.3995956359197397,-0.23174639505607786,0.1367589837491412,0.018120088502326936,-0.2965972381170374,-0.3778515297169456,0.07839322499427759
1778211031892839740,1778211031904757310,-0.042153047989623715,0.23937590600442427,0.2817196917677567,0.013542381933318026,-0.06694895857175531,0.02193484397650103,0.4125658045319316,0.3995956359197397,-0.23174639505607786,0.1367589837491412,0.018120088502326936,-0.2965972381170374,-0.3740367742427715,0.07839322499427759
1778211031916323547,1778211031924674458,-0.042153047989623715,0.23937590600442427,0.28400854505226114,0.013542381933318026,-0.06580453192950309,0.02193484397650103,0.4125658045319316,0.3995956359197397,-0.23212787060349527,0.1367589837491412,0.018120088502326936,-0.2965972381170374,-0.3736552986953541,0.0791561760891124
1778211031936139678,1778211031944678514,-0.042534523537041125,0.23937590600442427,0.2870603494316004,0.013160906385900617,-0.06351567864499863,0.02193484397650103,0.4125658045319316,0.3995956359197397,-0.2336537727931649,0.1367589837491412,0.018120088502326936,-0.2965972381170374,-0.3740367742427715,0.08144502937361686
1778211031956764009,1778211031964695820,-0.04367895017929335,0.23937590600442427,0.2912565804531919,0.012779430838483208,-0.06313420309758122,0.02193484397650103,0.412947280079349,0.3995956359197397,-0.2340352483405823,0.1367589837491412,0.018120088502326936,-0.2965972381170374,-0.37747005416952817,0.0829709315632865
1778211031977416751,1778211031984730170,-0.04482337682154558,0.23937590600442427,0.29621576256961824,0.010872053101396162,-0.06198977645532899,0.02193484397650103,0.41447318226901864,0.3995956359197397,-0.2340352483405823,0.1367589837491412,0.017738612954909527,-0.2965972381170374,-0.38433661402304153,0.08640421149004318
1778211031998459692,1778211032004790029,-0.04596780346379781,0.23937590600442427,0.30079346913862715,0.009727626459143934,-0.060463874265659356,0.02193484397650103,0.4159990844586883,0.3995956359197397,-0.2336537727931649,0.1367589837491412,0.018120088502326936,-0.2965972381170374,-0.39005874723430267,0.09021896696421727
1778211032018936810,1778211032024679601,-0.047493705653467444,0.23937590600442427,0.30460822461280124,0.009346150911726525,-0.06008239871824195,0.02193484397650103,0.41561760891127086,0.3995956359197397,-0.2336537727931649,0.1367589837491412,0.018120088502326936,-0.2965972381170374,-0.3995956359197379,0.09441519798580877
1778211032039292987,1778211032044687366,-0.04825665674830226,0.23937590600442427,0.30994888227664497,0.008964675364309116,-0.06008239871824195,0.022316319523918438,0.4159990844586883,0.3995956359197397,-0.2336537727931649,0.1367589837491412,0.018120088502326936,-0.2965972381170374,-0.41447318226901686,0.10090028229190473
1778211032059974809,1778211032064698057,-0.0497825589379719,0.23937590600442427,0.3122377355611494,0.007820248722056888,-0.06008239871824195,0.02193484397650103,0.4159990844586883,0.3995956359197397,-0.2336537727931649,0.1367589837491412,0.018120088502326936,-0.2965972381170374,-0.4289692530708784,0.10852979324025291
1778211032081049744,1778211032084747350,-0.05092698558022413,0.23937590600442427,0.3194857709620802,0.007438773174639479,-0.06008239871824195,0.02193484397650103,0.4163805600061057,0.3995956359197397,-0.2332722972457475,0.1367589837491412,0.018120088502326936,-0.2965972381170374,-0.45376516365301,0.1203555352101926
1778211032102602824,1778211032104698794,-0.05321583886472858,0.23937590600442427,0.32558937972075874,0.007438773174639479,-0.06008239871824195,0.02193484397650103,0.4175249866483579,0.3995956359197397,-0.23060196841382563,0.1367589837491412,0.018501564049744346,-0.2965972381170374,-0.48466468299382015,0.1333257038223845
1778211032116172585,1778211032124715646,-0.0539787899595634,0.23937590600442427,0.328641184100098,0.007438773174639479,-0.06008239871824195,0.02193484397650103,0.4179064621957753,0.3995956359197397,-0.229076066224156,0.1367589837491412,0.018120088502326936,-0.2965972381170374,-0.5010681315327687,0.13904783703364565
1778211032136767601,1778211032144687669,-0.057030594338902674,0.23937590600442427,0.33093003738460247,0.00705729762722207,-0.06008239871824195,0.02193484397650103,0.4201953154802798,0.3995956359197397,-0.22602426184481672,0.1367589837491412,0.017738612954909527,-0.2965972381170374,-0.5018310826276036,0.14629587243457642
1778211032156741277,1778211032164679486,-0.06008239871824195,0.23937590600442427,0.3320744640268547,0.00705729762722207,-0.05970092317082454,0.02193484397650103,0.41981383993286236,0.3995956359197397,-0.22297245746547745,0.13637750820172378,0.017357137407492118,-0.2965972381170374,-0.49382009613183797,0.1497291523613331
1778211032177970218,1778211032184705507,-0.0623712520027464,0.23937590600442427,0.3332188906691069,0.00705729762722207,-0.05931944762340713,0.02193484397650103,0.41981383993286236,0.3995956359197397,-0.22297245746547745,0.1367589837491412,0.01697566186007471,-0.2965972381170374,-0.48428320744640274,0.15163653009842015
1778211032202525122,1778211032204701936,-0.06580453192950309,0.2405203326466765,0.33360036621652434,0.007438773174639479,-0.05931944762340713,0.02193484397650103,0.4201953154802798,0.3995956359197397,-0.22335393301289486,0.13637750820172378,0.01697566186007471,-0.2965972381170374,-0.47589074540321974,0.1531624322880898
1778211032223507271,1778211032224697786,-0.06733043411917272,0.24280918593118095,0.3355077439536114,0.00705729762722207,-0.05931944762340713,0.02193484397650103,0.4201953154802798,0.3995956359197397,-0.22297245746547745,0.13637750820172378,0.01621271076523989,-0.2965972381170374,-0.47627222095063715,0.1539253833829246
1778211032242166906,1778211032244674326,-0.06771190966659013,0.2454795147631028,0.3366521705958636,0.00705729762722207,-0.05893797207598972,0.02193484397650103,0.4201953154802798,0.3995956359197397,-0.22335393301289486,0.13637750820172378,0.01621271076523989,-0.2965972381170374,-0.47627222095063715,0.15697718776226388
1778211032254907240,1778211032264716784,-0.06847486076142495,0.24738689250018986,0.3366521705958636,0.007438773174639479,-0.057030594338902674,0.02193484397650103,0.4201953154802798,0.3995956359197397,-0.22335393301289486,0.13637750820172378,0.01621271076523989,-0.2965972381170374,-0.47627222095063715,0.1581216144045161
1778211032275887498,1778211032284771166,-0.07000076295109459,0.2500572213321117,0.3374151216906984,0.007438773174639479,-0.05550469214923304,0.02193484397650103,0.4205767910276972,0.3995956359197397,-0.22335393301289486,0.13637750820172378,0.0165941863126573,-0.2965972381170374,-0.4739833676661327,0.16079194323643797
1778211032302430129,1778211032304688272,-0.070382238498512,0.2527275501640336,0.33779659723811584,0.007438773174639479,-0.05283436331731117,0.02193484397650103,0.4205767910276972,0.3995956359197397,-0.22335393301289486,0.13637750820172378,0.0165941863126573,-0.2965972381170374,-0.462157625696193,0.16117341878385538
1778211032316605212,1778211032324769928,-0.0707637140459294,0.2534905012588684,0.33779659723811584,0.007438773174639479,-0.05245288776989376,0.02193484397650103,0.4205767910276972,0.3995956359197397,-0.22335393301289486,0.13637750820172378,0.01621271076523989,-0.2965972381170374,-0.45605401693751446,0.16117341878385538
1778211032336358005,1778211032344734057,-0.07152666514076422,0.25463492790112063,0.33779659723811584,0.007438773174639479,-0.05245288776989376,0.02193484397650103,0.4209582665751146,0.3995956359197397,-0.22335393301289486,0.13637750820172378,0.0165941863126573,-0.2965972381170374,-0.45185778591592296,0.16117341878385538
1778211032356831758,1778211032364701647,-0.07152666514076422,0.25539787899595545,0.33779659723811584,0.007438773174639479,-0.05245288776989376,0.02193484397650103,0.4209582665751146,0.3995956359197397,-0.22335393301289486,0.13637750820172378,0.0165941863126573,-0.2965972381170374,-0.4446097505149922,0.16117341878385538
1778211032377966203,1778211032384766245,-0.07152666514076422,0.25539787899595545,0.33779659723811584,0.007438773174639479,-0.05245288776989376,0.022316319523918438,0.4209582665751146,0.3999771114671571,-0.22335393301289486,0.13637750820172378,0.0165941863126573,-0.2965972381170374,-0.4293507286182958,0.16079194323643797
1778211032397742572,1778211032404672355,-0.07190814068818163,0.25539787899595545,0.3374151216906984,0.007438773174639479,-0.052071412222476354,0.02193484397650103,0.4209582665751146,0.4015030136568267,-0.22335393301289486,0.13637750820172378,0.0165941863126573,-0.2965972381170374,-0.41409170672159945,0.16079194323643797
1778211032418570496,1778211032424722851,-0.07190814068818163,0.25539787899595545,0.3362706950484462,0.007820248722056888,-0.052071412222476354,0.02193484397650103,0.4217212176699494,0.404554818036166,-0.22373540856031227,0.1367589837491412,0.0165941863126573,-0.2965972381170374,-0.3988326848249031,0.16079194323643797
1778211032443797841,1778211032444680985,-0.07152666514076422,0.25539787899595545,0.3316929884794373,0.007820248722056888,-0.05245288776989376,0.022316319523918438,0.42324711985961905,0.4079880979629227,-0.22373540856031227,0.13790341039139342,0.01697566186007471,-0.29697871366445483,-0.37708857862211076,0.16079194323643797
1778211032462659538,1778211032464683937,-0.07152666514076422,0.25539787899595545,0.3274967574578458,0.008201724269474298,-0.052071412222476354,0.022316319523918438,0.42286564431220164,0.41027695124742714,-0.22411688410772967,0.13828488593881083,0.01697566186007471,-0.29774166475928965,-0.3622110322728318,0.16041046768902056
1778211032474777867,1778211032484758905,-0.0707637140459294,0.25539787899595545,0.3248264286259239,0.008201724269474298,-0.052071412222476354,0.022697795071335847,0.42324711985961905,0.41142137788967936,-0.22411688410772967,0.13828488593881083,0.01697566186007471,-0.29850461585412447,-0.3583962767986577,0.16041046768902056
1778211032502517167,1778211032504710339,-0.06961928740367718,0.25577935454337286,0.320248722056915,0.008583199816891707,-0.052071412222476354,0.023079270618753256,0.42324711985961905,0.41523613336385345,-0.2294575417715734,0.13828488593881083,0.01697566186007471,-0.3007934691386289,-0.3461890592813006,0.16002899214160315
1778211032516362811,1778211032524703502,-0.06961928740367718,0.25616083009079027,0.31795986877241056,0.008964675364309116,-0.052071412222476354,0.024986648355840302,0.42286564431220164,0.4171435111009405,-0.23174639505607786,0.13828488593881083,0.01697566186007471,-0.30193789578088115,-0.3290226596475172,0.16002899214160315
1778211032537210603,1778211032544673951,-0.070382238498512,0.2573052567330425,0.3152895399404887,0.008964675364309116,-0.052071412222476354,0.024986648355840302,0.42324711985961905,0.4201953154802798,-0.23174639505607786,0.13828488593881083,0.0165941863126573,-0.3030823224231334,-0.31376363775082083,0.16002899214160315
1778211032557837475,1778211032564806166,-0.070382238498512,0.25997558556496436,0.31414511329823647,0.009727626459143934,-0.051689936675058945,0.02574959945067512,0.42362859540703646,0.4209582665751146,-0.2340352483405823,0.13828488593881083,0.0165941863126573,-0.3042267490653856,-0.30689707789730747,0.16117341878385538
1778211032578207736,1778211032584754322,-0.070382238498512,0.26340886549172104,0.31300068665598424,0.010109102006561344,-0.051689936675058945,0.026894026092927348,0.42324711985961905,0.4217212176699494,-0.23594262607766936,0.13828488593881083,0.01697566186007471,-0.3049897001602204,-0.30155642023346374,0.16422522316319466
1778211032598613502,1778211032604780949,-0.0707637140459294,0.2664606698710603,0.31300068665598424,0.010490577553978753,-0.051689936675058945,0.027656977187762166,0.42362859540703646,0.42324711985961905,-0.23632410162508677,0.13790341039139342,0.01697566186007471,-0.30651560234989006,-0.2965972381170374,0.16842145418478616
1778211032619487795,1778211032624740896,-0.0707637140459294,0.2695124742503996,0.31300068665598424,0.010490577553978753,-0.052071412222476354,0.029182879377431803,0.4243915465018713,0.4247730220492887,-0.23594262607766936,0.13828488593881083,0.01697566186007471,-0.30689707789730747,-0.29850461585412447,0.17147325856412543
1778211032639542068,1778211032644699474,-0.0707637140459294,0.27103837644006923,0.31300068665598424,0.010490577553978753,-0.052071412222476354,0.03032730601968403,0.4243915465018713,0.4255359731441235,-0.23594262607766936,0.13828488593881083,0.01697566186007471,-0.30689707789730747,-0.30117494468604633,0.1741435873960473
1778211032659984726,1778211032664767761,-0.0707637140459294,0.27218280308232146,0.31338216220340165,0.010490577553978753,-0.051689936675058945,0.03185320820935367,0.4255359731441235,0.4255359731441235,-0.23594262607766936,0.13828488593881083,0.01697566186007471,-0.30689707789730747,-0.3030823224231334,0.17681391622796916
1778211032672687340,1778211032684769235,-0.0707637140459294,0.2729457541771563,0.31376363775081906,0.010490577553978753,-0.051689936675058945,0.032616159304188486,0.42782482642862796,0.4255359731441235,-0.23556115053025195,0.13828488593881083,0.01697566186007471,-0.30689707789730747,-0.304608224612803,0.18062867170214325
1778211032695853752,1778211032704837126,-0.07190814068818163,0.2729457541771563,0.3152895399404887,0.010490577553978753,-0.051689936675058945,0.032997634851605895,0.42820630197604537,0.4259174486915409,-0.23556115053025195,0.13828488593881083,0.01697566186007471,-0.30689707789730747,-0.31109330891889897,0.18596932936598698
1778211032717006334,1778211032724708022,-0.07228961623559904,0.2729457541771563,0.3164339665827409,0.010490577553978753,-0.051689936675058945,0.033379110399023304,0.42782482642862796,0.4259174486915409,-0.23479819943541713,0.13828488593881083,0.01697566186007471,-0.30689707789730747,-0.3164339665827427,0.19283588921950034
1778211032737119770,1778211032744704151,-0.07267109178301645,0.2729457541771563,0.31719691767757574,0.010490577553978753,-0.051689936675058945,0.03376058594644071,0.4285877775234628,0.4259174486915409,-0.23479819943541713,0.13828488593881083,0.01697566186007471,-0.30651560234989006,-0.321393148699169,0.1997024490730137
1778211032757880572,1778211032764713843,-0.07305256733043386,0.2729457541771563,0.31681544213015833,0.010490577553978753,-0.051689936675058945,0.03490501258869294,0.4293507286182976,0.4259174486915409,-0.23441672388799972,0.13828488593881083,0.01697566186007471,-0.30689707789730747,-0.32253757534142125,0.20580605783169226
1778211032779081315,1778211032784703727,-0.07343404287785127,0.2729457541771563,0.31719691767757574,0.010490577553978753,-0.051689936675058945,0.03528648813611035,0.4301136797131324,0.4259174486915409,-0.2336537727931649,0.13828488593881083,0.0165941863126573,-0.30689707789730747,-0.3236820019836735,0.20962081330586635
1778211032799824040,1778211032804724050,-0.07534142061493831,0.2729457541771563,0.31757839322499315,0.010490577553978753,-0.051689936675058945,0.03528648813611035,0.4304951552605498,0.4259174486915409,-0.23212787060349527,0.13828488593881083,0.0165941863126573,-0.30651560234989006,-0.3286411841000998,0.2119096665903708
1778211032820291613,1778211032824732096,-0.07610437170977313,0.2729457541771563,0.32101167315174983,0.010109102006561344,-0.051689936675058945,0.03528648813611035,0.4304951552605498,0.4259174486915409,-0.23022049286640822,0.13828488593881083,0.0165941863126573,-0.30651560234989006,-0.3377965972381176,0.2153429465171275
1778211032841072235,1778211032844704709,-0.07839322499427759,0.2729457541771563,0.3240634775310891,0.010109102006561344,-0.051308461127641536,0.03528648813611035,0.4304951552605498,0.4259174486915409,-0.2298390173189908,0.13828488593881083,0.0165941863126573,-0.30651560234989006,-0.34771496147097025,0.22106507972838862
1778211032862010776,1778211032864677150,-0.078774700541695,0.2729457541771563,0.32673380636301097,0.010109102006561344,-0.05054551003280672,0.03528648813611035,0.4304951552605498,0.4262989242389583,-0.2298390173189908,0.13866636148622824,0.01697566186007471,-0.30651560234989006,-0.35152971694514434,0.22640573739223235
1778211032881778645,1778211032884781344,-0.08106355382619945,0.2729457541771563,0.3271152819104284,0.010109102006561344,-0.04825665674830226,0.03528648813611035,0.43087663080796723,0.42706187533379314,-0.2298390173189908,0.13866636148622824,0.01697566186007471,-0.30651560234989006,-0.35114824139772693,0.22983901731898904
1778211032892744414,1778211032904769111,-0.08106355382619945,0.2729457541771563,0.3274967574578458,0.010109102006561344,-0.047112230106050035,0.03528648813611035,0.4304951552605498,0.42744335088121055,-0.2294575417715734,0.13866636148622824,0.01697566186007471,-0.30651560234989006,-0.35114824139772693,0.23174639505607608
1778211032923314273,1778211032924674455,-0.08106355382619945,0.2729457541771563,0.3274967574578458,0.010109102006561344,-0.04444190127412817,0.03528648813611035,0.4304951552605498,0.42782482642862796,-0.22755016403448636,0.13866636148622824,0.01697566186007471,-0.30651560234989006,-0.3534370946822314,0.23441672388799795
1778211032933106992,1778211032944739949,-0.08106355382619945,0.2729457541771563,0.3274967574578458,0.010109102006561344,-0.04406042572671076,0.03528648813611035,0.43087663080796723,0.42782482642862796,-0.22755016403448636,0.13866636148622824,0.01697566186007471,-0.30651560234989006,-0.3545815213244836,0.23517967498283276
1778211032962549868,1778211032964712340,-0.08144502937361686,0.2729457541771563,0.3274967574578458,0.010109102006561344,-0.04329747463187594,0.03528648813611035,0.4304951552605498,0.4285877775234628,-0.22716868848706895,0.13866636148622824,0.0165941863126573,-0.30651560234989006,-0.354962996871901,0.23594262607766758
1778211032972169320,1778211032984753534,-0.08106355382619945,0.2729457541771563,0.3274967574578458,0.010109102006561344,-0.042534523537041125,0.03528648813611035,0.4304951552605498,0.4285877775234628,-0.22755016403448636,0.13866636148622824,0.0165941863126573,-0.30651560234989006,-0.354962996871901,0.23594262607766758
1778211033002851768,1778211033004673846,-0.08106355382619945,0.2729457541771563,0.3274967574578458,0.009727626459143934,-0.04100862134737149,0.03528648813611035,0.4304951552605498,0.4285877775234628,-0.22755016403448636,0.13866636148622824,0.0165941863126573,-0.30651560234989006,-0.354962996871901,0.23517967498283276
1778211033023864578,1778211033024703638,-0.08106355382619945,0.2729457541771563,0.3274967574578458,0.009727626459143934,-0.04100862134737149,0.03528648813611035,0.43087663080796723,0.4285877775234628,-0.22755016403448636,0.13866636148622824,0.0165941863126573,-0.30651560234989006,-0.3576333257038229,0.23365377279316313
1778211033042483697,1778211033044678991,-0.08068207827878204,0.2729457541771563,0.3274967574578458,0.009346150911726525,-0.04100862134737149,0.03528648813611035,0.43087663080796723,0.4285877775234628,-0.22831311512932118,0.13866636148622824,0.0165941863126573,-0.30651560234989006,-0.3667887388418407,0.23098344396124126
1778211033055248640,1778211033064689418,-0.08030060273136463,0.2729457541771563,0.3274967574578458,0.008583199816891707,-0.04100862134737149,0.03528648813611035,0.4304951552605498,0.4285877775234628,-0.2298390173189908,0.13866636148622824,0.0165941863126573,-0.30651560234989006,-0.37594415197985853,0.23022049286640645
1778211033075403286,1778211033084761354,-0.08030060273136463,0.2729457541771563,0.33016708628976765,0.008201724269474298,-0.04062714579995408,0.03528648813611035,0.43087663080796723,0.4285877775234628,-0.23212787060349527,0.13866636148622824,0.0165941863126573,-0.30651560234989006,-0.39387350270847676,0.23022049286640645
1778211033102630590,1778211033104668121,-0.08068207827878204,0.2729457541771563,0.33398184176394174,0.007438773174639479,-0.04062714579995408,0.03528648813611035,0.43087663080796723,0.4285877775234628,-0.23670557717250418,0.13866636148622824,0.01697566186007471,-0.30651560234989006,-0.41027695124742536,0.23403524834058054
1778211033112841559,1778211033124824644,-0.08106355382619945,0.2729457541771563,0.33398184176394174,0.007438773174639479,-0.04024567025253667,0.03528648813611035,0.43087663080796723,0.4285877775234628,-0.23823147936217381,0.13866636148622824,0.01697566186007471,-0.30651560234989006,-0.4114213778896776,0.23594262607766758
1778211033136263424,1778211033144746740,-0.08144502937361686,0.2729457541771563,0.33398184176394174,0.007438773174639479,-0.03986419470511926,0.03528648813611035,0.4304951552605498,0.4285877775234628,-0.23899443045700863,0.13866636148622824,0.01697566186007471,-0.30651560234989006,-0.4110399023422602,0.23785000381475463
1778211033156718382,1778211033164724611,-0.08220798046845168,0.2729457541771563,0.33398184176394174,0.007438773174639479,-0.037193865873197396,0.03528648813611035,0.4304951552605498,0.4285877775234628,-0.23899443045700863,0.13866636148622824,0.01697566186007471,-0.30651560234989006,-0.41332875562676463,0.23937590600442427
1778211033177030429,1778211033184728935,-0.08335240711070391,0.2729457541771563,0.33398184176394174,0.007438773174639479,-0.037193865873197396,0.03528648813611035,0.4304951552605498,0.4285877775234628,-0.23937590600442604,0.13866636148622824,0.01697566186007471,-0.30651560234989006,-0.4163805600061039,0.2405203326466765
1778211033198166067,1778211033204673109,-0.08335240711070391,0.2729457541771563,0.33398184176394174,0.007438773174639479,-0.037193865873197396,0.03528648813611035,0.4304951552605498,0.4285877775234628,-0.24052033264667827,0.13828488593881083,0.0165941863126573,-0.30651560234989006,-0.4205767910276954,0.24319066147859836
1778211033218241633,1778211033224749560,-0.08335240711070391,0.2729457541771563,0.33436331731135915,0.007438773174639479,-0.037193865873197396,0.03528648813611035,0.4304951552605498,0.4285877775234628,-0.24509803921568718,0.13866636148622824,0.0165941863126573,-0.30651560234989006,-0.42324711985961727,0.24395361257343318
1778211033238989463,1778211033244682329,-0.08335240711070391,0.2729457541771563,0.3358892195010288,0.007438773174639479,-0.03681239032577999,0.03528648813611035,0.4304951552605498,0.4285877775234628,-0.25196459906920055,0.13866636148622824,0.0165941863126573,-0.30651560234989006,-0.42324711985961727,0.24395361257343318
1778211033259463984,1778211033264725616,-0.08373388265812132,0.2729457541771563,0.33779659723811584,0.007438773174639479,-0.03681239032577999,0.03528648813611035,0.4304951552605498,0.4285877775234628,-0.2576867322804617,0.13866636148622824,0.0165941863126573,-0.30651560234989006,-0.42324711985961727,0.24395361257343318
1778211033272302868,1778211033284754569,-0.08373388265812132,0.2729457541771563,0.3397039749752029,0.007438773174639479,-0.03681239032577999,0.03528648813611035,0.4304951552605498,0.4285877775234628,-0.2618829633020532,0.13866636148622824,0.0165941863126573,-0.30651560234989006,-0.42286564431219986,0.24357213702601577
1778211033296216917,1778211033304672690,-0.08373388265812132,0.2729457541771563,0.34199282825970734,0.007438773174639479,-0.03681239032577999,0.03528648813611035,0.4304951552605498,0.4285877775234628,-0.2630273899443054,0.13866636148622824,0.01697566186007471,-0.30651560234989006,-0.42210269321736504,0.24319066147859836
1778211033316835972,1778211033325039237,-0.08373388265812132,0.2729457541771563,0.343518730449377,0.007438773174639479,-0.03681239032577999,0.03528648813611035,0.4304951552605498,0.4285877775234628,-0.26531624322880987,0.13866636148622824,0.01697566186007471,-0.30651560234989006,-0.4194323643854432,0.24280918593118095
1778211033336782058,1778211033344660713,-0.08373388265812132,0.2729457541771563,0.3446631570916292,0.00705729762722207,-0.037193865873197396,0.03528648813611035,0.4304951552605498,0.4285877775234628,-0.26493476768139246,0.13866636148622824,0.01697566186007471,-0.30651560234989006,-0.4198138399328606,0.24204623483634613
1778211033358013947,1778211033364691818,-0.08373388265812132,0.2729457541771563,0.34657053482871625,0.00705729762722207,-0.03681239032577999,0.03528648813611035,0.4304951552605498,0.4285877775234628,-0.26455329213397505,0.13866636148622824,0.01697566186007471,-0.30651560234989006,-0.42668039978637395,0.2412832837415113
1778211033383220189,1778211033384682735,-0.0829709315632865,0.2729457541771563,0.3488593881132207,0.00705729762722207,-0.03681239032577999,0.03528648813611035,0.4304951552605498,0.4285877775234628,-0.26379034103914023,0.13866636148622824,0.0165941863126573,-0.30651560234989006,-0.43888761730373105,0.2409018081940939
1778211033396594364,1778211033404704188,-0.08258945601586909,0.2729457541771563,0.3488593881132207,0.00705729762722207,-0.03681239032577999,0.03528648813611035,0.4304951552605498,0.4285877775234628,-0.26379034103914023,0.13866636148622824,0.01697566186007471,-0.30651560234989006,-0.44270237277790514,0.2409018081940939
1778211033417835891,1778211033424725525,-0.0829709315632865,0.2729457541771563,0.3488593881132207,0.00705729762722207,-0.037193865873197396,0.03528648813611035,0.4304951552605498,0.4285877775234628,-0.2630273899443054,0.13866636148622824,0.01697566186007471,-0.30651560234989006,-0.44308384832532255,0.2412832837415113
1778211033437831627,1778211033444687896,-0.08335240711070391,0.2729457541771563,0.3488593881132207,0.00705729762722207,-0.03681239032577999,0.03528648813611035,0.4304951552605498,0.4285877775234628,-0.2618829633020532,0.13866636148622824,0.0165941863126573,-0.30651560234989006,-0.43965056839856587,0.2412832837415113
1778211033458590860,1778211033464758007,-0.08373388265812132,0.2729457541771563,0.3484779125658033,0.00705729762722207,-0.03681239032577999,0.03528648813611035,0.4304951552605498,0.4285877775234628,-0.2622644388494706,0.13866636148622824,0.0165941863126573,-0.30651560234989006,-0.4324025329976351,0.2412832837415113
1778211033479169349,1778211033484777311,-0.08449683375295614,0.2729457541771563,0.3484779125658033,0.00705729762722207,-0.03681239032577999,0.03528648813611035,0.4304951552605498,0.4285877775234628,-0.2622644388494706,0.13866636148622824,0.0165941863126573,-0.30651560234989006,-0.42324711985961727,0.2412832837415113
1778211033500679265,1778211033504747421,-0.08602273594262577,0.2729457541771563,0.3484779125658033,0.00705729762722207,-0.037193865873197396,0.03528648813611035,0.4304951552605498,0.4285877775234628,-0.2622644388494706,0.13866636148622824,0.0165941863126573,-0.30651560234989006,-0.4194323643854432,0.2412832837415113
1778211033521222306,1778211033524686438,-0.08602273594262577,0.2729457541771563,0.3484779125658033,0.00705729762722207,-0.03681239032577999,0.03528648813611035,0.4304951552605498,0.4285877775234628,-0.2622644388494706,0.13866636148622824,0.0165941863126573,-0.30651560234989006,-0.4194323643854432,0.2412832837415113
1778211033542188412,1778211033544711412,-0.08602273594262577,0.2729457541771563,0.3484779125658033,0.00705729762722207,-0.03681239032577999,0.03528648813611035,0.4304951552605498,0.4285877775234628,-0.262645914396888,0.13866636148622824,0.0165941863126573,-0.30651560234989006,-0.4194323643854432,0.24166475928892872
1778211033561309169,1778211033565431403,-0.08602273594262577,0.2729457541771563,0.3484779125658033,0.00705729762722207,-0.03681239032577999,0.03528648813611035,0.43087663080796723,0.4285877775234628,-0.262645914396888,0.13866636148622824,0.01697566186007471,-0.30651560234989006,-0.4194323643854432,0.24166475928892872
1778211033583356181,1778211033586403120,-0.08602273594262577,0.2729457541771563,0.3484779125658033,0.00705729762722207,-0.03681239032577999,0.03528648813611035,0.4304951552605498,0.4285877775234628,-0.2630273899443054,0.13866636148622824,0.0165941863126573,-0.30651560234989006,-0.4194323643854432,0.24204623483634613
1778211033603247701,1778211033606039175,-0.08564126039520836,0.2729457541771563,0.3484779125658033,0.00705729762722207,-0.037193865873197396,0.03528648813611035,0.4304951552605498,0.4285877775234628,-0.262645914396888,0.13866636148622824,0.0165941863126573,-0.30651560234989006,-0.41905088883802577,0.24204623483634613
1778211033622963492,1778211033624696561,-0.08564126039520836,0.2729457541771563,0.3477149614709685,0.00705729762722207,-0.037193865873197396,0.03528648813611035,0.4304951552605498,0.4285877775234628,-0.262645914396888,0.13866636148622824,0.01697566186007471,-0.30651560234989006,-0.4163805600061039,0.24242771038376354
1778211033643381424,1778211033644670974,-0.08564126039520836,0.2729457541771563,0.3477149614709685,0.006675822079804661,-0.037193865873197396,0.03528648813611035,0.4304951552605498,0.4285877775234628,-0.2622644388494706,0.13866636148622824,0.0165941863126573,-0.30651560234989006,-0.411802853437095,0.24242771038376354
1778211033661510581,1778211033664738150,-0.08564126039520836,0.2729457541771563,0.3477149614709685,0.00705729762722207,-0.037193865873197396,0.03528648813611035,0.4304951552605498,0.4285877775234628,-0.2618829633020532,0.13866636148622824,0.0165941863126573,-0.30651560234989006,-0.4114213778896776,0.24242771038376354
1778211033683161961,1778211033684696417,-0.08564126039520836,0.2729457541771563,0.34733348592355107,0.006675822079804661,-0.03681239032577999,0.03528648813611035,0.4304951552605498,0.4285877775234628,-0.2618829633020532,0.13866636148622824,0.0165941863126573,-0.30651560234989006,-0.4125658045319298,0.24242771038376354
1778211033702444785,1778211033704683241,-0.08564126039520836,0.2729457541771563,0.34580758373388143,0.00705729762722207,-0.03681239032577999,0.03528648813611035,0.4304951552605498,0.4285877775234628,-0.26112001220721837,0.13866636148622824,0.01697566186007471,-0.30651560234989006,-0.4156176089112691,0.24242771038376354
1778211033724352879,1778211033724768468,-0.08564126039520836,0.2729457541771563,0.345426108186464,0.00705729762722207,-0.03681239032577999,0.03528648813611035,0.4304951552605498,0.4285877775234628,-0.26112001220721837,0.13866636148622824,0.01697566186007471,-0.30651560234989006,-0.42248416876478245,0.24319066147859836
1778211033741067352,1778211033744960426,-0.08525978484779095,0.2729457541771563,0.3450446326390466,0.00705729762722207,-0.03681239032577999,0.03528648813611035,0.43087663080796723,0.4285877775234628,-0.26112001220721837,0.13866636148622824,0.0165941863126573,-0.30651560234989006,-0.428587777523461,0.24319066147859836
1778211033752781911,1778211033764829185,-0.08487830930037354,0.2729457541771563,0.3450446326390466,0.006675822079804661,-0.03681239032577999,0.03528648813611035,0.43087663080796723,0.4285877775234628,-0.26112001220721837,0.13866636148622824,0.0165941863126573,-0.30651560234989006,-0.43125810635538286,0.24357213702601577
1778211033780356778,1778211033784825030,-0.08564126039520836,0.2729457541771563,0.3450446326390466,0.006675822079804661,-0.03681239032577999,0.03528648813611035,0.43087663080796723,0.4285877775234628,-0.26112001220721837,0.13866636148622824,0.0165941863126573,-0.30651560234989006,-0.43125810635538286,0.24433508812085059
1778211033793022340,1778211033804780430,-0.08564126039520836,0.2729457541771563,0.3450446326390466,0.006675822079804661,-0.03681239032577999,0.03528648813611035,0.4304951552605498,0.4285877775234628,-0.26112001220721837,0.13866636148622824,0.0165941863126573,-0.30651560234989006,-0.43087663080796546,0.24433508812085059
1778211033824275473,1778211033824735115,-0.08602273594262577,0.2733272297245737,0.3442816815442118,0.006675822079804661,-0.03681239032577999,0.03528648813611035,0.4304951552605498,0.4285877775234628,-0.2615014877546358,0.13866636148622824,0.0165941863126573,-0.30651560234989006,-0.42248416876478245,0.24624246585793763
1778211033841869867,1778211033844695802,-0.08564126039520836,0.2740901808194085,0.34199282825970734,0.006675822079804661,-0.03681239032577999,0.03528648813611035,0.4304951552605498,0.4285877775234628,-0.2618829633020532,0.13866636148622824,0.01697566186007471,-0.30651560234989006,-0.41866941329060836,0.24814984359502468
1778211033862587479,1778211033864674153,-0.08525978484779095,0.2740901808194085,0.3408484016174551,0.00705729762722207,-0.03681239032577999,0.03528648813611035,0.4304951552605498,0.4285877775234628,-0.262645914396888,0.13866636148622824,0.01697566186007471,-0.30651560234989006,-0.4194323643854432,0.25043869687952913
1778211033874780029,1778211033884731476,-0.08525978484779095,0.2740901808194085,0.3408484016174551,0.006675822079804661,-0.03681239032577999,0.03528648813611035,0.4304951552605498,0.4285877775234628,-0.26379034103914023,0.13866636148622824,0.01697566186007471,-0.30651560234989006,-0.4198138399328606,0.25120164797436395
1778211033903169307,1778211033904689558,-0.08487830930037354,0.2740901808194085,0.3408484016174551,0.00705729762722207,-0.03681239032577999,0.03528648813611035,0.4304951552605498,0.4285877775234628,-0.26531624322880987,0.13866636148622824,0.0165941863126573,-0.30651560234989006,-0.4278248264286262,0.2580682078278773
1778211033915516836,1778211033924785983,-0.08411535820553873,0.2740901808194085,0.3412298771648725,0.00705729762722207,-0.03681239032577999,0.03528648813611035,0.4304951552605498,0.4285877775234628,-0.2656977187762273,0.13866636148622824,0.0165941863126573,-0.30651560234989006,-0.4324025329976351,0.25883115892271213
1778211033937133637,1778211033944689419,-0.08335240711070391,0.2740901808194085,0.3412298771648725,0.006675822079804661,-0.03681239032577999,0.03528648813611035,0.4304951552605498,0.4285877775234628,-0.26874952315556655,0.13866636148622824,0.01697566186007471,-0.30651560234989006,-0.4407949950408181,0.2618829633020514
1778211033957169963,1778211033964669270,-0.0829709315632865,0.2740901808194085,0.3412298771648725,0.006675822079804661,-0.03681239032577999,0.03528648813611035,0.4304951552605498,0.4285877775234628,-0.2714198519874884,0.13866636148622824,0.01697566186007471,-0.30651560234989006,-0.44270237277790514,0.2645532921339733
1778211033978240685,1778211033984711932,-0.08335240711070391,0.2740901808194085,0.3412298771648725,0.006675822079804661,-0.03681239032577999,0.03528648813611035,0.4301136797131324,0.4285877775234628,-0.27370870527199287,0.13866636148622824,0.0165941863126573,-0.30651560234989006,-0.44232089723048773,0.2649347676813907
1778211034002662761,1778211034004672540,-0.08335240711070391,0.2740901808194085,0.3412298771648725,0.006675822079804661,-0.03681239032577999,0.03528648813611035,0.4301136797131324,0.4285877775234628,-0.27752346074616696,0.13866636148622824,0.0165941863126573,-0.30651560234989006,-0.44232089723048773,0.2649347676813907
1778211034023739233,1778211034024669908,-0.08335240711070391,0.2740901808194085,0.3412298771648725,0.006675822079804661,-0.03681239032577999,0.03528648813611035,0.4301136797131324,0.4285877775234628,-0.2801937895780888,0.13866636148622824,0.01697566186007471,-0.30651560234989006,-0.4411764705882355,0.2649347676813907
1778211034042741798,1778211034044676352,-0.08335240711070391,0.2740901808194085,0.3412298771648725,0.00705729762722207,-0.03681239032577999,0.03528648813611035,0.4301136797131324,0.4285877775234628,-0.28057526512550623,0.13866636148622824,0.0165941863126573,-0.30651560234989006,-0.43812466620889623,0.2645532921339733
1778211034062251091,1778211034064706181,-0.08335240711070391,0.2740901808194085,0.3412298771648725,0.00705729762722207,-0.03681239032577999,0.03528648813611035,0.4301136797131324,0.4285877775234628,-0.2801937895780888,0.13866636148622824,0.01697566186007471,-0.30651560234989006,-0.43812466620889623,0.26417181658655586
1778211034072631654,1778211034084791857,-0.08335240711070391,0.2740901808194085,0.3412298771648725,0.00705729762722207,-0.03681239032577999,0.03528648813611035,0.4301136797131324,0.4285877775234628,-0.2801937895780888,0.13866636148622824,0.01697566186007471,-0.30651560234989006,-0.43850614175631364,0.26379034103913845
1778211034096236440,1778211034104747395,-0.08335240711070391,0.2740901808194085,0.3412298771648725,0.00705729762722207,-0.03681239032577999,0.03528648813611035,0.4301136797131324,0.4285877775234628,-0.2798123140306714,0.13866636148622824,0.01697566186007471,-0.30651560234989006,-0.43965056839856587,0.2626459143968862
1778211034122719517,1778211034124707796,-0.0829709315632865,0.2740901808194085,0.3408484016174551,0.00705729762722207,-0.03681239032577999,0.03528648813611035,0.4301136797131324,0.4285877775234628,-0.279430838483254,0.13866636148622824,0.0165941863126573,-0.30651560234989006,-0.43926909285114846,0.2618829633020514
1778211034141663439,1778211034144715454,-0.0829709315632865,0.2740901808194085,0.3408484016174551,0.00705729762722207,-0.03681239032577999,0.03528648813611035,0.4301136797131324,0.4285877775234628,-0.279430838483254,0.13866636148622824,0.0165941863126573,-0.30651560234989006,-0.43926909285114846,0.261501487754634
1778211034163002849,1778211034164736363,-0.08258945601586909,0.2740901808194085,0.3393224994277855,0.00705729762722207,-0.03681239032577999,0.03528648813611035,0.4301136797131324,0.4285877775234628,-0.2790493629358366,0.13866636148622824,0.01697566186007471,-0.30651560234989006,-0.43926909285114846,0.261501487754634
1778211034174781332,1778211034184711862,-0.08258945601586909,0.2740901808194085,0.33855954833295065,0.00705729762722207,-0.03681239032577999,0.03528648813611035,0.4301136797131324,0.4285877775234628,-0.2790493629358366,0.13866636148622824,0.0165941863126573,-0.30651560234989006,-0.43926909285114846,0.261501487754634
1778211034202699729,1778211034204685423,-0.08258945601586909,0.2740901808194085,0.33817807278553325,0.00705729762722207,-0.03681239032577999,0.03528648813611035,0.4301136797131324,0.4285877775234628,-0.2790493629358366,0.13866636148622824,0.0165941863126573,-0.30651560234989006,-0.4400320439459833,0.261501487754634
1778211034216007449,1778211034224752474,-0.0829709315632865,0.2740901808194085,0.33817807278553325,0.00705729762722207,-0.03681239032577999,0.03528648813611035,0.4301136797131324,0.4285877775234628,-0.2790493629358366,0.13866636148622824,0.0165941863126573,-0.30651560234989006,-0.4407949950408181,0.261501487754634
1778211034236975237,1778211034244748281,-0.0829709315632865,0.2740901808194085,0.33817807278553325,0.00705729762722207,-0.03643091477836258,0.03528648813611035,0.4301136797131324,0.4285877775234628,-0.2786678873884192,0.13866636148622824,0.0165941863126573,-0.30651560234989006,-0.4419394216830703,0.261501487754634
1778211034257178626,1778211034264710838,-0.0829709315632865,0.2740901808194085,0.33817807278553325,0.00705729762722207,-0.03681239032577999,0.03528648813611035,0.4301136797131324,0.4285877775234628,-0.2786678873884192,0.13866636148622824,0.0165941863126573,-0.30651560234989006,-0.44232089723048773,0.261501487754634
1778211034277773925,1778211034284748622,-0.0829709315632865,0.2740901808194085,0.33817807278553325,0.00705729762722207,-0.03643091477836258,0.03528648813611035,0.4301136797131324,0.4285877775234628,-0.2782864118410018,0.13866636148622824,0.01697566186007471,-0.30651560234989006,-0.44270237277790514,0.261501487754634
1778211034298405009,1778211034304637033,-0.0829709315632865,0.2740901808194085,0.33817807278553325,0.00705729762722207,-0.03681239032577999,0.03528648813611035,0.4301136797131324,0.4285877775234628,-0.27676050965133214,0.13866636148622824,0.01697566186007471,-0.30651560234989006,-0.44270237277790514,0.261501487754634
1778211034318815811,1778211034324684697,-0.0829709315632865,0.2740901808194085,0.33817807278553325,0.00705729762722207,-0.03681239032577999,0.03528648813611035,0.4301136797131324,0.4285877775234628,-0.27676050965133214,0.13866636148622824,0.0165941863126573,-0.30651560234989006,-0.44232089723048773,0.261501487754634
1778211034339635438,1778211034344696505,-0.0829709315632865,0.2740901808194085,0.33779659723811584,0.00705729762722207,-0.03643091477836258,0.03528648813611035,0.4301136797131324,0.4285877775234628,-0.27637903410391473,0.13866636148622824,0.0165941863126573,-0.30651560234989006,-0.44232089723048773,0.261501487754634
1778211034360171692,1778211034364686705,-0.08182650492103427,0.2740901808194085,0.3355077439536114,0.00705729762722207,-0.03681239032577999,0.03528648813611035,0.4301136797131324,0.4285877775234628,-0.27637903410391473,0.13866636148622824,0.01697566186007471,-0.30651560234989006,-0.44232089723048773,0.261501487754634
1778211034380450126,1778211034384740424,-0.08068207827878204,0.2740901808194085,0.33398184176394174,0.00705729762722207,-0.03643091477836258,0.03528648813611035,0.4301136797131324,0.4285877775234628,-0.27637903410391473,0.13866636148622824,0.0165941863126573,-0.30651560234989006,-0.44232089723048773,0.261501487754634
1778211034400786139,1778211034404675479,-0.08068207827878204,0.27523460746166073,0.3324559395742721,0.00705729762722207,-0.03681239032577999,0.03528648813611035,0.4301136797131324,0.4285877775234628,-0.27637903410391473,0.13866636148622824,0.0165941863126573,-0.30651560234989006,-0.44232089723048773,0.261501487754634
1778211034421990739,1778211034424679427,-0.08068207827878204,0.2775234607461652,0.3324559395742721,0.00705729762722207,-0.03681239032577999,0.03528648813611035,0.4301136797131324,0.4285877775234628,-0.2759975585564973,0.13866636148622824,0.0165941863126573,-0.30651560234989006,-0.4419394216830703,0.261501487754634
1778211034442547751,1778211034444707589,-0.08068207827878204,0.27981231403066964,0.3324559395742721,0.00705729762722207,-0.03643091477836258,0.03528648813611035,0.4301136797131324,0.4285877775234628,-0.2759975585564973,0.13866636148622824,0.0165941863126573,-0.30651560234989006,-0.4415579461356529,0.261501487754634
1778211034462995528,1778211034464672592,-0.08068207827878204,0.2817196917677567,0.3324559395742721,0.00705729762722207,-0.03643091477836258,0.03528648813611035,0.4301136797131324,0.4285877775234628,-0.2759975585564973,0.13866636148622824,0.0165941863126573,-0.30651560234989006,-0.4415579461356529,0.261501487754634
1778211034482624534,1778211034484692972,-0.08068207827878204,0.2824826428625915,0.3324559395742721,0.00705729762722207,-0.03681239032577999,0.03528648813611035,0.4301136797131324,0.4285877775234628,-0.2759975585564973,0.13866636148622824,0.01697566186007471,-0.30651560234989006,-0.4415579461356529,0.261501487754634
1778211034503796749,1778211034504620745,-0.08068207827878204,0.28439002059967855,0.3324559395742721,0.00705729762722207,-0.03643091477836258,0.03528648813611035,0.4301136797131324,0.4285877775234628,-0.2759975585564973,0.13866636148622824,0.01697566186007471,-0.30651560234989006,-0.4415579461356529,0.261501487754634
1778211034522404697,1778211034524713881,-0.08068207827878204,0.28515297169451337,0.3324559395742721,0.00705729762722207,-0.03643091477836258,0.03528648813611035,0.4301136797131324,0.4285877775234628,-0.2759975585564973,0.13866636148622824,0.01697566186007471,-0.30651560234989006,-0.4415579461356529,0.261501487754634
1778211034544299095,1778211034544817724,-0.08068207827878204,0.28515297169451337,0.3328374151216895,0.00705729762722207,-0.03643091477836258,0.03528648813611035,0.4301136797131324,0.4285877775234628,-0.2759975585564973,0.13866636148622824,0.01697566186007471,-0.30651560234989006,-0.4404135194934007,0.261501487754634
1778211034562892985,1778211034564697985,-0.08068207827878204,0.28515297169451337,0.3324559395742721,0.00705729762722207,-0.03643091477836258,0.03528648813611035,0.4301136797131324,0.4285877775234628,-0.2759975585564973,0.13866636148622824,0.01697566186007471,-0.30651560234989006,-0.4373617151140614,0.2611200122072166
1778211034574991173,1778211034584719067,-0.08068207827878204,0.28515297169451337,0.3328374151216895,0.00705729762722207,-0.03643091477836258,0.03528648813611035,0.4301136797131324,0.4285877775234628,-0.2759975585564973,0.13866636148622824,0.0165941863126573,-0.30651560234989006,-0.4365987640192266,0.2611200122072166
1778211034602759770,1778211034604682215,-0.08068207827878204,0.28515297169451337,0.3328374151216895,0.00705729762722207,-0.03681239032577999,0.03528648813611035,0.4301136797131324,0.4285877775234628,-0.2759975585564973,0.13866636148622824,0.0165941863126573,-0.30651560234989006,-0.43545433737697437,0.2611200122072166
1778211034612793312,1778211034624852409,-0.08068207827878204,0.28515297169451337,0.3328374151216895,0.00705729762722207,-0.03643091477836258,0.03528648813611035,0.4301136797131324,0.4285877775234628,-0.2759975585564973,0.13866636148622824,0.0165941863126573,-0.30651560234989006,-0.43545433737697437,0.2611200122072166
1778211034636305435,1778211034644727899,-0.08068207827878204,0.28515297169451337,0.3328374151216895,0.00705729762722207,-0.03643091477836258,0.03528648813611035,0.4301136797131324,0.4285877775234628,-0.2759975585564973,0.13866636148622824,0.0165941863126573,-0.30651560234989006,-0.43507286182955696,0.2611200122072166
1778211034656600294,1778211034664757484,-0.08068207827878204,0.28515297169451337,0.3328374151216895,0.00705729762722207,-0.03643091477836258,0.03528648813611035,0.4301136797131324,0.4285877775234628,-0.27637903410391473,0.13866636148622824,0.01697566186007471,-0.30651560234989006,-0.43469138628213955,0.2611200122072166
1778211034677719393,1778211034684742889,-0.08068207827878204,0.28515297169451337,0.3328374151216895,0.00705729762722207,-0.03643091477836258,0.03528648813611035,0.4301136797131324,0.4285877775234628,-0.27637903410391473,0.13866636148622824,0.01697566186007471,-0.30651560234989006,-0.43430991073472214,0.2611200122072166
1778211034698566086,1778211034704700461,-0.08068207827878204,0.28515297169451337,0.3328374151216895,0.00705729762722207,-0.03681239032577999,0.03528648813611035,0.4301136797131324,0.4285877775234628,-0.27637903410391473,0.13866636148622824,0.0165941863126573,-0.30651560234989006,-0.4335469596398873,0.2611200122072166
1778211034719495115,1778211034724798276,-0.08068207827878204,0.28515297169451337,0.3328374151216895,0.00705729762722207,-0.03643091477836258,0.03528648813611035,0.4301136797131324,0.4285877775234628,-0.27637903410391473,0.13866636148622824,0.01697566186007471,-0.30651560234989006,-0.43125810635538286,0.2611200122072166
1778211034740284663,1778211034744711196,-0.08068207827878204,0.28515297169451337,0.3328374151216895,0.00705729762722207,-0.03643091477836258,0.03528648813611035,0.4301136797131324,0.4285877775234628,-0.27637903410391473,0.13866636148622824,0.0165941863126573,-0.30651560234989006,-0.43049515526054805,0.2611200122072166
1778211034760614575,1778211034764712175,-0.08068207827878204,0.28515297169451337,0.3328374151216895,0.00705729762722207,-0.03643091477836258,0.03528648813611035,0.4301136797131324,0.4285877775234628,-0.27676050965133214,0.13866636148622824,0.01697566186007471,-0.30651560234989006,-0.43049515526054805,0.2611200122072166
1778211034781518924,1778211034784760516,-0.08068207827878204,0.28515297169451337,0.3328374151216895,0.00705729762722207,-0.03643091477836258,0.03528648813611035,0.4301136797131324,0.4285877775234628,-0.27637903410391473,0.13866636148622824,0.01697566186007471,-0.30651560234989006,-0.43049515526054805,0.2607385366597992
1778211034801720602,1778211034804691104,-0.08068207827878204,0.28515297169451337,0.3328374151216895,0.00705729762722207,-0.03643091477836258,0.03528648813611035,0.4301136797131324,0.4285877775234628,-0.27676050965133214,0.13866636148622824,0.01697566186007471,-0.30651560234989006,-0.43049515526054805,0.2611200122072166
1778211034821968558,1778211034824690379,-0.08068207827878204,0.28515297169451337,0.3328374151216895,0.00705729762722207,-0.03643091477836258,0.03528648813611035,0.4301136797131324,0.4285877775234628,-0.27637903410391473,0.13866636148622824,0.01697566186007471,-0.30651560234989006,-0.43049515526054805,0.2607385366597992
1778211034842778591,1778211034844690888,-0.08068207827878204,0.286678873884183,0.3328374151216895,0.00705729762722207,-0.03643091477836258,0.03528648813611035,0.4301136797131324,0.4285877775234628,-0.27676050965133214,0.13866636148622824,0.0165941863126573,-0.30651560234989006,-0.43049515526054805,0.2607385366597992
1778211034863013889,1778211034864680328,-0.08068207827878204,0.28858625162127005,0.3328374151216895,0.00705729762722207,-0.03643091477836258,0.03528648813611035,0.4301136797131324,0.4285877775234628,-0.27676050965133214,0.13866636148622824,0.0165941863126573,-0.30651560234989006,-0.43049515526054805,0.2607385366597992
1778211034883920515,1778211034884678004,-0.08068207827878204,0.2912565804531919,0.3328374151216895,0.00705729762722207,-0.03643091477836258,0.03528648813611035,0.4301136797131324,0.4285877775234628,-0.27676050965133214,0.13866636148622824,0.0165941863126573,-0.30651560234989006,-0.43049515526054805,0.2607385366597992
1778211034899770223,1778211034904797674,-0.08068207827878204,0.29316395819027896,0.3328374151216895,0.00705729762722207,-0.03643091477836258,0.03528648813611035,0.4301136797131324,0.4285877775234628,-0.27676050965133214,0.13866636148622824,0.0165941863126573,-0.30651560234989006,-0.43049515526054805,0.2607385366597992
1778211034918359692,1778211034924757294,-0.08068207827878204,0.295071335927366,0.3328374151216895,0.00705729762722207,-0.03643091477836258,0.03528648813611035,0.4301136797131324,0.4285877775234628,-0.27676050965133214,0.13866636148622824,0.0165941863126573,-0.30651560234989006,-0.43049515526054805,0.2611200122072166
1778211034940353832,1778211034944696905,-0.08068207827878204,0.29659723811703564,0.3328374151216895,0.00705729762722207,-0.03643091477836258,0.03528648813611035,0.4301136797131324,0.4285877775234628,-0.27637903410391473,0.13866636148622824,0.0165941863126573,-0.30651560234989006,-0.43049515526054805,0.2607385366597992
1778211034953060833,1778211034964688913,-0.08068207827878204,0.29659723811703564,0.3328374151216895,0.00705729762722207,-0.03643091477836258,0.03528648813611035,0.4301136797131324,0.4285877775234628,-0.27637903410391473,0.13866636148622824,0.01697566186007471,-0.30651560234989006,-0.43049515526054805,0.2611200122072166
1778211034976960700,1778211034984692745,-0.08068207827878204,0.29659723811703564,0.3328374151216895,0.00705729762722207,-0.03643091477836258,0.03528648813611035,0.4301136797131324,0.4285877775234628,-0.27637903410391473,0.13866636148622824,0.01697566186007471,-0.30651560234989006,-0.43049515526054805,0.2611200122072166
1778211034997724271,1778211035004770565,-0.08068207827878204,0.29659723811703564,0.3328374151216895,0.00705729762722207,-0.03643091477836258,0.03528648813611035,0.4301136797131324,0.4285877775234628,-0.27637903410391473,0.13866636148622824,0.0165941863126573,-0.30651560234989006,-0.43049515526054805,0.2611200122072166
1778211035018309154,1778211035024748185,-0.08068207827878204,0.29659723811703564,0.3328374151216895,0.006675822079804661,-0.03643091477836258,0.03528648813611035,0.4301136797131324,0.4285877775234628,-0.27637903410391473,0.13866636148622824,0.0165941863126573,-0.30651560234989006,-0.43049515526054805,0.2611200122072166
1778211035039684389,1778211035044713139,-0.08068207827878204,0.29659723811703564,0.3328374151216895,0.00705729762722207,-0.03643091477836258,0.03528648813611035,0.4301136797131324,0.4285877775234628,-0.2759975585564973,0.13866636148622824,0.0165941863126573,-0.30651560234989006,-0.43125810635538286,0.2611200122072166
1778211035059658536,1778211035064674220,-0.08068207827878204,0.29659723811703564,0.3328374151216895,0.00705729762722207,-0.03681239032577999,0.03528648813611035,0.4301136797131324,0.4285877775234628,-0.27637903410391473,0.13866636148622824,0.0165941863126573,-0.30651560234989006,-0.4316395819028003,0.2611200122072166
1778211035080346058,1778211035084679076,-0.08068207827878204,0.29659723811703564,0.3328374151216895,0.00705729762722207,-0.03643091477836258,0.03528648813611035,0.4301136797131324,0.4285877775234628,-0.2759975585564973,0.13866636148622824,0.01697566186007471,-0.30651560234989006,-0.4335469596398873,0.2611200122072166
1778211035101012581,1778211035104669057,-0.08068207827878204,0.29659723811703564,0.3328374151216895,0.00705729762722207,-0.03643091477836258,0.03528648813611035,0.4301136797131324,0.4285877775234628,-0.27637903410391473,0.13866636148622824,0.01697566186007471,-0.30651560234989006,-0.4358358129243918,0.2611200122072166
1778211035121489788,1778211035124713223,-0.08068207827878204,0.29659723811703564,0.3328374151216895,0.00705729762722207,-0.03643091477836258,0.03528648813611035,0.4301136797131324,0.4285877775234628,-0.2759975585564973,0.13866636148622824,0.0165941863126573,-0.30651560234989006,-0.43812466620889623,0.2611200122072166
1778211035142714515,1778211035144687171,-0.08068207827878204,0.29659723811703564,0.3328374151216895,0.006675822079804661,-0.03643091477836258,0.03528648813611035,0.4301136797131324,0.4285877775234628,-0.2759975585564973,0.13866636148622824,0.0165941863126573,-0.30651560234989006,-0.43926909285114846,0.2611200122072166
1778211035162955425,1778211035164703803,-0.08068207827878204,0.29659723811703564,0.3328374151216895,0.00705729762722207,-0.03643091477836258,0.03528648813611035,0.4301136797131324,0.4285877775234628,-0.2759975585564973,0.13866636148622824,0.0165941863126573,-0.30651560234989006,-0.43926909285114846,0.2611200122072166
1778211035181557476,1778211035184737374,-0.08068207827878204,0.29697871366445305,0.3328374151216895,0.006675822079804661,-0.03643091477836258,0.03528648813611035,0.4301136797131324,0.4285877775234628,-0.2759975585564973,0.13866636148622824,0.0165941863126573,-0.30651560234989006,-0.43850614175631364,0.2611200122072166
1778211035202631049,1778211035204703641,-0.08068207827878204,0.2985046158541227,0.3328374151216895,0.00705729762722207,-0.03643091477836258,0.03528648813611035,0.4301136797131324,0.4285877775234628,-0.27637903410391473,0.13866636148622824,0.0165941863126573,-0.30651560234989006,-0.4373617151140614,0.2611200122072166
1778211035222658438,1778211035224672283,-0.08068207827878204,0.30041199359120974,0.3328374151216895,0.006675822079804661,-0.03643091477836258,0.03528648813611035,0.4301136797131324,0.4285877775234628,-0.27637903410391473,0.13866636148622824,0.0165941863126573,-0.30651560234989006,-0.4320210574502177,0.261501487754634
1778211035232871418,1778211035244684801,-0.08068207827878204,0.30155642023346196,0.3328374151216895,0.006675822079804661,-0.03643091477836258,0.03528648813611035,0.4301136797131324,0.4285877775234628,-0.27637903410391473,0.13866636148622824,0.0165941863126573,-0.30651560234989006,-0.43049515526054805,0.261501487754634
1778211035262332579,1778211035264672076,-0.08068207827878204,0.3030823224231316,0.3328374151216895,0.006675822079804661,-0.03643091477836258,0.03528648813611035,0.4301136797131324,0.4285877775234628,-0.27676050965133214,0.13866636148622824,0.01697566186007471,-0.30651560234989006,-0.43049515526054805,0.2611200122072166
1778211035276644135,1778211035284742290,-0.08068207827878204,0.3027008468757142,0.3328374151216895,0.006675822079804661,-0.03643091477836258,0.03528648813611035,0.4301136797131324,0.4285877775234628,-0.27676050965133214,0.13866636148622824,0.01697566186007471,-0.30651560234989006,-0.43049515526054805,0.261501487754634
1778211035296580697,1778211035304764351,-0.08068207827878204,0.3030823224231316,0.3328374151216895,0.006675822079804661,-0.03643091477836258,0.03528648813611035,0.4301136797131324,0.4285877775234628,-0.27676050965133214,0.13866636148622824,0.01697566186007471,-0.30651560234989006,-0.4297322041657132,0.2611200122072166
1778211035317664451,1778211035324749141,-0.08068207827878204,0.3030823224231316,0.3328374151216895,0.006675822079804661,-0.03604943923094517,0.03528648813611035,0.4301136797131324,0.4285877775234628,-0.27676050965133214,0.13866636148622824,0.0165941863126573,-0.30651560234989006,-0.428587777523461,0.261501487754634
1778211035338249062,1778211035344712195,-0.08068207827878204,0.3030823224231316,0.3328374151216895,0.006675822079804661,-0.03566796368352776,0.03528648813611035,0.4301136797131324,0.4285877775234628,-0.27714198519874955,0.13866636148622824,0.0165941863126573,-0.30651560234989006,-0.428587777523461,0.261501487754634
1778211035358098078,1778211035364683680,-0.08068207827878204,0.3030823224231316,0.3328374151216895,0.006675822079804661,-0.03566796368352776,0.03528648813611035,0.4301136797131324,0.4285877775234628,-0.27714198519874955,0.13866636148622824,0.0165941863126573,-0.30651560234989006,-0.4293507286182958,0.261501487754634
1778211035383050911,1778211035384697125,-0.08068207827878204,0.3027008468757142,0.3328374151216895,0.00705729762722207,-0.03490501258869294,0.03528648813611035,0.4301136797131324,0.4285877775234628,-0.2782864118410018,0.13866636148622824,0.0165941863126573,-0.30651560234989006,-0.4293507286182958,0.2618829633020514
1778211035404247868,1778211035404734879,-0.08068207827878204,0.3030823224231316,0.3328374151216895,0.006675822079804661,-0.03414206149385812,0.03528648813611035,0.4301136797131324,0.4285877775234628,-0.2798123140306714,0.13866636148622824,0.0165941863126573,-0.30651560234989006,-0.4293507286182958,0.2618829633020514
1778211035422168282,1778211035424684941,-0.08068207827878204,0.3030823224231316,0.3328374151216895,0.006675822079804661,-0.03414206149385812,0.03528648813611035,0.4301136797131324,0.4285877775234628,-0.2801937895780888,0.13866636148622824,0.01697566186007471,-0.30651560234989006,-0.43049515526054805,0.2618829633020514
1778211035434771008,1778211035444702490,-0.08068207827878204,0.3027008468757142,0.3328374151216895,0.006675822079804661,-0.03376058594644071,0.03528648813611035,0.4301136797131324,0.4285877775234628,-0.28057526512550623,0.13866636148622824,0.01697566186007471,-0.30651560234989006,-0.43049515526054805,0.2618829633020514
1778211035462794738,1778211035464702710,-0.08068207827878204,0.3027008468757142,0.3328374151216895,0.006675822079804661,-0.03376058594644071,0.03528648813611035,0.4301136797131324,0.4285877775234628,-0.28057526512550623,0.13866636148622824,0.0165941863126573,-0.30651560234989006,-0.43049515526054805,0.2618829633020514
1778211035472466318,1778211035484761847,-0.08068207827878204,0.3030823224231316,0.3328374151216895,0.006675822079804661,-0.03376058594644071,0.03528648813611035,0.4301136797131324,0.4285877775234628,-0.28057526512550623,0.13866636148622824,0.0165941863126573,-0.30651560234989006,-0.43011367971313064,0.2618829633020514
1778211035495817658,1778211035504746553,-0.08068207827878204,0.3030823224231316,0.3328374151216895,0.006675822079804661,-0.03376058594644071,0.03528648813611035,0.4301136797131324,0.4285877775234628,-0.28057526512550623,0.13866636148622824,0.01697566186007471,-0.30651560234989006,-0.4297322041657132,0.2618829633020514
1778211035517250228,1778211035524775160,-0.08068207827878204,0.3027008468757142,0.3328374151216895,0.006675822079804661,-0.03376058594644071,0.03528648813611035,0.4301136797131324,0.4285877775234628,-0.28057526512550623,0.13866636148622824,0.0165941863126573,-0.30651560234989006,-0.4278248264286262,0.2618829633020514
1778211035537442367,1778211035544704050,-0.08106355382619945,0.3027008468757142,0.3328374151216895,0.006675822079804661,-0.03376058594644071,0.03528648813611035,0.4301136797131324,0.4285877775234628,-0.28057526512550623,0.13866636148622824,0.0165941863126573,-0.30651560234989006,-0.42706187533379136,0.261501487754634
1778211035557663686,1778211035564678790,-0.08068207827878204,0.3027008468757142,0.3328374151216895,0.006675822079804661,-0.03376058594644071,0.03528648813611035,0.4301136797131324,0.4285877775234628,-0.28057526512550623,0.13866636148622824,0.0165941863126573,-0.30651560234989006,-0.4274433508812088,0.261501487754634
1778211035578057904,1778211035584732000,-0.08068207827878204,0.3027008468757142,0.3328374151216895,0.006675822079804661,-0.03376058594644071,0.03528648813611035,0.4301136797131324,0.4285877775234628,-0.2801937895780888,0.13866636148622824,0.0165941863126573,-0.30651560234989006,-0.4316395819028003,0.261501487754634
1778211035602690175,1778211035604671106,-0.08030060273136463,0.3027008468757142,0.33436331731135915,0.006294346532387252,-0.03376058594644071,0.03528648813611035,0.4301136797131324,0.4285877775234628,-0.2798123140306714,0.13866636148622824,0.0165941863126573,-0.30651560234989006,-0.4404135194934007,0.261501487754634
1778211035624425045,1778211035624725933,-0.08068207827878204,0.3027008468757142,0.3355077439536114,0.006675822079804661,-0.03376058594644071,0.03528648813611035,0.4301136797131324,0.4285877775234628,-0.2798123140306714,0.13866636148622824,0.01697566186007471,-0.30651560234989006,-0.44270237277790514,0.261501487754634
1778211035642270156,1778211035644713452,-0.08068207827878204,0.3027008468757142,0.3355077439536114,0.006294346532387252,-0.03376058594644071,0.03528648813611035,0.4301136797131324,0.4285877775234628,-0.2798123140306714,0.13866636148622824,0.01697566186007471,-0.30651560234989006,-0.4415579461356529,0.261501487754634
1778211035652685322,1778211035664794613,-0.08068207827878204,0.3027008468757142,0.3355077439536114,0.006294346532387252,-0.03376058594644071,0.03528648813611035,0.4301136797131324,0.4285877775234628,-0.2798123140306714,0.13866636148622824,0.0165941863126573,-0.30651560234989006,-0.4411764705882355,0.261501487754634
1778211035682673133,1778211035684698857,-0.08068207827878204,0.3027008468757142,0.3355077439536114,0.006294346532387252,-0.03376058594644071,0.03528648813611035,0.4301136797131324,0.4285877775234628,-0.2798123140306714,0.13866636148622824,0.0165941863126573,-0.30651560234989006,-0.4415579461356529,0.261501487754634
1778211035695606591,1778211035704720949,-0.08068207827878204,0.3027008468757142,0.3355077439536114,0.006294346532387252,-0.03376058594644071,0.03528648813611035,0.4301136797131324,0.4285877775234628,-0.2798123140306714,0.13866636148622824,0.0165941863126573,-0.30651560234989006,-0.4419394216830703,0.261501487754634
1778211035716034786,1778211035724690851,-0.08068207827878204,0.3027008468757142,0.3355077439536114,0.006294346532387252,-0.03376058594644071,0.03528648813611035,0.4301136797131324,0.4285877775234628,-0.2798123140306714,0.13866636148622824,0.0165941863126573,-0.30651560234989006,-0.44270237277790514,0.261501487754634
1778211035736485041,1778211035744690162,-0.08106355382619945,0.3027008468757142,0.3355077439536114,0.005912870984969842,-0.03376058594644071,0.03528648813611035,0.4301136797131324,0.4285877775234628,-0.2798123140306714,0.13866636148622824,0.0165941863126573,-0.30651560234989006,-0.44270237277790514,0.261501487754634
1778211035757637639,1778211035764686153,-0.08068207827878204,0.3027008468757142,0.3355077439536114,0.005912870984969842,-0.03376058594644071,0.03528648813611035,0.4301136797131324,0.4285877775234628,-0.2798123140306714,0.13866636148622824,0.0165941863126573,-0.30651560234989006,-0.44270237277790514,0.261501487754634
1778211035778319766,1778211035784885804,-0.08068207827878204,0.3027008468757142,0.3355077439536114,0.005531395437552433,-0.03376058594644071,0.03528648813611035,0.4301136797131324,0.4285877775234628,-0.2798123140306714,0.13866636148622824,0.0165941863126573,-0.30651560234989006,-0.44270237277790514,0.261501487754634
1778211035798898208,1778211035804821723,-0.08068207827878204,0.3027008468757142,0.3355077439536114,0.005531395437552433,-0.03376058594644071,0.03528648813611035,0.4301136797131324,0.4285877775234628,-0.2798123140306714,0.13866636148622824,0.0165941863126573,-0.30651560234989006,-0.44308384832532255,0.261501487754634
1778211035819334223,1778211035824823567,-0.08068207827878204,0.3027008468757142,0.3355077439536114,0.0036240177004653873,-0.03376058594644071,0.03528648813611035,0.4301136797131324,0.4285877775234628,-0.2798123140306714,0.13866636148622824,0.0165941863126573,-0.30651560234989006,-0.44308384832532255,0.261501487754634
1778211035844156877,1778211035844652925,-0.08068207827878204,0.3027008468757142,0.3355077439536114,0.002861066605630569,-0.03376058594644071,0.03528648813611035,0.4301136797131324,0.4285877775234628,-0.2798123140306714,0.13866636148622824,0.0165941863126573,-0.30651560234989006,-0.44270237277790514,0.261501487754634
1778211035852637772,1778211035864769604,-0.08068207827878204,0.3027008468757142,0.3355077439536114,0.002861066605630569,-0.03376058594644071,0.03528648813611035,0.4301136797131324,0.4285877775234628,-0.2798123140306714,0.13866636148622824,0.0165941863126573,-0.30651560234989006,-0.44270237277790514,0.261501487754634
1778211035882453771,1778211035884731629,-0.08068207827878204,0.3027008468757142,0.3355077439536114,0.002861066605630569,-0.03376058594644071,0.03528648813611035,0.4301136797131324,0.4285877775234628,-0.2798123140306714,0.13866636148622824,0.0165941863126573,-0.30651560234989006,-0.44270237277790514,0.261501487754634
1778211035892638667,1778211035904685395,-0.08068207827878204,0.3027008468757142,0.3355077439536114,0.002861066605630569,-0.03376058594644071,0.03528648813611035,0.4301136797131324,0.4285877775234628,-0.2798123140306714,0.13866636148622824,0.0165941863126573,-0.30651560234989006,-0.44270237277790514,0.261501487754634
1778211035916352736,1778211035925384793,-0.08068207827878204,0.3027008468757142,0.3355077439536114,0.002861066605630569,-0.03376058594644071,0.03528648813611035,0.4301136797131324,0.4285877775234628,-0.2798123140306714,0.13866636148622824,0.0165941863126573,-0.30651560234989006,-0.44270237277790514,0.261501487754634
1778211035936871960,1778211035944835153,-0.08068207827878204,0.3027008468757142,0.3355077439536114,0.002861066605630569,-0.03376058594644071,0.03528648813611035,0.4301136797131324,0.4285877775234628,-0.2798123140306714,0.13866636148622824,0.0165941863126573,-0.30651560234989006,-0.44270237277790514,0.261501487754634
1778211035957817773,1778211035964757609,-0.08068207827878204,0.3027008468757142,0.3355077439536114,0.002861066605630569,-0.03376058594644071,0.03528648813611035,0.4301136797131324,0.4285877775234628,-0.2798123140306714,0.13866636148622824,0.0165941863126573,-0.30651560234989006,-0.44308384832532255,0.261501487754634
1778211035977662552,1778211035984778746,-0.08068207827878204,0.3027008468757142,0.3355077439536114,0.002861066605630569,-0.03376058594644071,0.03528648813611035,0.4301136797131324,0.4285877775234628,-0.2798123140306714,0.13866636148622824,0.0165941863126573,-0.30651560234989006,-0.44308384832532255,0.261501487754634
1778211035999162471,1778211036006407635,-0.08068207827878204,0.3027008468757142,0.3355077439536114,0.002861066605630569,-0.03376058594644071,0.03528648813611035,0.4301136797131324,0.4285877775234628,-0.2798123140306714,0.13866636148622824,0.0165941863126573,-0.30651560234989006,-0.44346532387273996,0.261501487754634
1778211036019883327,1778211036024757035,-0.08068207827878204,0.3027008468757142,0.3358892195010288,0.002861066605630569,-0.03376058594644071,0.03528648813611035,0.4301136797131324,0.4285877775234628,-0.2798123140306714,0.13866636148622824,0.0165941863126573,-0.30651560234989006,-0.4457541771572444,0.261501487754634
1778211036042750921,1778211036044713945,-0.08068207827878204,0.3027008468757142,0.3362706950484462,0.002861066605630569,-0.03376058594644071,0.03528648813611035,0.4301136797131324,0.4285877775234628,-0.2798123140306714,0.13866636148622824,0.0165941863126573,-0.30651560234989006,-0.45109483482108814,0.261501487754634
1778211036055634964,1778211036064765852,-0.08068207827878204,0.3027008468757142,0.337033646143281,0.002861066605630569,-0.03376058594644071,0.03528648813611035,0.4301136797131324,0.4285877775234628,-0.2798123140306714,0.13866636148622824,0.0165941863126573,-0.30651560234989006,-0.45223926146334037,0.261501487754634
1778211036076004563,1778211036084785418,-0.08068207827878204,0.3027008468757142,0.33779659723811584,0.002861066605630569,-0.03376058594644071,0.03528648813611035,0.4301136797131324,0.4285877775234628,-0.2798123140306714,0.13866636148622824,0.0165941863126573,-0.30651560234989006,-0.4533836881055926,0.261501487754634
1778211036102689515,1778211036104692966,-0.08068207827878204,0.3027008468757142,0.3374151216906984,0.002861066605630569,-0.03376058594644071,0.03528648813611035,0.4301136797131324,0.4285877775234628,-0.2798123140306714,0.13866636148622824,0.0165941863126573,-0.30651560234989006,-0.45376516365301,0.261501487754634
1778211036115992741,1778211036124688541,-0.08068207827878204,0.3027008468757142,0.3374151216906984,0.002861066605630569,-0.03376058594644071,0.03528648813611035,0.4301136797131324,0.4285877775234628,-0.2798123140306714,0.13866636148622824,0.0165941863126573,-0.30651560234989006,-0.45376516365301,0.261501487754634
1778211036136409008,1778211036144738250,-0.08068207827878204,0.3027008468757142,0.3374151216906984,0.002861066605630569,-0.03376058594644071,0.03528648813611035,0.4301136797131324,0.4285877775234628,-0.2798123140306714,0.13866636148622824,0.01697566186007471,-0.30651560234989006,-0.45376516365301,0.261501487754634
1778211036156853531,1778211036164740438,-0.08068207827878204,0.3027008468757142,0.3374151216906984,0.002861066605630569,-0.03376058594644071,0.03528648813611035,0.4301136797131324,0.4285877775234628,-0.2798123140306714,0.13866636148622824,0.0165941863126573,-0.30651560234989006,-0.45376516365301,0.261501487754634
1778211036177814015,1778211036184738751,-0.08068207827878204,0.3027008468757142,0.3374151216906984,0.002861066605630569,-0.03376058594644071,0.03528648813611035,0.4301136797131324,0.4285877775234628,-0.2798123140306714,0.13866636148622824,0.0165941863126573,-0.30651560234989006,-0.45376516365301,0.261501487754634
1778211036198083246,1778211036204821033,-0.08068207827878204,0.3027008468757142,0.33779659723811584,0.002861066605630569,-0.03376058594644071,0.03528648813611035,0.4301136797131324,0.4285877775234628,-0.2798123140306714,0.13866636148622824,0.0165941863126573,-0.30651560234989006,-0.45376516365301,0.261501487754634
1778211036218427494,1778211036224711950,-0.08068207827878204,0.3027008468757142,0.3374151216906984,0.002861066605630569,-0.03376058594644071,0.03528648813611035,0.4301136797131324,0.4285877775234628,-0.2798123140306714,0.13866636148622824,0.0165941863126573,-0.30651560234989006,-0.4541466392004274,0.261501487754634
1778211036239426203,1778211036244808540,-0.08068207827878204,0.3027008468757142,0.33779659723811584,0.002861066605630569,-0.03376058594644071,0.03528648813611035,0.4301136797131324,0.4285877775234628,-0.2798123140306714,0.13866636148622824,0.0165941863126573,-0.30651560234989006,-0.4545281147478448,0.261501487754634
1778211036260200574,1778211036264730087,-0.08068207827878204,0.3027008468757142,0.33779659723811584,0.002861066605630569,-0.03376058594644071,0.03528648813611035,0.4301136797131324,0.4285877775234628,-0.2798123140306714,0.13866636148622824,0.0165941863126573,-0.30651560234989006,-0.4545281147478448,0.261501487754634
1778211036275054956,1778211036284775096,-0.08068207827878204,0.3027008468757142,0.33779659723811584,0.002861066605630569,-0.03376058594644071,0.03528648813611035,0.4301136797131324,0.4285877775234628,-0.2798123140306714,0.13866636148622824,0.0165941863126573,-0.30651560234989006,-0.4545281147478448,0.261501487754634
1778211036294307692,1778211036304740825,-0.08068207827878204,0.3027008468757142,0.33779659723811584,0.002861066605630569,-0.03376058594644071,0.03528648813611035,0.4301136797131324,0.4285877775234628,-0.2798123140306714,0.13866636148622824,0.0165941863126573,-0.30651560234989006,-0.45490959029526223,0.261501487754634
1778211036317107827,1778211036324699367,-0.08068207827878204,0.3027008468757142,0.33779659723811584,0.0024795910582131597,-0.03376058594644071,0.03528648813611035,0.4301136797131324,0.4285877775234628,-0.2801937895780888,0.13866636148622824,0.0165941863126573,-0.30651560234989006,-0.45490959029526223,0.261501487754634
1778211036342653434,1778211036344648180,-0.08068207827878204,0.3027008468757142,0.33779659723811584,0.0024795910582131597,-0.03376058594644071,0.03528648813611035,0.4301136797131324,0.4285877775234628,-0.2801937895780888,0.13866636148622824,0.0165941863126573,-0.30651560234989006,-0.45490959029526223,0.261501487754634
1778211036355782809,1778211036364773929,-0.08068207827878204,0.3027008468757142,0.33779659723811584,0.002861066605630569,-0.03376058594644071,0.03528648813611035,0.4301136797131324,0.4285877775234628,-0.2801937895780888,0.13866636148622824,0.0165941863126573,-0.30651560234989006,-0.45490959029526223,0.261501487754634
1778211036376328125,1778211036384756240,-0.08068207827878204,0.3027008468757142,0.33779659723811584,0.0024795910582131597,-0.03376058594644071,0.03528648813611035,0.4301136797131324,0.4285877775234628,-0.2801937895780888,0.13866636148622824,0.0165941863126573,-0.30651560234989006,-0.45490959029526223,0.261501487754634
1778211036397501494,1778211036404742498,-0.08068207827878204,0.3027008468757142,0.33779659723811584,0.0024795910582131597,-0.03376058594644071,0.03528648813611035,0.4301136797131324,0.4285877775234628,-0.2801937895780888,0.13866636148622824,0.0165941863126573,-0.30651560234989006,-0.45490959029526223,0.261501487754634
1778211036418066025,1778211036424761397,-0.08068207827878204,0.3027008468757142,0.33779659723811584,0.0024795910582131597,-0.03376058594644071,0.03528648813611035,0.4301136797131324,0.4285877775234628,-0.2801937895780888,0.13866636148622824,0.0165941863126573,-0.30651560234989006,-0.4545281147478448,0.261501487754634
1778211036438793812,1778211036444704233,-0.08068207827878204,0.3027008468757142,0.33779659723811584,0.0024795910582131597,-0.03376058594644071,0.03528648813611035,0.4301136797131324,0.4285877775234628,-0.2801937895780888,0.13866636148622824,0.0165941863126573,-0.30651560234989006,-0.4545281147478448,0.261501487754634
1778211036458570673,1778211036464723687,-0.08068207827878204,0.3027008468757142,0.33779659723811584,0.0024795910582131597,-0.03376058594644071,0.03528648813611035,0.4301136797131324,0.4285877775234628,-0.2801937895780888,0.13866636148622824,0.0165941863126573,-0.30651560234989006,-0.4545281147478448,0.261501487754634
1778211036479180438,1778211036484842909,-0.08068207827878204,0.3027008468757142,0.33779659723811584,0.0024795910582131597,-0.03376058594644071,0.03528648813611035,0.4301136797131324,0.4285877775234628,-0.2801937895780888,0.13866636148622824,0.0165941863126573,-0.30651560234989006,-0.4545281147478448,0.261501487754634
1778211036499740353,1778211036504800884,-0.08068207827878204,0.3027008468757142,0.33779659723811584,0.0024795910582131597,-0.03376058594644071,0.03528648813611035,0.4301136797131324,0.4285877775234628,-0.2801937895780888,0.13866636148622824,0.0165941863126573,-0.30651560234989006,-0.4545281147478448,0.261501487754634
1778211036520348358,1778211036524712443,-0.08068207827878204,0.3027008468757142,0.33779659723811584,0.0024795910582131597,-0.03376058594644071,0.03528648813611035,0.4301136797131324,0.4285877775234628,-0.2801937895780888,0.13866636148622824,0.0165941863126573,-0.30651560234989006,-0.4541466392004274,0.261501487754634
1778211036540861871,1778211036544722666,-0.08068207827878204,0.3027008468757142,0.33779659723811584,0.0024795910582131597,-0.03376058594644071,0.03528648813611035,0.4301136797131324,0.4285877775234628,-0.2801937895780888,0.13866636148622824,0.0165941863126573,-0.30651560234989006,-0.4541466392004274,0.261501487754634
1778211036553203092,1778211036564726533,-0.08068207827878204,0.3027008468757142,0.33779659723811584,0.002861066605630569,-0.03376058594644071,0.03528648813611035,0.4301136797131324,0.4285877775234628,-0.2801937895780888,0.13866636148622824,0.0165941863126573,-0.30651560234989006,-0.4541466392004274,0.261501487754634
1778211036583751312,1778211036584712983,-0.08068207827878204,0.3027008468757142,0.33779659723811584,0.0024795910582131597,-0.03376058594644071,0.03528648813611035,0.4301136797131324,0.4285877775234628,-0.2801937895780888,0.13866636148622824,0.0165941863126573,-0.30651560234989006,-0.45376516365301,0.261501487754634
1778211036592223242,1778211036604843089,-0.08068207827878204,0.3027008468757142,0.33779659723811584,0.0024795910582131597,-0.03376058594644071,0.03528648813611035,0.4301136797131324,0.4285877775234628,-0.2801937895780888,0.13866636148622824,0.0165941863126573,-0.30651560234989006,-0.45376516365301,0.261501487754634
1778211036615041210,1778211036624786856,-0.08068207827878204,0.3027008468757142,0.33779659723811584,0.0024795910582131597,-0.03376058594644071,0.03528648813611035,0.4301136797131324,0.4285877775234628,-0.2801937895780888,0.13866636148622824,0.0165941863126573,-0.30651560234989006,-0.45376516365301,0.261501487754634
1778211036636354610,1778211036644854415,-0.08068207827878204,0.3027008468757142,0.33779659723811584,0.0024795910582131597,-0.03376058594644071,0.03528648813611035,0.4301136797131324,0.4285877775234628,-0.2801937895780888,0.13866636148622824,0.0165941863126573,-0.30651560234989006,-0.45376516365301,0.261501487754634
1778211036656264719,1778211036664767139,-0.08068207827878204,0.3027008468757142,0.33779659723811584,0.0024795910582131597,-0.03376058594644071,0.03528648813611035,0.4301136797131324,0.4285877775234628,-0.2801937895780888,0.13866636148622824,0.0165941863126573,-0.30651560234989006,-0.4533836881055926,0.261501487754634
1778211036682324188,1778211036684745151,-0.08068207827878204,0.3027008468757142,0.33779659723811584,0.0024795910582131597,-0.03376058594644071,0.03528648813611035,0.4301136797131324,0.4285877775234628,-0.2801937895780888,0.13866636148622824,0.0165941863126573,-0.30651560234989006,-0.4533836881055926,0.261501487754634
1778211036703592526,1778211036704677134,-0.08068207827878204,0.3027008468757142,0.33779659723811584,0.0024795910582131597,-0.03376058594644071,0.03528648813611035,0.4301136797131324,0.4285877775234628,-0.2801937895780888,0.13866636148622824,0.0165941863126573,-0.30651560234989006,-0.4533836881055926,0.261501487754634
1778211036723285480,1778211036724686952,-0.08068207827878204,0.3027008468757142,0.33779659723811584,0.0024795910582131597,-0.03376058594644071,0.03528648813611035,0.4301136797131324,0.4285877775234628,-0.2801937895780888,0.13866636148622824,0.0165941863126573,-0.30651560234989006,-0.4533836881055926,0.261501487754634
1778211036743094325,1778211036744676733,-0.08068207827878204,0.3027008468757142,0.33779659723811584,0.0024795910582131597,-0.03376058594644071,0.03528648813611035,0.4301136797131324,0.4285877775234628,-0.2801937895780888,0.13866636148622824,0.0165941863126573,-0.30651560234989006,-0.4530022125581752,0.261501487754634
1778211036762614224,1778211036764766922,-0.08068207827878204,0.3027008468757142,0.33779659723811584,0.0024795910582131597,-0.03376058594644071,0.03528648813611035,0.4301136797131324,0.4285877775234628,-0.2801937895780888,0.13866636148622824,0.0165941863126573,-0.30651560234989006,-0.4526207370107578,0.261501487754634
1778211036774583963,1778211036784789833,-0.08068207827878204,0.3027008468757142,0.33779659723811584,0.0024795910582131597,-0.03376058594644071,0.03528648813611035,0.4301136797131324,0.4285877775234628,-0.2801937895780888,0.13866636148622824,0.0165941863126573,-0.30651560234989006,-0.4526207370107578,0.261501487754634
1778211036802621442,1778211036804750302,-0.08068207827878204,0.3027008468757142,0.33779659723811584,0.0024795910582131597,-0.03376058594644071,0.03528648813611035,0.4301136797131324,0.4285877775234628,-0.2801937895780888,0.13866636148622824,0.0165941863126573,-0.30651560234989006,-0.45071335927367073,0.261501487754634
1778211036815689168,1778211036824712200,-0.08106355382619945,0.3027008468757142,0.33779659723811584,0.0024795910582131597,-0.03376058594644071,0.03528648813611035,0.4301136797131324,0.4285877775234628,-0.2801937895780888,0.13866636148622824,0.0165941863126573,-0.30651560234989006,-0.4499504081788359,0.261501487754634
1778211036836263466,1778211036844703690,-0.08068207827878204,0.3027008468757142,0.33779659723811584,0.0024795910582131597,-0.03376058594644071,0.03528648813611035,0.4301136797131324,0.4285877775234628,-0.2801937895780888,0.13866636148622824,0.0165941863126573,-0.30651560234989006,-0.4499504081788359,0.261501487754634
1778211036856670781,1778211036864798212,-0.08068207827878204,0.3027008468757142,0.33779659723811584,0.0024795910582131597,-0.03376058594644071,0.03528648813611035,0.429732204165715,0.4285877775234628,-0.2801937895780888,0.13866636148622824,0.0165941863126573,-0.30651560234989006,-0.4499504081788359,0.261501487754634
1778211036877876640,1778211036884769264,-0.08068207827878204,0.3027008468757142,0.33779659723811584,0.0020981155107957505,-0.03376058594644071,0.03528648813611035,0.4301136797131324,0.4285877775234628,-0.2798123140306714,0.13866636148622824,0.0165941863126573,-0.30651560234989006,-0.4495689326314185,0.261501487754634
1778211036903864513,1778211036904672591,-0.08068207827878204,0.3027008468757142,0.33779659723811584,0.0020981155107957505,-0.03376058594644071,0.03528648813611035,0.4301136797131324,0.4285877775234628,-0.2798123140306714,0.13866636148622824,0.0165941863126573,-0.30651560234989006,-0.4491874570840011,0.261501487754634
1778211036914182024,1778211036924882961,-0.08068207827878204,0.3027008468757142,0.33779659723811584,0.0020981155107957505,-0.03376058594644071,0.03528648813611035,0.4301136797131324,0.4285877775234628,-0.2798123140306714,0.13866636148622824,0.0165941863126573,-0.30651560234989006,-0.44766155489433146,0.261501487754634
1778211036937682734,1778211036944755931,-0.08106355382619945,0.3027008468757142,0.33779659723811584,0.0020981155107957505,-0.03376058594644071,0.03528648813611035,0.4301136797131324,0.4285877775234628,-0.2798123140306714,0.13866636148622824,0.0165941863126573,-0.30651560234989006,-0.44232089723048773,0.261501487754634
1778211036958351539,1778211036964717293,-0.08106355382619945,0.3027008468757142,0.33779659723811584,0.0020981155107957505,-0.03376058594644071,0.03528648813611035,0.4301136797131324,0.4285877775234628,-0.2798123140306714,0.13866636148622824,0.0165941863126573,-0.30651560234989006,-0.4331654840924699,0.261501487754634
1778211036978641645,1778211036984770691,-0.08106355382619945,0.3027008468757142,0.3374151216906984,0.0020981155107957505,-0.03376058594644071,0.03528648813611035,0.4301136797131324,0.4285877775234628,-0.2798123140306714,0.13866636148622824,0.0165941863126573,-0.30651560234989006,-0.4240100709544521,0.2611200122072166
1778211036999270927,1778211037004792643,-0.08106355382619945,0.3027008468757142,0.3374151216906984,0.0020981155107957505,-0.03376058594644071,0.03528648813611035,0.429732204165715,0.4285877775234628,-0.2798123140306714,0.13866636148622824,0.0165941863126573,-0.30651560234989006,-0.41332875562676463,0.2611200122072166
1778211037019647566,1778211037024781918,-0.08106355382619945,0.3027008468757142,0.3366521705958636,0.0017166399633783413,-0.03376058594644071,0.03528648813611035,0.4301136797131324,0.4285877775234628,-0.2798123140306714,0.13866636148622824,0.01697566186007471,-0.30651560234989006,-0.39654383154039863,0.2611200122072166
1778211037040652709,1778211037044712234,-0.08068207827878204,0.3027008468757142,0.33398184176394174,0.0017166399633783413,-0.03376058594644071,0.03528648813611035,0.4301136797131324,0.4285877775234628,-0.2798123140306714,0.13866636148622824,0.01697566186007471,-0.30651560234989006,-0.37594415197985853,0.2607385366597992
1778211037062185824,1778211037064719046,-0.08068207827878204,0.3027008468757142,0.33054856183718506,0.0013351644159609322,-0.03376058594644071,0.03528648813611035,0.4301136797131324,0.4285877775234628,-0.2798123140306714,0.13866636148622824,0.01697566186007471,-0.30651560234989006,-0.35954070344090994,0.25921263447012954
1778211037076347680,1778211037084776702,-0.08030060273136463,0.3027008468757142,0.32940413519493283,0.0013351644159609322,-0.03376058594644071,0.03528648813611035,0.4301136797131324,0.4285877775234628,-0.2798123140306714,0.13866636148622824,0.0165941863126573,-0.30651560234989006,-0.3503852903028921,0.2569237811856251
1778211037096526292,1778211037104801089,-0.07953765163652982,0.3027008468757142,0.3274967574578458,0.0005722133211261138,-0.03376058594644071,0.03528648813611035,0.4301136797131324,0.4285877775234628,-0.2798123140306714,0.13866636148622824,0.0165941863126573,-0.30651560234989006,-0.3450446326390484,0.2534905012588684
1778211037116919891,1778211037124791959,-0.07839322499427759,0.3027008468757142,0.32558937972075874,0.0001907377737087046,-0.03376058594644071,0.03528648813611035,0.4301136797131324,0.4285877775234628,-0.2798123140306714,0.13866636148622824,0.0165941863126573,-0.30651560234989006,-0.336270695048448,0.24967574578469431
1778211037137454625,1778211037144758350,-0.07839322499427759,0.3027008468757142,0.32253757534141947,0.0001907377737087046,-0.03376058594644071,0.03528648813611035,0.4301136797131324,0.4285877775234628,-0.279430838483254,0.13866636148622824,0.0165941863126573,-0.30651560234989006,-0.32749675745784756,0.24700541695277245
1778211037158158492,1778211037164747914,-0.07839322499427759,0.3027008468757142,0.3198672465094976,0.0001907377737087046,-0.03376058594644071,0.03528648813611035,0.4301136797131324,0.4285877775234628,-0.279430838483254,0.13866636148622824,0.01697566186007471,-0.30651560234989006,-0.32215609979400384,0.2454795147631028
1778211037178771577,1778211037184784576,-0.07839322499427759,0.3027008468757142,0.3187228198672454,-0.0001907377737087046,-0.03376058594644071,0.03528648813611035,0.4301136797131324,0.4285877775234628,-0.279430838483254,0.13866636148622824,0.01697566186007471,-0.30651560234989006,-0.3156710154879079,0.24280918593118095
1778211037199316462,1778211037204671991,-0.078774700541695,0.3027008468757142,0.31834134431982797,0.0001907377737087046,-0.03376058594644071,0.03528648813611035,0.4301136797131324,0.4285877775234628,-0.279430838483254,0.13866636148622824,0.0165941863126573,-0.30651560234989006,-0.30651560234989006,0.24166475928892872
1778211037219982328,1778211037224672304,-0.078774700541695,0.3027008468757142,0.3164339665827409,-0.0001907377737087046,-0.03376058594644071,0.03528648813611035,0.4301136797131324,0.4285877775234628,-0.2790493629358366,0.13866636148622824,0.01697566186007471,-0.30651560234989006,-0.3004119935912115,0.23899443045700686
1778211037241154711,1778211037244856031,-0.07839322499427759,0.3027008468757142,0.31300068665598424,0.0001907377737087046,-0.03376058594644071,0.03528648813611035,0.4301136797131324,0.4285877775234628,-0.2786678873884192,0.13866636148622824,0.01697566186007471,-0.30651560234989006,-0.29812314030670706,0.23746852826733722
1778211037261651351,1778211037264720835,-0.07801174944686018,0.3027008468757142,0.311856260013732,-0.0001907377737087046,-0.03376058594644071,0.03528648813611035,0.4301136797131324,0.4285877775234628,-0.2782864118410018,0.13866636148622824,0.0165941863126573,-0.30651560234989006,-0.2988860914015419,0.23517967498283276
1778211037282237287,1778211037284713093,-0.07801174944686018,0.3027008468757142,0.311856260013732,-0.0001907377737087046,-0.03376058594644071,0.03528648813611035,0.4301136797131324,0.4285877775234628,-0.2752346074616625,0.13866636148622824,0.0165941863126573,-0.30651560234989006,-0.30117494468604633,0.2325093461509109
1778211037303520312,1778211037304673614,-0.07801174944686018,0.3023193713282968,0.311856260013732,0.0001907377737087046,-0.03376058594644071,0.03528648813611035,0.4301136797131324,0.4285877775234628,-0.26874952315556655,0.13866636148622824,0.0165941863126573,-0.30651560234989006,-0.31071183337148156,0.23060196841382385
1778211037323634597,1778211037324674650,-0.07763027389944277,0.3019378957808794,0.311856260013732,-0.0001907377737087046,-0.03376058594644071,0.03528648813611035,0.4301136797131324,0.4285877775234628,-0.2634088654917228,0.13866636148622824,0.01697566186007471,-0.30651560234989006,-0.3202487220569168,0.2283131151293194
1778211037344136728,1778211037344814352,-0.07763027389944277,0.30079346913862715,0.311856260013732,-0.0001907377737087046,-0.03376058594644071,0.03528648813611035,0.4301136797131324,0.4285877775234628,-0.25959411001754873,0.13866636148622824,0.01697566186007471,-0.30651560234989006,-0.3210116731517516,0.22716868848706717
1778211037354519913,1778211037364761201,-0.07763027389944277,0.30041199359120974,0.3107118333714798,-0.0001907377737087046,-0.033379110399023304,0.03528648813611035,0.429732204165715,0.4285877775234628,-0.25692378118562686,0.13866636148622824,0.01697566186007471,-0.30651560234989006,-0.3210116731517516,0.22678721293964976
1778211037375348118,1778211037384755424,-0.07724879835202536,0.30079346913862715,0.3068970778973057,-0.0001907377737087046,-0.03376058594644071,0.03528648813611035,0.429732204165715,0.4285877775234628,-0.25234607461661795,0.13866636148622824,0.01697566186007471,-0.30651560234989006,-0.3210116731517516,0.22640573739223235
1778211037400284991,1778211037404703032,-0.07648584725719054,0.30041199359120974,0.3030823224231316,-0.0001907377737087046,-0.033379110399023304,0.03528648813611035,0.4293507286182976,0.4285877775234628,-0.2500572213321135,0.13866636148622824,0.01697566186007471,-0.30651560234989006,-0.3175783932249949,0.22487983520256272
1778211037413054518,1778211037424678238,-0.07610437170977313,0.3000305180437923,0.3000305180437923,-0.0001907377737087046,-0.033379110399023304,0.03528648813611035,0.4293507286182976,0.4285877775234628,-0.24891279468986127,0.13866636148622824,0.01697566186007471,-0.30651560234989006,-0.3126192111085686,0.2244983596551453
1778211037443489247,1778211037444703357,-0.07572289616235572,0.2985046158541227,0.295071335927366,-0.0001907377737087046,-0.033379110399023304,0.03528648813611035,0.4293507286182976,0.4285877775234628,-0.24395361257343495,0.13866636148622824,0.0165941863126573,-0.30651560234989006,-0.29736018921187224,0.2244983596551453
1778211037452598570,1778211037464722461,-0.07572289616235572,0.2985046158541227,0.29354543373769637,-0.0001907377737087046,-0.033379110399023304,0.03528648813611035,0.4289692530708802,0.4285877775234628,-0.2412832837415131,0.13866636148622824,0.0165941863126573,-0.30651560234989006,-0.2954528114747852,0.22487983520256272
1778211037475987321,1778211037484809990,-0.07534142061493831,0.29621576256961824,0.29278248264286155,-0.0001907377737087046,-0.033379110399023304,0.03528648813611035,0.42706187533379314,0.4285877775234628,-0.23861295490959122,0.13866636148622824,0.0165941863126573,-0.30651560234989006,-0.29392690928511556,0.22716868848706717
1778211037497591547,1778211037504723970,-0.07534142061493831,0.29240100709544414,0.29278248264286155,-0.0001907377737087046,-0.032997634851605895,0.03528648813611035,0.42668039978637573,0.4285877775234628,-0.23517967498283454,0.13866636148622824,0.0165941863126573,-0.30651560234989006,-0.29392690928511556,0.22716868848706717
1778211037518360386,1778211037524833874,-0.0749599450675209,0.28858625162127005,0.29278248264286155,-0.0005722133211261138,-0.03109025711451885,0.03528648813611035,0.4262989242389583,0.4285877775234628,-0.2340352483405823,0.13866636148622824,0.0165941863126573,-0.30651560234989006,-0.29430838483253297,0.22716868848706717
1778211037538329539,1778211037544719115,-0.07419699397268609,0.2862973983367656,0.29316395819027896,-0.0005722133211261138,-0.027275501640344757,0.03528648813611035,0.42324711985961905,0.4285877775234628,-0.2340352483405823,0.13866636148622824,0.0165941863126573,-0.30651560234989006,-0.2954528114747852,0.22716868848706717
1778211037559684534,1778211037564705153,-0.07305256733043386,0.2828641184100089,0.29316395819027896,-0.000953688868543523,-0.024605172808422893,0.03528648813611035,0.421339742122532,0.4285877775234628,-0.2340352483405823,0.13866636148622824,0.01697566186007471,-0.30651560234989006,-0.2954528114747852,0.22716868848706717
1778211037579396360,1778211037584761342,-0.07228961623559904,0.2821011673151741,0.29316395819027896,-0.0013351644159609322,-0.02040894178683139,0.03528648813611035,0.421339742122532,0.4285877775234628,-0.2340352483405823,0.13866636148622824,0.0165941863126573,-0.30651560234989006,-0.2965972381170374,0.22678721293964976
1778211037600067068,1778211037604730656,-0.07152666514076422,0.2817196917677567,0.29316395819027896,-0.0024795910582131597,-0.0165941863126573,0.03528648813611035,0.4201953154802798,0.4285877775234628,-0.2340352483405823,0.13866636148622824,0.0165941863126573,-0.30651560234989006,-0.29697871366445483,0.22716868848706717
1778211037620530817,1778211037624683054,-0.07000076295109459,0.27981231403066964,0.29316395819027896,-0.004386968795300206,-0.013542381933318026,0.03528648813611035,0.41981383993286236,0.4285877775234628,-0.23212787060349527,0.13866636148622824,0.0165941863126573,-0.30651560234989006,-0.29736018921187224,0.22755016403448458
1778211037641651607,1778211037644746968,-0.06961928740367718,0.27599755855649555,0.29316395819027896,-0.005912870984969842,-0.010490577553978753,0.03528648813611035,0.41981383993286236,0.4285877775234628,-0.23060196841382563,0.13866636148622824,0.01697566186007471,-0.30651560234989006,-0.3004119935912115,0.227931639581902
1778211037661650761,1778211037664705768,-0.06885633630884236,0.2737087052719911,0.29354543373769637,-0.007820248722056888,-0.008964675364309116,0.03528648813611035,0.41981383993286236,0.4285877775234628,-0.229076066224156,0.13866636148622824,0.0165941863126573,-0.30651560234989006,-0.30613412680247265,0.2283131151293194
1778211037672736452,1778211037684750870,-0.06847486076142495,0.27180132753490405,0.29354543373769637,-0.008201724269474298,-0.007820248722056888,0.03528648813611035,0.41981383993286236,0.4285877775234628,-0.22678721293965154,0.13866636148622824,0.01697566186007471,-0.30651560234989006,-0.3080415045395597,0.2283131151293194
1778211037703634059,1778211037704670659,-0.0665674830243379,0.26798657206072996,0.29316395819027896,-0.008583199816891707,-0.00705729762722207,0.03528648813611035,0.41981383993286236,0.4285877775234628,-0.2248798352025645,0.13866636148622824,0.0165941863126573,-0.30651560234989006,-0.31528953994049047,0.23098344396124126
1778211037712693725,1778211037724709686,-0.0665674830243379,0.26722362096589514,0.29316395819027896,-0.009346150911726525,-0.00705729762722207,0.03528648813611035,0.41981383993286236,0.4285877775234628,-0.22373540856031227,0.13866636148622824,0.0165941863126573,-0.30651560234989006,-0.31795986877241234,0.23136491950865867
1778211037734913351,1778211037744692617,-0.0665674830243379,0.2660791943236429,0.29316395819027896,-0.01163500419623098,-0.006675822079804661,0.03528648813611035,0.41943236438544496,0.4285877775234628,-0.22220950637064263,0.13866636148622824,0.0165941863126573,-0.30651560234989006,-0.3171969176775775,0.2321278706034935
1778211037762522206,1778211037764718257,-0.0665674830243379,0.2660791943236429,0.29316395819027896,-0.01621271076523989,-0.006294346532387252,0.03528648813611035,0.41943236438544496,0.4285877775234628,-0.21534294651712926,0.13866636148622824,0.0165941863126573,-0.30651560234989006,-0.3171969176775775,0.2325093461509109
1778211037776117721,1778211037784709702,-0.0665674830243379,0.2660791943236429,0.29316395819027896,-0.01697566186007471,-0.0036240177004653873,0.03528648813611035,0.41943236438544496,0.4289692530708802,-0.21496147096971185,0.13866636148622824,0.0165941863126573,-0.30651560234989006,-0.3168154421301601,0.2325093461509109
1778211037796591255,1778211037804836659,-0.0665674830243379,0.2660791943236429,0.29316395819027896,-0.019645990691996573,0.0013351644159609322,0.03528648813611035,0.4201953154802798,0.43087663080796723,-0.21152819104295517,0.13866636148622824,0.0165941863126573,-0.30651560234989006,-0.3175783932249949,0.2325093461509109
1778211037816901888,1778211037824774966,-0.0665674830243379,0.2660791943236429,0.29316395819027896,-0.020027466239413982,0.005531395437552433,0.03528648813611035,0.4201953154802798,0.43240253299763687,-0.21038376440070294,0.13866636148622824,0.0165941863126573,-0.30651560234989006,-0.31795986877241234,0.2321278706034935
1778211037837572586,1778211037844690324,-0.0665674830243379,0.2660791943236429,0.29316395819027896,-0.0207904173342488,0.010490577553978753,0.03528648813611035,0.4209582665751146,0.43240253299763687,-0.2084763866636159,0.13866636148622824,0.0165941863126573,-0.30651560234989006,-0.32253757534142125,0.2321278706034935
1778211037858344961,1778211037864873523,-0.0661860074769205,0.2660791943236429,0.29316395819027896,-0.02117189288166621,0.013923857480735435,0.03528648813611035,0.42248416876478423,0.43240253299763687,-0.2084763866636159,0.13866636148622824,0.0165941863126573,-0.30651560234989006,-0.32673380636301275,0.2325093461509109
1778211037878761974,1778211037884772527,-0.0661860074769205,0.2660791943236429,0.29354543373769637,-0.023079270618753256,0.01697566186007471,0.03528648813611035,0.42286564431220164,0.43240253299763687,-0.2084763866636159,0.13866636148622824,0.0165941863126573,-0.30651560234989006,-0.33474479285877834,0.2325093461509109
1778211037899514257,1778211037904735466,-0.06580453192950309,0.2660791943236429,0.29354543373769637,-0.023460746166170665,0.019645990691996573,0.03490501258869294,0.42324711985961905,0.4327840085450543,-0.2084763866636159,0.13866636148622824,0.0165941863126573,-0.30651560234989006,-0.3450446326390484,0.2321278706034935
1778211037920510626,1778211037924744917,-0.06542305638208568,0.2653162432288081,0.2946898603799486,-0.023460746166170665,0.022316319523918438,0.03528648813611035,0.42324711985961905,0.4339284351873065,-0.2084763866636159,0.13866636148622824,0.0165941863126573,-0.30651560234989006,-0.3542000457770662,0.2321278706034935
1778211037940347192,1778211037944800153,-0.06466010528725086,0.26379034103913845,0.295071335927366,-0.023460746166170665,0.026894026092927348,0.03528648813611035,0.42362859540703646,0.43621728847181096,-0.2084763866636159,0.13866636148622824,0.0165941863126573,-0.30651560234989006,-0.3580148012512403,0.23174639505607608
1778211037960868327,1778211037964747979,-0.06427862973983345,0.25997558556496436,0.295071335927366,-0.023460746166170665,0.027656977187762166,0.03528648813611035,0.42401007095445387,0.4377431906614806,-0.2084763866636159,0.13904783703364565,0.0165941863126573,-0.30651560234989006,-0.36068513008316216,0.23136491950865867
1778211037976506001,1778211037984742021,-0.06427862973983345,0.2565423056382077,0.295071335927366,-0.023460746166170665,0.028419928282596985,0.03528648813611035,0.42401007095445387,0.438124666208898,-0.2084763866636159,0.13904783703364565,0.0165941863126573,-0.30651560234989006,-0.3652628366521711,0.23060196841382385
1778211037997530847,1778211038004758392,-0.06313420309758122,0.25120164797436395,0.2954528114747834,-0.023842221713588074,0.03070878156710144,0.03528648813611035,0.4243915465018713,0.438124666208898,-0.2084763866636159,0.13866636148622824,0.0165941863126573,-0.30651560234989006,-0.37174792095826703,0.22945754177157163
1778211038017296729,1778211038024694362,-0.060845349813076766,0.24814984359502468,0.2954528114747834,-0.024223697261005483,0.03147173266193626,0.03490501258869294,0.4251544975967061,0.438124666208898,-0.2084763866636159,0.13866636148622824,0.0165941863126573,-0.30651560234989006,-0.378233005264363,0.22755016403448458
1778211038038701588,1778211038044692089,-0.060845349813076766,0.24395361257343318,0.2954528114747834,-0.024223697261005483,0.032234683756771076,0.03490501258869294,0.42820630197604537,0.4385061417563154,-0.2084763866636159,0.13866636148622824,0.0165941863126573,-0.30651560234989006,-0.3839551384756241,0.2244983596551453
1778211038063699976,1778211038064672512,-0.05931944762340713,0.2409018081940939,0.2954528114747834,-0.024986648355840302,0.03452353704127553,0.03490501258869294,0.4301136797131324,0.4388876173037328,-0.2084763866636159,0.13866636148622824,0.01621271076523989,-0.30651560234989006,-0.38929579613946785,0.22182803082322344
1778211038084349645,1778211038085026102,-0.0581750209811549,0.23861295490958945,0.2954528114747834,-0.024986648355840302,0.03490501258869294,0.03490501258869294,0.43087663080796723,0.4388876173037328,-0.2084763866636159,0.13866636148622824,0.01621271076523989,-0.30651560234989006,-0.39806973373006826,0.219539177538719
1778211038102198985,1778211038104677555,-0.056649118791485265,0.236324101625085,0.2954528114747834,-0.02574959945067512,0.03528648813611035,0.03490501258869294,0.4304951552605498,0.4388876173037328,-0.2084763866636159,0.13866636148622824,0.01621271076523989,-0.30651560234989006,-0.4037918669413294,0.2157244220645449
1778211038112396752,1778211038124710546,-0.05512321660181563,0.23556115053025017,0.29621576256961824,-0.02613107499809253,0.03528648813611035,0.03490501258869294,0.4304951552605498,0.4388876173037328,-0.2084763866636159,0.13866636148622824,0.0165941863126573,-0.30651560234989006,-0.40608072022583386,0.21496147096971008
1778211038135572883,1778211038144687626,-0.05512321660181563,0.23365377279316313,0.29697871366445305,-0.026894026092927348,0.03528648813611035,0.03528648813611035,0.43087663080796723,0.4388876173037328,-0.2084763866636159,0.13866636148622824,0.0165941863126573,-0.30651560234989006,-0.4083695735103383,0.21076523994811858
1778211038156119800,1778211038164749324,-0.05512321660181563,0.23327229724574572,0.2992675669489575,-0.026894026092927348,0.03566796368352776,0.03528648813611035,0.43087663080796723,0.4388876173037328,-0.2084763866636159,0.13866636148622824,0.0165941863126573,-0.30651560234989006,-0.40951400015259054,0.2077134355687793
1778211038176723029,1778211038184808154,-0.05512321660181563,0.23327229724574572,0.30117494468604455,-0.026894026092927348,0.037193865873197396,0.03490501258869294,0.43125810635538464,0.4388876173037328,-0.2088578622110333,0.13866636148622824,0.01621271076523989,-0.30651560234989006,-0.411802853437095,0.20656900892652708
1778211038197570837,1778211038204703727,-0.05512321660181563,0.23327229724574572,0.3019378957808794,-0.026894026092927348,0.03833829251544962,0.03490501258869294,0.43125810635538464,0.4388876173037328,-0.20923933775845072,0.13866636148622824,0.0165941863126573,-0.30651560234989006,-0.4125658045319298,0.20466163118944003
1778211038218300429,1778211038224694485,-0.05474174105439822,0.23327229724574572,0.3019378957808794,-0.026894026092927348,0.03833829251544962,0.03490501258869294,0.43125810635538464,0.4388876173037328,-0.21076523994812035,0.13866636148622824,0.0165941863126573,-0.30651560234989006,-0.4125658045319298,0.2038986800946052
1778211038238740072,1778211038244721538,-0.05474174105439822,0.23327229724574572,0.3019378957808794,-0.026894026092927348,0.03833829251544962,0.03490501258869294,0.43125810635538464,0.4388876173037328,-0.2130540932326248,0.13866636148622824,0.0165941863126573,-0.30651560234989006,-0.41371023117418204,0.2038986800946052
1778211038260067815,1778211038264703484,-0.05436026550698081,0.23327229724574572,0.3019378957808794,-0.026894026092927348,0.03833829251544962,0.03490501258869294,0.43125810635538464,0.4388876173037328,-0.2164873731593815,0.13866636148622824,0.0165941863126573,-0.30651560234989006,-0.4163805600061039,0.2038986800946052
1778211038280074774,1778211038284770725,-0.05359731441214599,0.23327229724574572,0.3019378957808794,-0.026894026092927348,0.03833829251544962,0.03490501258869294,0.43125810635538464,0.4388876173037328,-0.220683604180973,0.13828488593881083,0.01621271076523989,-0.30651560234989006,-0.41905088883802577,0.2035172045471878
1778211038292345167,1778211038304796784,-0.05359731441214599,0.23327229724574572,0.3023193713282968,-0.026894026092927348,0.03833829251544962,0.03490501258869294,0.43125810635538464,0.4388876173037328,-0.2252613107499819,0.13828488593881083,0.01621271076523989,-0.30651560234989006,-0.4205767910276954,0.20275425345235298
1778211038316220052,1778211038324682346,-0.05321583886472858,0.23327229724574572,0.3027008468757142,-0.027275501640344757,0.03833829251544962,0.03490501258869294,0.43087663080796723,0.4388876173037328,-0.2294575417715734,0.13866636148622824,0.01621271076523989,-0.30651560234989006,-0.4205767910276954,0.20275425345235298
1778211038336616980,1778211038344681143,-0.05359731441214599,0.23327229724574572,0.30422674906538383,-0.027275501640344757,0.03833829251544962,0.03490501258869294,0.43125810635538464,0.4388876173037328,-0.23250934615091268,0.13866636148622824,0.01621271076523989,-0.30651560234989006,-0.4205767910276954,0.20199130235751817
1778211038357291390,1778211038364715108,-0.05359731441214599,0.23327229724574572,0.30460822461280124,-0.027275501640344757,0.03833829251544962,0.03490501258869294,0.43125810635538464,0.4388876173037328,-0.23517967498283454,0.13866636148622824,0.0165941863126573,-0.30651560234989006,-0.4209582665751128,0.20160982681010076
1778211038377880364,1778211038384743287,-0.05359731441214599,0.23327229724574572,0.30537117570763606,-0.027275501640344757,0.03833829251544962,0.03490501258869294,0.43125810635538464,0.4388876173037328,-0.2370870527199216,0.13866636148622824,0.0165941863126573,-0.30651560234989006,-0.4209582665751128,0.20122835126268335
1778211038398773214,1778211038404764163,-0.05359731441214599,0.23327229724574572,0.3072785534447231,-0.027275501640344757,0.03871976806286703,0.03490501258869294,0.43125810635538464,0.4388876173037328,-0.23899443045700863,0.13866636148622824,0.0165941863126573,-0.30651560234989006,-0.4213397421225302,0.20122835126268335
1778211038419077190,1778211038424679449,-0.05359731441214599,0.23327229724574572,0.30880445563439274,-0.027275501640344757,0.03871976806286703,0.03490501258869294,0.43125810635538464,0.4388876173037328,-0.24090180819409568,0.13866636148622824,0.01621271076523989,-0.30651560234989006,-0.4209582665751128,0.20122835126268335
1778211038443408736,1778211038444671890,-0.05283436331731117,0.23327229724574572,0.30880445563439274,-0.027275501640344757,0.03833829251544962,0.03490501258869294,0.43125810635538464,0.4388876173037328,-0.24319066147860013,0.13866636148622824,0.0165941863126573,-0.30651560234989006,-0.4213397421225302,0.20122835126268335
1778211038455345411,1778211038464676239,-0.05283436331731117,0.23327229724574572,0.30880445563439274,-0.027275501640344757,0.03833829251544962,0.03490501258869294,0.43125810635538464,0.4388876173037328,-0.24357213702601754,0.13866636148622824,0.01621271076523989,-0.30651560234989006,-0.4213397421225302,0.20084687571526594
1778211038482306662,1778211038484678911,-0.05283436331731117,0.23327229724574572,0.30880445563439274,-0.027275501640344757,0.03833829251544962,0.03490501258869294,0.43125810635538464,0.4388876173037328,-0.245860990310522,0.13866636148622824,0.0165941863126573,-0.30651560234989006,-0.4209582665751128,0.20084687571526594
1778211038496289279,1778211038504737162,-0.05283436331731117,0.23327229724574572,0.30880445563439274,-0.026894026092927348,0.03833829251544962,0.03490501258869294,0.43125810635538464,0.4388876173037328,-0.24662394140535682,0.13828488593881083,0.0165941863126573,-0.30651560234989006,-0.4209582665751128,0.20046540016784853
1778211038516475458,1778211038524737289,-0.05283436331731117,0.23327229724574572,0.30880445563439274,-0.026894026092927348,0.03833829251544962,0.03490501258869294,0.43125810635538464,0.4388876173037328,-0.24776836804760904,0.13866636148622824,0.01621271076523989,-0.30651560234989006,-0.4209582665751128,0.20008392462043112
1778211038537013127,1778211038544836469,-0.05283436331731117,0.23327229724574572,0.30842298008697533,-0.027275501640344757,0.03833829251544962,0.03490501258869294,0.43125810635538464,0.4388876173037328,-0.2508201724269483,0.13866636148622824,0.0165941863126573,-0.30651560234989006,-0.4213397421225302,0.1997024490730137
1778211038557661982,1778211038564709157,-0.05321583886472858,0.23327229724574572,0.30842298008697533,-0.027275501640344757,0.03833829251544962,0.03490501258869294,0.43125810635538464,0.4388876173037328,-0.2531090257114528,0.13866636148622824,0.01621271076523989,-0.30651560234989006,-0.4213397421225302,0.1993209735255963
1778211038578291025,1778211038584732267,-0.05321583886472858,0.23327229724574572,0.30842298008697533,-0.027275501640344757,0.03833829251544962,0.03490501258869294,0.43125810635538464,0.4388876173037328,-0.2538719768062876,0.13866636148622824,0.01621271076523989,-0.30651560234989006,-0.4209582665751128,0.19779507133592666
1778211038598849796,1778211038604673501,-0.05321583886472858,0.23327229724574572,0.30842298008697533,-0.027275501640344757,0.03833829251544962,0.03490501258869294,0.43125810635538464,0.4388876173037328,-0.254253452353705,0.13866636148622824,0.01621271076523989,-0.30651560234989006,-0.4209582665751128,0.19703212024109185
1778211038619546234,1778211038624681425,-0.05321583886472858,0.23327229724574572,0.30842298008697533,-0.027275501640344757,0.03833829251544962,0.03490501258869294,0.43125810635538464,0.4388876173037328,-0.2546349279011224,0.13866636148622824,0.01621271076523989,-0.30651560234989006,-0.4205767910276954,0.19703212024109185
1778211038639840042,1778211038644707636,-0.05321583886472858,0.23327229724574572,0.30842298008697533,-0.026894026092927348,0.03833829251544962,0.03490501258869294,0.43125810635538464,0.4388876173037328,-0.2550164034485398,0.13866636148622824,0.01621271076523989,-0.30651560234989006,-0.420195315480278,0.19665064469367444
1778211038660514334,1778211038664714826,-0.05283436331731117,0.23327229724574572,0.30842298008697533,-0.027275501640344757,0.03833829251544962,0.03490501258869294,0.43125810635538464,0.4388876173037328,-0.25616083009079205,0.13866636148622824,0.01621271076523989,-0.30651560234989006,-0.420195315480278,0.19665064469367444
1778211038681609801,1778211038684809606,-0.05283436331731117,0.23327229724574572,0.30842298008697533,-0.027275501640344757,0.03833829251544962,0.03490501258869294,0.43125810635538464,0.4388876173037328,-0.2580682078278791,0.13866636148622824,0.01621271076523989,-0.30651560234989006,-0.420195315480278,0.19665064469367444
1778211038701751608,1778211038704657535,-0.05283436331731117,0.23327229724574572,0.30842298008697533,-0.027275501640344757,0.03833829251544962,0.03490501258869294,0.43125810635538464,0.4388876173037328,-0.2588311589227139,0.13828488593881083,0.0165941863126573,-0.30651560234989006,-0.420195315480278,0.19588769359883962
1778211038722526285,1778211038724696423,-0.05283436331731117,0.23327229724574572,0.30842298008697533,-0.027275501640344757,0.03833829251544962,0.03490501258869294,0.43125810635538464,0.4388876173037328,-0.26112001220721837,0.13828488593881083,0.01621271076523989,-0.30651560234989006,-0.420195315480278,0.1951247425040048
1778211038742883266,1778211038744706391,-0.05283436331731117,0.23327229724574572,0.30842298008697533,-0.027275501640344757,0.03833829251544962,0.03490501258869294,0.43125810635538464,0.4388876173037328,-0.2615014877546358,0.13828488593881083,0.0165941863126573,-0.30651560234989006,-0.420195315480278,0.19436179140916998
1778211038762708681,1778211038764679995,-0.05321583886472858,0.23327229724574572,0.30842298008697533,-0.027275501640344757,0.03833829251544962,0.03490501258869294,0.43125810635538464,0.4388876173037328,-0.2618829633020532,0.13828488593881083,0.01621271076523989,-0.30651560234989006,-0.4198138399328606,0.19398031586175257
1778211038784428903,1778211038784880079,-0.05321583886472858,0.23327229724574572,0.30842298008697533,-0.027275501640344757,0.03833829251544962,0.03490501258869294,0.43125810635538464,0.4388876173037328,-0.2618829633020532,0.13866636148622824,0.0165941863126573,-0.30651560234989006,-0.4198138399328606,0.19398031586175257
1778211038802578248,1778211038804680771,-0.05321583886472858,0.23327229724574572,0.30842298008697533,-0.027275501640344757,0.03833829251544962,0.03490501258869294,0.43125810635538464,0.4388876173037328,-0.2622644388494706,0.13828488593881083,0.0165941863126573,-0.30651560234989006,-0.4194323643854432,0.19359884031433516
1778211038815513365,1778211038824776127,-0.05321583886472858,0.23327229724574572,0.30842298008697533,-0.027275501640344757,0.03833829251544962,0.03490501258869294,0.43125810635538464,0.4388876173037328,-0.2622644388494706,0.13866636148622824,0.01621271076523989,-0.30651560234989006,-0.4194323643854432,0.19359884031433516
1778211038842617783,1778211038844705897,-0.05321583886472858,0.23327229724574572,0.30842298008697533,-0.027275501640344757,0.03833829251544962,0.03490501258869294,0.43125810635538464,0.4388876173037328,-0.2622644388494706,0.13866636148622824,0.01621271076523989,-0.30651560234989006,-0.41905088883802577,0.19359884031433516
1778211038852225738,1778211038864749628,-0.05321583886472858,0.23327229724574572,0.30842298008697533,-0.027275501640344757,0.03833829251544962,0.03490501258869294,0.43125810635538464,0.4388876173037328,-0.2622644388494706,0.13866636148622824,0.01621271076523989,-0.30651560234989006,-0.41828793774319095,0.19359884031433516
1778211038882835497,1778211038884698644,-0.05283436331731117,0.23327229724574572,0.30842298008697533,-0.027275501640344757,0.03833829251544962,0.03490501258869294,0.43125810635538464,0.4388876173037328,-0.26417181658655764,0.13828488593881083,0.0165941863126573,-0.30651560234989006,-0.411802853437095,0.19359884031433516
1778211038892457858,1778211038904711551,-0.05283436331731117,0.23327229724574572,0.30842298008697533,-0.027656977187762166,0.03833829251544962,0.03490501258869294,0.43125810635538464,0.4388876173037328,-0.26493476768139246,0.13866636148622824,0.0165941863126573,-0.30651560234989006,-0.4114213778896776,0.19359884031433516
1778211038922320051,1778211038924743430,-0.05283436331731117,0.23327229724574572,0.30842298008697533,-0.027656977187762166,0.03833829251544962,0.03490501258869294,0.43125810635538464,0.4388876173037328,-0.2672236209658969,0.13828488593881083,0.0165941863126573,-0.30651560234989006,-0.4114213778896776,0.19321736476691775
1778211038932627683,1778211038944741026,-0.05283436331731117,0.23327229724574572,0.30842298008697533,-0.027656977187762166,0.03871976806286703,0.03490501258869294,0.43163958190280205,0.4388876173037328,-0.26913099870298396,0.13828488593881083,0.0165941863126573,-0.30651560234989006,-0.41065842679484277,0.19321736476691775
1778211038955826140,1778211038964679529,-0.05321583886472858,0.23327229724574572,0.30842298008697533,-0.027656977187762166,0.03871976806286703,0.03490501258869294,0.43163958190280205,0.4388876173037328,-0.2698939497978188,0.13828488593881083,0.01621271076523989,-0.30651560234989006,-0.4076066224155035,0.19321736476691775
1778211038976395292,1778211038984758479,-0.05283436331731117,0.23327229724574572,0.30842298008697533,-0.027656977187762166,0.03910124361028444,0.03490501258869294,0.43163958190280205,0.4388876173037328,-0.2702754253452362,0.13828488593881083,0.0165941863126573,-0.30651560234989006,-0.4079880979629209,0.19321736476691775
1778211038997582944,1778211039004696078,-0.05283436331731117,0.23327229724574572,0.30842298008697533,-0.028038452735179575,0.04100862134737149,0.03490501258869294,0.43202105745021946,0.4388876173037328,-0.27294575417715805,0.13866636148622824,0.0165941863126573,-0.30651560234989006,-0.4076066224155035,0.19321736476691775
1778211039017736157,1778211039024706201,-0.05283436331731117,0.23327229724574572,0.30842298008697533,-0.028801403830014394,0.042534523537041125,0.03490501258869294,0.43240253299763687,0.4388876173037328,-0.2756160830090799,0.13828488593881083,0.01621271076523989,-0.30651560234989006,-0.4076066224155035,0.19321736476691775
1778211039038640550,1778211039044688772,-0.05283436331731117,0.23327229724574572,0.30842298008697533,-0.029182879377431803,0.042534523537041125,0.03490501258869294,0.4335469596398891,0.4388876173037328,-0.2786678873884192,0.13828488593881083,0.0165941863126573,-0.30651560234989006,-0.4072251468680861,0.19321736476691775
1778211039063542664,1778211039064671097,-0.05283436331731117,0.23327229724574572,0.30842298008697533,-0.03070878156710144,0.042915999084458534,0.03490501258869294,0.4343099107347239,0.4388876173037328,-0.28095674067292364,0.13866636148622824,0.01621271076523989,-0.30651560234989006,-0.4045548180361642,0.19283588921950034
1778211039072670109,1778211039084771936,-0.05283436331731117,0.23327229724574572,0.30842298008697533,-0.03109025711451885,0.042915999084458534,0.03490501258869294,0.4343099107347239,0.4388876173037328,-0.28133821622034105,0.13828488593881083,0.01621271076523989,-0.30651560234989006,-0.4045548180361642,0.19245441367208294
1778211039095517931,1778211039104762005,-0.05283436331731117,0.23327229724574572,0.30842298008697533,-0.03070878156710144,0.042915999084458534,0.03490501258869294,0.4343099107347239,0.4388876173037328,-0.28133821622034105,0.13828488593881083,0.0165941863126573,-0.30651560234989006,-0.4045548180361642,0.19207293812466553
1778211039122473732,1778211039124672012,-0.05283436331731117,0.23327229724574572,0.30842298008697533,-0.03109025711451885,0.04367895017929335,0.03490501258869294,0.4339284351873065,0.4388876173037328,-0.2836270695048455,0.13828488593881083,0.01621271076523989,-0.30651560234989006,-0.4041733424887468,0.19169146257724812
1778211039132183868,1778211039144674357,-0.05283436331731117,0.23327229724574572,0.30842298008697533,-0.03109025711451885,0.04406042572671076,0.03490501258869294,0.4339284351873065,0.4388876173037328,-0.2840085450522629,0.13828488593881083,0.01621271076523989,-0.30651560234989006,-0.4041733424887468,0.1913099870298307
1778211039163156500,1778211039164668672,-0.05283436331731117,0.23327229724574572,0.30842298008697533,-0.03109025711451885,0.04406042572671076,0.03490501258869294,0.4327840085450543,0.4388876173037328,-0.2840085450522629,0.13828488593881083,0.01621271076523989,-0.30651560234989006,-0.4041733424887468,0.18940260929274366
1778211039172178058,1778211039184756946,-0.05283436331731117,0.23327229724574572,0.30842298008697533,-0.03070878156710144,0.04406042572671076,0.03490501258869294,0.43202105745021946,0.4388876173037328,-0.2840085450522629,0.13866636148622824,0.0165941863126573,-0.30651560234989006,-0.4041733424887468,0.18902113374532625
1778211039194800845,1778211039204750305,-0.05283436331731117,0.23327229724574572,0.30842298008697533,-0.03109025711451885,0.04406042572671076,0.03490501258869294,0.43087663080796723,0.4388876173037328,-0.2840085450522629,0.13866636148622824,0.0165941863126573,-0.30651560234989006,-0.4041733424887468,0.18749523155565662
1778211039215816708,1778211039224683156,-0.05283436331731117,0.23327229724574572,0.30842298008697533,-0.03109025711451885,0.04406042572671076,0.03452353704127553,0.43087663080796723,0.4388876173037328,-0.2840085450522629,0.13828488593881083,0.01621271076523989,-0.30651560234989006,-0.4041733424887468,0.1863508049134044
1778211039242457793,1778211039244675458,-0.05321583886472858,0.23365377279316313,0.30842298008697533,-0.03109025711451885,0.04367895017929335,0.03490501258869294,0.43087663080796723,0.4388876173037328,-0.2840085450522629,0.13828488593881083,0.0165941863126573,-0.30651560234989006,-0.4045548180361642,0.18596932936598698
1778211039256339316,1778211039264683757,-0.05321583886472858,0.23365377279316313,0.30842298008697533,-0.03109025711451885,0.04406042572671076,0.03452353704127553,0.43087663080796723,0.4388876173037328,-0.2840085450522629,0.13828488593881083,0.0165941863126573,-0.30651560234989006,-0.4045548180361642,0.18596932936598698
1778211039276937303,1778211039284789118,-0.05321583886472858,0.23365377279316313,0.30842298008697533,-0.03109025711451885,0.04406042572671076,0.03490501258869294,0.43087663080796723,0.4388876173037328,-0.2840085450522629,0.13828488593881083,0.01621271076523989,-0.30651560234989006,-0.4045548180361642,0.18558785381856957
1778211039296609504,1778211039304740410,-0.05283436331731117,0.23365377279316313,0.30842298008697533,-0.03109025711451885,0.04406042572671076,0.03490501258869294,0.43087663080796723,0.4388876173037328,-0.2840085450522629,0.13828488593881083,0.01621271076523989,-0.30651560234989006,-0.4045548180361642,0.18558785381856957
1778211039318020812,1778211039324696081,-0.05321583886472858,0.23365377279316313,0.30842298008697533,-0.03109025711451885,0.04406042572671076,0.03490501258869294,0.43087663080796723,0.4388876173037328,-0.2840085450522629,0.13828488593881083,0.01621271076523989,-0.30651560234989006,-0.4045548180361642,0.18558785381856957
1778211039338157480,1778211039344705658,-0.05321583886472858,0.23365377279316313,0.30842298008697533,-0.03109025711451885,0.04406042572671076,0.03490501258869294,0.43087663080796723,0.4388876173037328,-0.2840085450522629,0.13828488593881083,0.0165941863126573,-0.30651560234989006,-0.4045548180361642,0.18558785381856957
1778211039358242257,1778211039364778395,-0.05321583886472858,0.23365377279316313,0.30842298008697533,-0.03070878156710144,0.04406042572671076,0.03490501258869294,0.43087663080796723,0.4388876173037328,-0.2840085450522629,0.13828488593881083,0.0165941863126573,-0.30651560234989006,-0.4045548180361642,0.18558785381856957
1778211039379067082,1778211039384741302,-0.05321583886472858,0.23365377279316313,0.30842298008697533,-0.03109025711451885,0.04406042572671076,0.03490501258869294,0.43087663080796723,0.4388876173037328,-0.2840085450522629,0.13866636148622824,0.0165941863126573,-0.30651560234989006,-0.4045548180361642,0.18558785381856957
1778211039399624553,1778211039404685659,-0.05321583886472858,0.23365377279316313,0.30842298008697533,-0.03109025711451885,0.04367895017929335,0.03490501258869294,0.43087663080796723,0.4388876173037328,-0.2840085450522629,0.13866636148622824,0.01621271076523989,-0.30651560234989006,-0.4045548180361642,0.18520637827115216
1778211039420283920,1778211039424691247,-0.05321583886472858,0.23365377279316313,0.30842298008697533,-0.03109025711451885,0.04367895017929335,0.03490501258869294,0.43087663080796723,0.4388876173037328,-0.2840085450522629,0.13828488593881083,0.01621271076523989,-0.30651560234989006,-0.4045548180361642,0.18558785381856957
1778211039440348213,1778211039444678249,-0.05321583886472858,0.23441672388799795,0.30842298008697533,-0.03109025711451885,0.04367895017929335,0.03490501258869294,0.43087663080796723,0.4388876173037328,-0.2840085450522629,0.13828488593881083,0.01621271076523989,-0.30651560234989006,-0.4045548180361642,0.18558785381856957
1778211039452629200,1778211039464749739,-0.05321583886472858,0.23441672388799795,0.30842298008697533,-0.03109025711451885,0.04367895017929335,0.03490501258869294,0.43087663080796723,0.4388876173037328,-0.2840085450522629,0.13828488593881083,0.01621271076523989,-0.30651560234989006,-0.4045548180361642,0.18558785381856957
1778211039476621858,1778211039484788348,-0.05321583886472858,0.23441672388799795,0.30842298008697533,-0.03109025711451885,0.04367895017929335,0.03490501258869294,0.4304951552605498,0.4388876173037328,-0.2840085450522629,0.13828488593881083,0.0165941863126573,-0.30651560234989006,-0.4045548180361642,0.18558785381856957
1778211039497296346,1778211039504683597,-0.05321583886472858,0.23441672388799795,0.30842298008697533,-0.03109025711451885,0.04367895017929335,0.03490501258869294,0.4304951552605498,0.4388876173037328,-0.2840085450522629,0.13828488593881083,0.01621271076523989,-0.30651560234989006,-0.4045548180361642,0.18558785381856957
1778211039518087736,1778211039524911716,-0.05321583886472858,0.23441672388799795,0.30842298008697533,-0.03070878156710144,0.04367895017929335,0.03490501258869294,0.43087663080796723,0.4388876173037328,-0.2840085450522629,0.13866636148622824,0.0165941863126573,-0.30651560234989006,-0.4045548180361642,0.18520637827115216
1778211039539284719,1778211039544676285,-0.05321583886472858,0.23441672388799795,0.30842298008697533,-0.03070878156710144,0.04367895017929335,0.03490501258869294,0.4304951552605498,0.4388876173037328,-0.2840085450522629,0.13866636148622824,0.0165941863126573,-0.30651560234989006,-0.4045548180361642,0.18558785381856957
1778211039559496318,1778211039564724401,-0.05321583886472858,0.23441672388799795,0.30842298008697533,-0.03070878156710144,0.04367895017929335,0.03452353704127553,0.4304951552605498,0.4388876173037328,-0.2840085450522629,0.13828488593881083,0.01621271076523989,-0.30651560234989006,-0.4045548180361642,0.18558785381856957
1778211039580219408,1778211039584768919,-0.05321583886472858,0.23441672388799795,0.30842298008697533,-0.03070878156710144,0.04367895017929335,0.03490501258869294,0.4304951552605498,0.4388876173037328,-0.2840085450522629,0.13828488593881083,0.01621271076523989,-0.30651560234989006,-0.4045548180361642,0.18558785381856957
1778211039600805142,1778211039604710790,-0.05321583886472858,0.23441672388799795,0.30842298008697533,-0.03070878156710144,0.04367895017929335,0.03490501258869294,0.4304951552605498,0.4388876173037328,-0.2840085450522629,0.13866636148622824,0.01621271076523989,-0.30651560234989006,-0.4045548180361642,0.18558785381856957
1778211039621469868,1778211039624670674,-0.05321583886472858,0.23441672388799795,0.30842298008697533,-0.03070878156710144,0.04367895017929335,0.03490501258869294,0.4304951552605498,0.4388876173037328,-0.2840085450522629,0.13828488593881083,0.01621271076523989,-0.30651560234989006,-0.40493629358358163,0.18558785381856957
1778211039642606915,1778211039644674907,-0.05321583886472858,0.23441672388799795,0.30842298008697533,-0.03109025711451885,0.04367895017929335,0.03490501258869294,0.4304951552605498,0.4388876173037328,-0.2840085450522629,0.13828488593881083,0.01621271076523989,-0.30651560234989006,-0.40493629358358163,0.18558785381856957
1778211039662344088,1778211039664693120,-0.05321583886472858,0.23441672388799795,0.30842298008697533,-0.03070878156710144,0.04367895017929335,0.03490501258869294,0.4301136797131324,0.4388876173037328,-0.2840085450522629,0.13828488593881083,0.01621271076523989,-0.30651560234989006,-0.4045548180361642,0.18558785381856957
1778211039683063139,1778211039684697918,-0.05321583886472858,0.23441672388799795,0.30842298008697533,-0.03109025711451885,0.04367895017929335,0.03490501258869294,0.429732204165715,0.4388876173037328,-0.2840085450522629,0.13828488593881083,0.01621271076523989,-0.30651560234989006,-0.40493629358358163,0.18558785381856957
1778211039703578327,1778211039704674181,-0.05321583886472858,0.23441672388799795,0.30842298008697533,-0.03070878156710144,0.04329747463187594,0.03490501258869294,0.42744335088121055,0.4388876173037328,-0.2840085450522629,0.13828488593881083,0.0165941863126573,-0.30651560234989006,-0.4045548180361642,0.18558785381856957
1778211039719504548,1778211039724684946,-0.05321583886472858,0.23441672388799795,0.30880445563439274,-0.03109025711451885,0.042915999084458534,0.03490501258869294,0.4255359731441235,0.4388876173037328,-0.2840085450522629,0.13866636148622824,0.0165941863126573,-0.30651560234989006,-0.4045548180361642,0.18558785381856957
1778211039729084436,1778211039744727825,-0.05321583886472858,0.23441672388799795,0.30880445563439274,-0.03070878156710144,0.042915999084458534,0.03490501258869294,0.42401007095445387,0.4388876173037328,-0.2840085450522629,0.13828488593881083,0.01621271076523989,-0.30651560234989006,-0.4045548180361642,0.18558785381856957
1778211039764342319,1778211039764723681,-0.05321583886472858,0.23441672388799795,0.30880445563439274,-0.03109025711451885,0.042153047989623715,0.03490501258869294,0.41981383993286236,0.4388876173037328,-0.2843900205996803,0.13866636148622824,0.01621271076523989,-0.30651560234989006,-0.4045548180361642,0.18558785381856957
1778211039775297354,1778211039784797521,-0.05321583886472858,0.23441672388799795,0.30918593118181015,-0.03109025711451885,0.042153047989623715,0.03490501258869294,0.4175249866483579,0.4388876173037328,-0.2843900205996803,0.13828488593881083,0.01621271076523989,-0.30651560234989006,-0.4037918669413294,0.18558785381856957
1778211039802555526,1778211039804672962,-0.05321583886472858,0.23441672388799795,0.30956740672922756,-0.03185320820935367,0.0413900968947889,0.03490501258869294,0.4098954757000097,0.4388876173037328,-0.28477149614709774,0.13828488593881083,0.01621271076523989,-0.30651560234989006,-0.40188448920424236,0.18558785381856957
1778211039813438255,1778211039824677565,-0.05359731441214599,0.23441672388799795,0.30956740672922756,-0.033379110399023304,0.0413900968947889,0.03490501258869294,0.4087510490577575,0.4388876173037328,-0.28553444724193255,0.13828488593881083,0.01621271076523989,-0.30651560234989006,-0.3999771114671553,0.18558785381856957
1778211039841159975,1778211039844692530,-0.05359731441214599,0.23441672388799795,0.30956740672922756,-0.03681239032577999,0.04100862134737149,0.03414206149385812,0.4087510490577575,0.4388876173037328,-0.2874418249790196,0.13828488593881083,0.01621271076523989,-0.30575265125505524,-0.3953994048981464,0.18520637827115216
1778211039852764957,1778211039864775794,-0.05321583886472858,0.23441672388799795,0.3103303578240624,-0.03871976806286703,0.04062714579995408,0.03376058594644071,0.4083695735103401,0.43926909285115023,-0.2882047760738544,0.13828488593881083,0.01621271076523989,-0.30537117570763783,-0.3953994048981464,0.18444342717631734
1778211039883825983,1778211039884690989,-0.05359731441214599,0.23441672388799795,0.31300068665598424,-0.04482337682154558,0.04024567025253667,0.032997634851605895,0.4079880979629227,0.44041351949340246,-0.2908751049057763,0.13828488593881083,0.01621271076523989,-0.30537117570763783,-0.39272907606622454,0.1825360494392303
1778211039892821390,1778211039904742905,-0.05359731441214599,0.23441672388799795,0.31414511329823647,-0.046349279011215216,0.04062714579995408,0.032997634851605895,0.40760662241550527,0.44079499504081987,-0.2920195315480285,0.13828488593881083,0.01621271076523989,-0.30537117570763783,-0.3919661249713897,0.1821545738918129
1778211039916176880,1778211039924774641,-0.05359731441214599,0.23441672388799795,0.3160524910353235,-0.047112230106050035,0.03986419470511926,0.032997634851605895,0.40760662241550527,0.4419394216830721,-0.2965972381170374,0.13828488593881083,0.0165941863126573,-0.30537117570763783,-0.3919661249713897,0.1821545738918129
1778211039936892797,1778211039944774852,-0.05359731441214599,0.23441672388799795,0.31757839322499315,-0.047112230106050035,0.03948271915770185,0.032997634851605895,0.4056992446784182,0.4419394216830721,-0.2996490424963767,0.13828488593881083,0.0165941863126573,-0.30537117570763783,-0.3919661249713897,0.18177309834439548
1778211039958218310,1778211039964703131,-0.05359731441214599,0.23441672388799795,0.3206301976043324,-0.047112230106050035,0.037956816968032214,0.032997634851605895,0.4007400625619919,0.4419394216830721,-0.30270084687571597,0.13828488593881083,0.0165941863126573,-0.30537117570763783,-0.39005874723430267,0.18177309834439548
1778211039978303587,1778211039984771337,-0.05359731441214599,0.23441672388799795,0.32253757534141947,-0.04787518120088485,0.03643091477836258,0.032997634851605895,0.39883268482490486,0.4419394216830721,-0.30537117570763783,0.13828488593881083,0.0165941863126573,-0.3049897001602204,-0.3862439917601286,0.18139162279697807
1778211039999110058,1778211040004730291,-0.05359731441214599,0.23441672388799795,0.32253757534141947,-0.04940108339055449,0.03414206149385812,0.032616159304188486,0.3953994048981482,0.4419394216830721,-0.3072785534447249,0.13828488593881083,0.0165941863126573,-0.30270084687571597,-0.3820477607385371,0.18101014724956066
1778211040019600288,1778211040024720578,-0.05321583886472858,0.23441672388799795,0.32253757534141947,-0.05054551003280672,0.032997634851605895,0.032616159304188486,0.3915846494239741,0.4419394216830721,-0.31033035782406415,0.13828488593881083,0.0165941863126573,-0.3000305180437941,-0.3797589074540326,0.18062867170214325
1778211040035074896,1778211040044714321,-0.05321583886472858,0.23441672388799795,0.3229190508888369,-0.051308461127641536,0.02994583047226662,0.032616159304188486,0.3892957961394661,0.4419394216830721,-0.3114747844663164,0.13828488593881083,0.0165941863126573,-0.29812314030670706,-0.3778515297169456,0.18024719615472584
1778211040053774814,1778211040064673430,-0.05321583886472858,0.23441672388799795,0.3229190508888369,-0.05245288776989376,0.026894026092927348,0.032616159304188486,0.38738841840237903,0.4419394216830721,-0.31414511329823824,0.13828488593881083,0.01621271076523989,-0.2958342870222026,-0.37747005416952817,0.17948424505989102
1778211040082789666,1778211040084699765,-0.05359731441214599,0.23441672388799795,0.3248264286259239,-0.0539787899595634,0.024223697261005483,0.032997634851605895,0.38471808957045717,0.4419394216830721,-0.31490806439307306,0.13828488593881083,0.01621271076523989,-0.29278248264286333,-0.37747005416952817,0.17910276951247361
1778211040092576060,1778211040104779275,-0.05359731441214599,0.23441672388799795,0.32558937972075874,-0.05436026550698081,0.022316319523918438,0.032997634851605895,0.38433661402303976,0.4419394216830721,-0.31490806439307306,0.13828488593881083,0.01621271076523989,-0.2920195315480285,-0.37747005416952817,0.1787212939650562
1778211040123253308,1778211040124675481,-0.0539787899595634,0.23441672388799795,0.32635233081559356,-0.05474174105439822,0.018883039597161755,0.032997634851605895,0.3824292362859527,0.4419394216830721,-0.31528953994049047,0.13828488593881083,0.0165941863126573,-0.2908751049057763,-0.37708857862211076,0.1787212939650562
1778211040132909089,1778211040144751286,-0.0539787899595634,0.23441672388799795,0.32673380636301097,-0.05512321660181563,0.018120088502326936,0.032997634851605895,0.38052185854886567,0.4419394216830721,-0.31528953994049047,0.13828488593881083,0.0165941863126573,-0.29011215381094146,-0.37594415197985853,0.1787212939650562
1778211040155560643,1778211040164746063,-0.05359731441214599,0.23441672388799795,0.32635233081559356,-0.05779354543373749,0.015449759670405072,0.032997634851605895,0.3774700541695264,0.4419394216830721,-0.31528953994049047,0.13828488593881083,0.0165941863126573,-0.2882047760738544,-0.3694590676737626,0.1787212939650562
1778211040183184941,1778211040184681220,-0.05321583886472858,0.23441672388799795,0.32673380636301097,-0.06389715419241604,0.014305333028152845,0.032997634851605895,0.3774700541695264,0.44384679942015914,-0.31528953994049047,0.13828488593881083,0.01621271076523989,-0.2874418249790196,-0.3652628366521711,0.17910276951247361
1778211040192806809,1778211040204712460,-0.05321583886472858,0.23441672388799795,0.3274967574578458,-0.06580453192950309,0.013923857480735435,0.032997634851605895,0.3767071030746916,0.44499122606241137,-0.31528953994049047,0.13828488593881083,0.01621271076523989,-0.2874418249790196,-0.36488136110475367,0.1787212939650562
1778211040216661690,1778211040224751297,-0.05321583886472858,0.23441672388799795,0.32940413519493283,-0.06961928740367718,0.01163500419623098,0.032616159304188486,0.3744182497901871,0.4472800793469158,-0.31528953994049047,0.13828488593881083,0.01621271076523989,-0.2874418249790196,-0.36030365453574476,0.17910276951247361
1778211040237746272,1778211040244691714,-0.05359731441214599,0.23403524834058054,0.3313115129320199,-0.07343404287785127,0.011253528648813571,0.032616159304188486,0.37212939650568266,0.4510948348210899,-0.31528953994049047,0.13828488593881083,0.01621271076523989,-0.28591592278934996,-0.3580148012512403,0.17910276951247361
1778211040258868171,1778211040264717079,-0.05321583886472858,0.23403524834058054,0.33360036621652434,-0.07648584725719054,0.010872053101396162,0.032616159304188486,0.36793316548409116,0.454909590295264,-0.31528953994049047,0.13828488593881083,0.0165941863126573,-0.2832455939574281,-0.3576333257038229,0.17910276951247361
1778211040278781343,1778211040284751011,-0.05321583886472858,0.23403524834058054,0.335126268406194,-0.07953765163652982,0.010872053101396162,0.032616159304188486,0.3648813611047519,0.4587243457694381,-0.31528953994049047,0.13828488593881083,0.0165941863126573,-0.28057526512550623,-0.35267414358739657,0.17910276951247361
1778211040300197818,1778211040304739604,-0.05321583886472858,0.23403524834058054,0.3366521705958636,-0.08068207827878204,0.010872053101396162,0.032997634851605895,0.3614480811779952,0.4625391012436122,-0.31528953994049047,0.13828488593881083,0.0165941863126573,-0.2786678873884192,-0.34733348592355284,0.17910276951247361
1778211040322423869,1778211040324673275,-0.05321583886472858,0.23403524834058054,0.33855954833295065,-0.0829709315632865,0.010109102006561344,0.032997634851605895,0.35915922789349075,0.4663538567177863,-0.31490806439307306,0.13828488593881083,0.0165941863126573,-0.2759975585564973,-0.3461890592813006,0.17986572060730843
1778211040335360352,1778211040344700634,-0.05321583886472858,0.23365377279316313,0.3397039749752029,-0.08373388265812132,0.010109102006561344,0.032997634851605895,0.35839627679865593,0.46826123445487333,-0.31490806439307306,0.13790341039139342,0.0165941863126573,-0.2740901808194103,-0.34390020599679616,0.18024719615472584
1778211040355830329,1778211040364731601,-0.05283436331731117,0.2325093461509109,0.3408484016174551,-0.08487830930037354,0.009346150911726525,0.032997634851605895,0.35839627679865593,0.4720759899290474,-0.31452658884565565,0.13790341039139342,0.0165941863126573,-0.27218280308232323,-0.3404669260700395,0.18139162279697807
1778211040376274391,1778211040384721804,-0.05283436331731117,0.23060196841382385,0.34199282825970734,-0.087167162584878,0.009346150911726525,0.032616159304188486,0.3576333257038211,0.4755092698558041,-0.31452658884565565,0.13790341039139342,0.0165941863126573,-0.2702754253452362,-0.33855954833295243,0.1825360494392303
1778211040396940741,1778211040404696886,-0.05283436331731117,0.22755016403448458,0.34313725490195957,-0.08793011367971282,0.009346150911726525,0.032997634851605895,0.35534447241931666,0.47779812314030856,-0.31414511329823824,0.13790341039139342,0.01621271076523989,-0.26836804760814914,-0.3339818417639435,0.1829175249866477
1778211040417509453,1778211040424679582,-0.05283436331731117,0.22487983520256272,0.3439002059967944,-0.08907454032196505,0.010109102006561344,0.032997634851605895,0.35420004577706443,0.4793240253299782,-0.31414511329823824,0.13790341039139342,0.01621271076523989,-0.2672236209658969,-0.329785610742352,0.1829175249866477
1778211040438404804,1778211040444697085,-0.05245288776989376,0.22182803082322344,0.34580758373388143,-0.09098191805905209,0.01201647974364839,0.032997634851605895,0.35458152132448184,0.48123140306706524,-0.31414511329823824,0.13790341039139342,0.01621271076523989,-0.2660791943236447,-0.3282597085526824,0.18329900053406512
1778211040459551236,1778211040464674979,-0.05245288776989376,0.21801327534904935,0.3477149614709685,-0.09212634470130432,0.01621271076523989,0.032997634851605895,0.35496299687189925,0.4835202563515697,-0.31414511329823824,0.13790341039139342,0.01621271076523989,-0.2656977187762273,-0.3282597085526824,0.18329900053406512
1778211040482616420,1778211040484699495,-0.05245288776989376,0.21496147096971008,0.3488593881132207,-0.09517814908064359,0.018501564049744346,0.032997634851605895,0.3561074235141515,0.4846646829938219,-0.31452658884565565,0.13828488593881083,0.01621271076523989,-0.2656977187762273,-0.327878233005265,0.18329900053406512
1778211040494959337,1778211040504708585,-0.051689936675058945,0.21381704432745785,0.3488593881132207,-0.09517814908064359,0.020027466239413982,0.032616159304188486,0.3564888990615689,0.4846646829938219,-0.31452658884565565,0.13828488593881083,0.01621271076523989,-0.2656977187762273,-0.327878233005265,0.18329900053406512
1778211040516033121,1778211040524721472,-0.05016403448538931,0.21114671549553599,0.3488593881132207,-0.09594110017547841,0.024223697261005483,0.032997634851605895,0.35839627679865593,0.4846646829938219,-0.31452658884565565,0.13790341039139342,0.01621271076523989,-0.2656977187762273,-0.327878233005265,0.18329900053406512
1778211040536585627,1778211040544667481,-0.04940108339055449,0.20962081330586635,0.3488593881132207,-0.09708552681773064,0.028801403830014394,0.032616159304188486,0.35954070344090816,0.4846646829938219,-0.31490806439307306,0.13790341039139342,0.01621271076523989,-0.2656977187762273,-0.3282597085526824,0.18329900053406512
1778211040556870343,1778211040564681777,-0.04863813229571967,0.20847638666361412,0.3488593881132207,-0.09822995345998287,0.03490501258869294,0.032997634851605895,0.3610666056305778,0.4846646829938219,-0.31490806439307306,0.13790341039139342,0.01621271076523989,-0.2660791943236447,-0.3290226596475172,0.18368047608148252
1778211040582364273,1778211040584713111,-0.046730754558632626,0.2077134355687793,0.3488593881132207,-0.0993743801022351,0.03871976806286703,0.032997634851605895,0.3664072632944215,0.4846646829938219,-0.31528953994049047,0.1371404592965586,0.01583123521782248,-0.2660791943236447,-0.3374151216907002,0.18406195162889993
1778211040603108361,1778211040604674489,-0.04406042572671076,0.2077134355687793,0.3488593881132207,-0.0997558556496525,0.0413900968947889,0.032997634851605895,0.3698405432211782,0.4846646829938219,-0.3160524910353253,0.13637750820172378,0.01621271076523989,-0.2660791943236447,-0.3416113527122917,0.18444342717631734
1778211040622777617,1778211040624683963,-0.042915999084458534,0.2077134355687793,0.3484779125658033,-0.10204470893415696,0.046349279011215216,0.032997634851605895,0.37098496986343044,0.4846646829938219,-0.3175783932249949,0.13599603265430638,0.01621271076523989,-0.2656977187762273,-0.3454261081864658,0.18520637827115216
1778211040632177480,1778211040644743728,-0.041771572442206306,0.2077134355687793,0.3484779125658033,-0.10242618448157437,0.047112230106050035,0.032997634851605895,0.3725108720531001,0.4846646829938219,-0.31795986877241234,0.13599603265430638,0.01621271076523989,-0.2660791943236447,-0.34771496147097025,0.18596932936598698
1778211040655127666,1778211040664705523,-0.03910124361028444,0.2077134355687793,0.3477149614709685,-0.10280766002899178,0.0539787899595634,0.032997634851605895,0.3774700541695264,0.4846646829938219,-0.31834134431982974,0.13599603265430638,0.01621271076523989,-0.2656977187762273,-0.3534370946822314,0.18596932936598698
1778211040675718969,1778211040684781353,-0.03833829251544962,0.2080949111161967,0.34695201037613366,-0.10280766002899178,0.05779354543373749,0.032616159304188486,0.3778515297169438,0.4846646829938219,-0.31872281986724715,0.13561455710688897,0.01621271076523989,-0.2660791943236447,-0.35572594796673584,0.18596932936598698
1778211040702617574,1778211040704670521,-0.03643091477836258,0.2080949111161967,0.345426108186464,-0.10242618448157437,0.061608300907911584,0.032997634851605895,0.3778515297169438,0.4846646829938219,-0.31910429541466456,0.13561455710688897,0.01621271076523989,-0.2660791943236447,-0.35572594796673584,0.18596932936598698
1778211040712787649,1778211040724675614,-0.03604943923094517,0.2080949111161967,0.3450446326390466,-0.10204470893415696,0.061608300907911584,0.032997634851605895,0.3782330052643612,0.4846646829938219,-0.31910429541466456,0.13561455710688897,0.01621271076523989,-0.2656977187762273,-0.35610742351415325,0.18596932936598698
1778211040736240314,1778211040744760220,-0.03566796368352776,0.2080949111161967,0.3450446326390466,-0.10204470893415696,0.061226825360494175,0.032616159304188486,0.3778515297169438,0.4846646829938219,-0.31910429541466456,0.13561455710688897,0.01621271076523989,-0.2660791943236447,-0.3576333257038229,0.18596932936598698
1778211040757318695,1778211040764687775,-0.03528648813611035,0.2080949111161967,0.3450446326390466,-0.10204470893415696,0.060845349813076766,0.032616159304188486,0.3782330052643612,0.4846646829938219,-0.31910429541466456,0.13561455710688897,0.01621271076523989,-0.2660791943236447,-0.35954070344090994,0.18596932936598698
1778211040777943315,1778211040784737405,-0.03528648813611035,0.2080949111161967,0.3446631570916292,-0.10204470893415696,0.0581750209811549,0.032616159304188486,0.3778515297169438,0.4842832074464045,-0.31910429541466456,0.13561455710688897,0.01621271076523989,-0.2660791943236447,-0.35992217898832735,0.18596932936598698
1778211040798468737,1778211040804782472,-0.03566796368352776,0.2080949111161967,0.34313725490195957,-0.10204470893415696,0.051689936675058945,0.032997634851605895,0.3774700541695264,0.4842832074464045,-0.31910429541466456,0.13561455710688897,0.01621271076523989,-0.2660791943236447,-0.35954070344090994,0.18596932936598698
1778211040818988725,1778211040824679211,-0.03528648813611035,0.2080949111161967,0.3404669260700377,-0.10242618448157437,0.0455863279163804,0.032616159304188486,0.377088578622109,0.4842832074464045,-0.31910429541466456,0.13561455710688897,0.0165941863126573,-0.2656977187762273,-0.3591592278934925,0.18596932936598698
1778211040840247298,1778211040844666985,-0.03528648813611035,0.2080949111161967,0.33894102388036806,-0.10242618448157437,0.04062714579995408,0.032997634851605895,0.3767071030746916,0.4842832074464045,-0.31910429541466456,0.13561455710688897,0.01621271076523989,-0.2656977187762273,-0.3583962767986577,0.18558785381856957
1778211040860705085,1778211040864708877,-0.03604943923094517,0.2080949111161967,0.33894102388036806,-0.10242618448157437,0.037956816968032214,0.032997634851605895,0.37632562752727416,0.4842832074464045,-0.31872281986724715,0.13561455710688897,0.01621271076523989,-0.2656977187762273,-0.3580148012512403,0.18596932936598698
1778211040881009794,1778211040884753909,-0.03643091477836258,0.2080949111161967,0.33894102388036806,-0.10242618448157437,0.037193865873197396,0.032997634851605895,0.3732738231479349,0.4842832074464045,-0.31872281986724715,0.13561455710688897,0.01621271076523989,-0.2656977187762273,-0.3545815213244836,0.18596932936598698
1778211040901595432,1778211040904693572,-0.03643091477836258,0.2080949111161967,0.33894102388036806,-0.10242618448157437,0.037575341420614805,0.032997634851605895,0.36678873884183893,0.4842832074464045,-0.31872281986724715,0.13561455710688897,0.01621271076523989,-0.2656977187762273,-0.3503852903028921,0.18596932936598698
1778211040922346280,1778211040924678830,-0.03643091477836258,0.2080949111161967,0.33894102388036806,-0.10242618448157437,0.037575341420614805,0.032997634851605895,0.3614480811779952,0.4842832074464045,-0.31872281986724715,0.13561455710688897,0.01621271076523989,-0.2656977187762273,-0.346570534828718,0.18596932936598698
1778211040942356012,1778211040944700781,-0.03604943923094517,0.2080949111161967,0.3393224994277855,-0.10242618448157437,0.037575341420614805,0.032997634851605895,0.35915922789349075,0.4846646829938219,-0.31834134431982974,0.13561455710688897,0.0165941863126573,-0.2656977187762273,-0.3419928282597091,0.18596932936598698
1778211040962880406,1778211040964684096,-0.03566796368352776,0.2080949111161967,0.3393224994277855,-0.10280766002899178,0.037193865873197396,0.032616159304188486,0.35839627679865593,0.4846646829938219,-0.3171969176775775,0.13561455710688897,0.0165941863126573,-0.2656977187762273,-0.3370336461432828,0.18596932936598698
1778211040984028395,1778211040985100234,-0.03566796368352776,0.2080949111161967,0.3393224994277855,-0.10318913557640919,0.03604943923094517,0.032616159304188486,0.353818570229647,0.486572060730909,-0.31490806439307306,0.13561455710688897,0.0165941863126573,-0.2656977187762273,-0.329785610742352,0.18558785381856957
1778211041003918164,1778211041004675558,-0.03566796368352776,0.2080949111161967,0.3393224994277855,-0.10471503776607882,0.032997634851605895,0.032997634851605895,0.35076676585030775,0.48886091401541343,-0.3126192111085686,0.13561455710688897,0.01621271076523989,-0.2656977187762273,-0.3244449530785083,0.18596932936598698
1778211041014850678,1778211041024701430,-0.03566796368352776,0.2080949111161967,0.3393224994277855,-0.10624093995574846,0.03109025711451885,0.032997634851605895,0.35000381475547293,0.49038681620508306,-0.31109330891889897,0.13561455710688897,0.01621271076523989,-0.2656977187762273,-0.3240634775310909,0.18596932936598698
1778211041040318785,1778211041044709047,-0.03566796368352776,0.2077134355687793,0.3397039749752029,-0.10700389105058328,0.024605172808422893,0.032997634851605895,0.3477149614709685,0.49420157167925716,-0.3091859311818119,0.13561455710688897,0.01621271076523989,-0.26455329213397505,-0.31872281986724715,0.18596932936598698
1778211041052416561,1778211041064695182,-0.03604943923094517,0.2077134355687793,0.3397039749752029,-0.10891126878767032,0.019264515144579164,0.032616159304188486,0.34618905928129884,0.49763485160601384,-0.30613412680247265,0.13561455710688897,0.01621271076523989,-0.2634088654917228,-0.31490806439307306,0.18596932936598698
1778211041082865431,1778211041084703041,-0.03604943923094517,0.2077134355687793,0.3397039749752029,-0.11081864652475737,0.012779430838483208,0.032997634851605895,0.335126268406194,0.5037384603646924,-0.304608224612803,0.13561455710688897,0.01621271076523989,-0.2584496833752965,-0.3049897001602204,0.18596932936598698
1778211041093105543,1778211041104685467,-0.03604943923094517,0.2073319600213619,0.3397039749752029,-0.11310749980926182,0.010872053101396162,0.032997634851605895,0.3320744640268547,0.5064087891966143,-0.304608224612803,0.13561455710688897,0.0165941863126573,-0.2576867322804617,-0.30117494468604633,0.18558785381856957
1778211041115756022,1778211041124699068,-0.03643091477836258,0.20466163118944003,0.3400854505226203,-0.11577782864118369,0.008583199816891707,0.032997634851605895,0.3282597085526806,0.5151827267872147,-0.30270084687571597,0.13561455710688897,0.01621271076523989,-0.2534905012588702,-0.29392690928511556,0.18558785381856957
1778211041136590433,1778211041144681855,-0.03604943923094517,0.20237277790493557,0.34199282825970734,-0.11997405966277519,0.00705729762722207,0.032997634851605895,0.3229190508888369,0.5243381399252325,-0.30193789578088115,0.13561455710688897,0.01621271076523989,-0.2496757457846961,-0.29011215381094146,0.18558785381856957
1778211041162283228,1778211041164682805,-0.03604943923094517,0.1989394979781789,0.343518730449377,-0.12645914396887115,0.006294346532387252,0.032997634851605895,0.3156710154879061,0.536926832990007,-0.29774166475928965,0.13599603265430638,0.01621271076523989,-0.24433508812085236,-0.2782864118410018,0.18520637827115216
1778211041182790468,1778211041184723698,-0.03604943923094517,0.19703212024109185,0.345426108186464,-0.12951094834821042,0.003242542153047978,0.032997634851605895,0.31300068665598424,0.5437933928435204,-0.29430838483253297,0.13561455710688897,0.01621271076523989,-0.23975738155184345,-0.2718013275349058,0.18520637827115216
1778211041203115883,1778211041204668922,-0.03566796368352776,0.1947432669565874,0.3492408636606381,-0.1325627527275497,-0.000953688868543523,0.032997634851605895,0.3061341268024709,0.5525673304341208,-0.2908751049057763,0.13523308155947156,0.01621271076523989,-0.23632410162508677,-0.26836804760814914,0.18520637827115216
1778211041214067743,1778211041224753188,-0.03566796368352776,0.19283588921950034,0.35076676585030775,-0.1329442282749671,-0.0020981155107957505,0.032997634851605895,0.303463797970549,0.5571450370031297,-0.29011215381094146,0.13561455710688897,0.01621271076523989,-0.2340352483405823,-0.26417181658655764,0.18444342717631734
1778211041242677259,1778211041244686418,-0.03566796368352776,0.19016556038757848,0.3572518501564037,-0.13637750820172378,-0.01201647974364839,0.032997634851605895,0.29659723811703564,0.572404058899826,-0.2862973983367674,0.13523308155947156,0.01621271076523989,-0.22640573739223413,-0.25234607461661795,0.1825360494392303
1778211041252889608,1778211041264710794,-0.03566796368352776,0.18902113374532625,0.35954070344090816,-0.1367589837491412,-0.01201647974364839,0.032997634851605895,0.29278248264286155,0.576981765468835,-0.2862973983367674,0.13485160601205415,0.01621271076523989,-0.22411688410772967,-0.24929427023727868,0.1825360494392303
1778211041276596891,1778211041284743120,-0.03528648813611035,0.1871137560082392,0.36373693446249966,-0.14019226367589788,-0.015449759670405072,0.032997634851605895,0.2859159227893482,0.5861371786068528,-0.2843900205996803,0.13141832608529747,0.01621271076523989,-0.21877622644388595,-0.24433508812085236,0.1821545738918129
1778211041297294484,1778211041304638388,-0.03414206149385812,0.18482490272373475,0.36793316548409116,-0.1413366903181501,-0.017357137407492118,0.032997634851605895,0.27981231403066964,0.593766689555201,-0.2824826428625933,0.12989242389562783,0.01621271076523989,-0.21381704432745963,-0.23823147936217381,0.1821545738918129
1778211041317806856,1778211041324722899,-0.033379110399023304,0.18139162279697807,0.37136644541084785,-0.14362554360265456,-0.019264515144579164,0.032997634851605895,0.2737087052719911,0.6010147249561317,-0.2790493629358366,0.129129472800793,0.01621271076523989,-0.2084763866636159,-0.2332722972457475,0.1821545738918129
1778211041338357216,1778211041344695717,-0.033379110399023304,0.17757686732280398,0.37556267643243935,-0.1451514457923242,-0.020027466239413982,0.032997634851605895,0.26760509651331255,0.6086442359044799,-0.27676050965133214,0.12722209506370596,0.01621271076523989,-0.20275425345235476,-0.22678721293965154,0.1825360494392303
1778211041358901694,1778211041364710911,-0.032997634851605895,0.17261768520637766,0.38014038300144826,-0.14744029907682865,-0.02193484397650103,0.032997634851605895,0.26340886549172104,0.6155107957579933,-0.27370870527199287,0.12645914396887115,0.01621271076523989,-0.19741359578851103,-0.22182803082322522,0.1825360494392303
1778211041379436159,1778211041384787651,-0.032234683756771076,0.16689555199511652,0.3850995651178746,-0.14820325017166347,-0.023460746166170665,0.032997634851605895,0.2569237811856251,0.6200885023270022,-0.271038376440071,0.1245517662317841,0.01621271076523989,-0.19207293812466553,-0.21915770199130336,0.1825360494392303
1778211041400110421,1778211041404718521,-0.03070878156710144,0.16079194323643797,0.3892957961394661,-0.15049210345616792,-0.02651255054550994,0.032997634851605895,0.253109025711451,0.6246662088960111,-0.26874952315556655,0.12378881513694928,0.01621271076523989,-0.1871137560082392,-0.21915770199130336,0.1825360494392303
1778211041420553566,1778211041424692896,-0.029564354924849212,0.15506981002517684,0.3931105516136437,-0.15125505455100274,-0.028038452735179575,0.032997634851605895,0.2485313191424421,0.631151293202107,-0.26874952315556655,0.12188143739986224,0.01621271076523989,-0.1825360494392303,-0.2172503242542163,0.1825360494392303
1778211041441052509,1778211041444692578,-0.027656977187762166,0.1493476768139157,0.3973067826352352,-0.15125505455100274,-0.03070878156710144,0.032997634851605895,0.24319066147859836,0.637636377508203,-0.26874952315556655,0.12188143739986224,0.01583123521782248,-0.17719539177538657,-0.21457999542229445,0.1825360494392303
1778211041461729321,1778211041464672479,-0.026894026092927348,0.14324406805523715,0.40226596475166154,-0.15163653009842015,-0.03376058594644071,0.032997634851605895,0.23556115053025017,0.6445029373617164,-0.26951247425040137,0.12149996185244483,0.01583123521782248,-0.17223620965896025,-0.21457999542229445,0.1829175249866477
1778211041482264993,1778211041484735819,-0.024986648355840302,0.13637750820172378,0.4079880979629227,-0.15125505455100274,-0.03681239032577999,0.032997634851605895,0.227931639581902,0.6513694972152297,-0.2698939497978188,0.12188143739986224,0.01621271076523989,-0.16689555199511652,-0.2126726176852074,0.1829175249866477
1778211041503408414,1778211041504673782,-0.02193484397650103,0.1283665217059582,0.41180285343709677,-0.15087357900358533,-0.037956816968032214,0.032997634851605895,0.22487983520256272,0.6582360570687431,-0.2706569008926536,0.12188143739986224,0.01621271076523989,-0.1615548943312728,-0.21152819104295517,0.1829175249866477
1778211041523330248,1778211041524676672,-0.018883039597161755,0.12417029068436669,0.4137102311741838,-0.15087357900358533,-0.03910124361028444,0.032616159304188486,0.219539177538719,0.6639581902800042,-0.27256427862974064,0.12149996185244483,0.01621271076523989,-0.15583276112001165,-0.21076523994812035,0.1829175249866477
1778211041534330445,1778211041544737871,-0.01621271076523989,0.11959258411535778,0.41447318226901864,-0.15049210345616792,-0.0413900968947889,0.032997634851605895,0.21725032425421453,0.6670099946593435,-0.27294575417715805,0.12149996185244483,0.01621271076523989,-0.15278095674067238,-0.2084763866636159,0.1829175249866477
1778211041559970841,1778211041564687239,-0.01201647974364839,0.11348897535667923,0.4171435111009405,-0.15049210345616792,-0.042915999084458534,0.032616159304188486,0.20656900892652708,0.6723506523231872,-0.27332722972457546,0.12149996185244483,0.01621271076523989,-0.1447699702449068,-0.20199130235751994,0.1825360494392303
1778211041575403301,1778211041584803022,-0.008201724269474298,0.11043717097733996,0.41943236438544496,-0.15011062790875052,-0.04482337682154558,0.032616159304188486,0.20199130235751817,0.6765468833447787,-0.27370870527199287,0.12149996185244483,0.01621271076523989,-0.14019226367589788,-0.19893949797818067,0.1825360494392303
1778211041602685615,1778211041604702402,-0.0017166399633783413,0.10738536659800069,0.42248416876478423,-0.14629587243457642,-0.0455863279163804,0.032997634851605895,0.19588769359883962,0.686083772030214,-0.2756160830090799,0.12149996185244483,0.01583123521782248,-0.13218127718013228,-0.19703212024109362,0.1829175249866477
1778211041622400058,1778211041624673880,0.002861066605630569,0.10547798886091364,0.42401007095445387,-0.1413366903181501,-0.0455863279163804,0.032997634851605895,0.18863965819790884,0.6910429541466403,-0.27714198519874955,0.12149996185244483,0.01621271076523989,-0.12722209506370596,-0.1951247425040048,0.1829175249866477
1778211041643775123,1778211041644673591,0.007820248722056888,0.103952086671244,0.42744335088121055,-0.13866636148622824,-0.04596780346379781,0.032997634851605895,0.17986572060730843,0.6979095140001537,-0.2798123140306714,0.12149996185244483,0.01621271076523989,-0.12073701075761001,-0.19283588921950034,0.1825360494392303
1778211041662349260,1778211041664678581,0.01163500419623098,0.10433356221866141,0.43202105745021946,-0.1329442282749671,-0.046349279011215216,0.032997634851605895,0.17299916075379507,0.7017242694743278,-0.28057526512550623,0.12111848630502742,0.01621271076523989,-0.11692225528343592,-0.1909285114824133,0.1825360494392303
1778211041675461154,1778211041684682106,0.015068284122987663,0.10433356221866141,0.4339284351873065,-0.13103685053788006,-0.047112230106050035,0.032616159304188486,0.16308079652094243,0.7059205004959193,-0.28133821622034105,0.12073701075761001,0.0165941863126573,-0.11310749980926182,-0.18978408484016107,0.1829175249866477
1778211041702261439,1778211041704690736,0.0207904173342488,0.10433356221866141,0.43965056839856764,-0.1245517662317841,-0.05321583886472858,0.032616159304188486,0.1451514457923242,0.7139314869916848,-0.2840085450522629,0.12073701075761001,0.0165941863126573,-0.1081483176928355,-0.18482490272373475,0.1825360494392303
1778211041712424995,1778211041724763212,0.022697795071335847,0.10433356221866141,0.4415579461356547,-0.12378881513694928,-0.05436026550698081,0.032616159304188486,0.1413366903181501,0.7173647669184415,-0.2843900205996803,0.12111848630502742,0.0165941863126573,-0.10662241550316587,-0.18368047608148252,0.1825360494392303
1778211041736021828,1778211041744741973,0.029182879377431803,0.10433356221866141,0.44460975051499396,-0.1203555352101926,-0.05855649652857231,0.032616159304188486,0.1371404592965586,0.7253757534142071,-0.2843900205996803,0.12073701075761001,0.01697566186007471,-0.10318913557640919,-0.18062867170214325,0.1825360494392303
1778211041756562579,1778211041764696713,0.03414206149385812,0.10433356221866141,0.4468986037994984,-0.11539635309376628,-0.06351567864499863,0.032616159304188486,0.13141832608529747,0.7314793621728857,-0.28477149614709774,0.11882963302052296,0.0165941863126573,-0.10051880674448732,-0.17605096513313434,0.1825360494392303
1778211041777477248,1778211041784706795,0.03833829251544962,0.10433356221866141,0.4491874570840029,-0.11158159761959219,-0.06923781185625977,0.032616159304188486,0.11921110856794037,0.7349126420996424,-0.28477149614709774,0.11768520637827073,0.0165941863126573,-0.09708552681773064,-0.17109178301670802,0.1825360494392303
1778211041797928370,1778211041804726093,0.042915999084458534,0.10433356221866141,0.45262073701075956,-0.10852979324025291,-0.07381551842526868,0.032616159304188486,0.10700389105058328,0.7379644464789816,-0.28477149614709774,0.11463340199893146,0.0165941863126573,-0.09327077134355655,-0.16727702754253393,0.1825360494392303
1778211041818939369,1778211041824717610,0.04596780346379781,0.103952086671244,0.4552910658426814,-0.10547798886091364,-0.08106355382619945,0.032234683756771076,0.10280766002899178,0.7410162508583209,-0.2843900205996803,0.11081864652475737,0.0165941863126573,-0.08945601586938245,-0.1623178454261076,0.1825360494392303
1778211041839891608,1778211041844687989,0.04940108339055449,0.103952086671244,0.4579613946746033,-0.10433356221866141,-0.08945601586938245,0.032234683756771076,0.09822995345998287,0.7440680552376602,-0.2840085450522629,0.10738536659800069,0.0165941863126573,-0.08564126039520836,-0.1581216144045161,0.1825360494392303
1778211041860550060,1778211041864689690,0.051689936675058945,0.10204470893415696,0.4617761501487774,-0.10242618448157437,-0.09632257572289582,0.03185320820935367,0.08945601586938245,0.7475013351644169,-0.2832455939574281,0.10433356221866141,0.01697566186007471,-0.08144502937361686,-0.1535439078355072,0.1821545738918129
1778211041880851806,1778211041884726953,0.05321583886472858,0.09861142900740028,0.4659723811703689,-0.10166323338673955,-0.10242618448157437,0.03185320820935367,0.08030060273136463,0.7509346150911735,-0.2824826428625933,0.10166323338673955,0.017357137407492118,-0.07724879835202536,-0.14705882352941124,0.1821545738918129
1778211041902131159,1778211041904707975,0.05550469214923304,0.09327077134355655,0.4713130388342126,-0.09861142900740028,-0.1077668421454181,0.032234683756771076,0.0745784695201035,0.7566567483024347,-0.2790493629358366,0.0997558556496525,0.017357137407492118,-0.07343404287785127,-0.14057373922331529,0.1821545738918129
1778211041921994670,1778211041924674226,0.056267643244067855,0.08793011367971282,0.4751277943083867,-0.09784847791256546,-0.11425192645151405,0.032234683756771076,0.06809338521400754,0.7627603570611132,-0.2718013275349058,0.09784847791256546,0.017357137407492118,-0.07000076295109459,-0.13828488593881083,0.1821545738918129
1778211041942525284,1778211041944677420,0.05855649652857231,0.07839322499427759,0.4797055008773956,-0.09517814908064359,-0.11959258411535778,0.032616159304188486,0.061226825360494175,0.7692454413672092,-0.2672236209658969,0.09632257572289582,0.018883039597161755,-0.06733043411917272,-0.1333257038223845,0.1821545738918129
1778211041962928562,1778211041964694770,0.05931944762340713,0.06809338521400754,0.48542763408865675,-0.09441519798580877,-0.12531471732661892,0.032616159304188486,0.05550469214923304,0.7749675745784703,-0.25959411001754873,0.095559624628061,0.018883039597161755,-0.06504158083466827,-0.13218127718013228,0.1821545738918129
1778211041983357833,1778211041984677510,0.060463874265659356,0.0581750209811549,0.49305714503700493,-0.09403372243839137,-0.12722209506370596,0.032616159304188486,0.0497825589379719,0.7822156099794011,-0.25692378118562686,0.09365224689097396,0.019264515144579164,-0.06351567864499863,-0.12798504615854078,0.1821545738918129
1778211041993923458,1778211042004787481,0.060845349813076766,0.05321583886472858,0.4964904249637616,-0.09365224689097396,-0.1287479972533756,0.032616159304188486,0.046730754558632626,0.7856488899061578,-0.25539787899595723,0.09365224689097396,0.018883039597161755,-0.06275272755016381,-0.12493324177920151,0.1821545738918129
1778211042015265898,1778211042024779113,0.061608300907911584,0.041771572442206306,0.5037384603646924,-0.09060044251163468,-0.1329442282749671,0.032616159304188486,0.04100862134737149,0.7925154497596711,-0.25234607461661795,0.09288929579613914,0.019264515144579164,-0.06275272755016381,-0.11806668192568814,0.1821545738918129
1778211042040506924,1778211042044740479,0.06351567864499863,0.03452353704127553,0.513656824597545,-0.09021896696421727,-0.13637750820172378,0.032234683756771076,0.03490501258869294,0.801670862897689,-0.24853131914244386,0.0913633936064695,0.019264515144579164,-0.06275272755016381,-0.1119630731670096,0.1821545738918129
1778211042052736556,1778211042064677739,0.06389715419241604,0.028801403830014394,0.5193789578088062,-0.087167162584878,-0.1371404592965586,0.032234683756771076,0.032234683756771076,0.8058670939192805,-0.24433508812085236,0.0913633936064695,0.018883039597161755,-0.06275272755016381,-0.10929274433508773,0.1821545738918129
1778211042083097335,1778211042084760608,0.06694895857175531,0.020027466239413982,0.5296787975890762,-0.08564126039520836,-0.14362554360265456,0.032234683756771076,0.026894026092927348,0.8176928358892201,-0.23823147936217381,0.0913633936064695,0.018883039597161755,-0.06275272755016381,-0.10204470893415696,0.18177309834439548
1778211042102264339,1778211042104705652,0.06694895857175531,0.013160906385900617,0.5384527351796766,-0.08258945601586909,-0.1451514457923242,0.03147173266193626,0.02040894178683139,0.8272297245746554,-0.23289082169833009,0.0913633936064695,0.018883039597161755,-0.06275272755016381,-0.09899290455481768,0.1821545738918129
1778211042116009768,1778211042124677295,0.06771190966659013,0.008201724269474298,0.5437933928435204,-0.07953765163652982,-0.14705882352941124,0.03147173266193626,0.01697566186007471,0.8356221866178384,-0.2298390173189908,0.0913633936064695,0.018883039597161755,-0.06275272755016381,-0.09517814908064359,0.18177309834439548
1778211042136675767,1778211042144689115,0.06809338521400754,0.0017166399633783413,0.5533302815289556,-0.07648584725719054,-0.15011062790875052,0.03185320820935367,0.012779430838483208,0.845540550850691,-0.22602426184481672,0.0913633936064695,0.018883039597161755,-0.06275272755016381,-0.0913633936064695,0.1821545738918129
1778211042156628150,1778211042164714408,0.06923781185625977,-0.003242542153047978,0.5624856946669734,-0.07534142061493831,-0.15163653009842015,0.03032730601968403,0.009727626459143934,0.8550774395361262,-0.22297245746547745,0.0913633936064695,0.019264515144579164,-0.06198977645532899,-0.08793011367971282,0.18139162279697807
1778211042177258738,1778211042184681167,0.06923781185625977,-0.010490577553978753,0.572404058899826,-0.0749599450675209,-0.15583276112001165,0.029564354924849212,0.004768444342717615,0.8649958037689789,-0.21915770199130336,0.0913633936064695,0.019264515144579164,-0.05970092317082454,-0.08373388265812132,0.18024719615472584
1778211042198503980,1778211042204725539,0.06923781185625977,-0.018501564049744346,0.5842298008697657,-0.07190814068818163,-0.1623178454261076,0.027656977187762166,-0.0013351644159609322,0.8745326924544141,-0.21457999542229445,0.0913633936064695,0.019264515144579164,-0.05779354543373749,-0.07991912718394723,0.1787212939650562
1778211042223500728,1778211042224675080,0.06885633630884236,-0.023460746166170665,0.5994888227664621,-0.07152666514076422,-0.17109178301670802,0.026894026092927348,-0.010109102006561344,0.885595483329519,-0.2080949111161985,0.0913633936064695,0.019264515144579164,-0.05512321660181563,-0.07419699397268609,0.1783398184176388
1778211042243978141,1778211042244671620,0.06885633630884236,-0.027275501640344757,0.6116960402838192,-0.06961928740367718,-0.17719539177538657,0.024605172808422893,-0.018501564049744346,0.8932249942778672,-0.20580605783169403,0.0913633936064695,0.019645990691996573,-0.05359731441214599,-0.07000076295109459,0.1779583428702214
1778211042255145786,1778211042264688460,0.06885633630884236,-0.029564354924849212,0.6177996490424977,-0.06847486076142495,-0.17986572060730843,0.024223697261005483,-0.019645990691996573,0.8985656519417109,-0.203898680094607,0.0913633936064695,0.019645990691996573,-0.052071412222476354,-0.06961928740367718,0.17757686732280398
1778211042283024628,1778211042284703713,0.06885633630884236,-0.033379110399023304,0.637636377508203,-0.06809338521400754,-0.18978408484016107,0.022316319523918438,-0.023842221713588074,0.908865491721981,-0.2004654001678503,0.09098191805905209,0.019264515144579164,-0.04940108339055449,-0.06923781185625977,0.17719539177538657
1778211042295821221,1778211042304738754,0.06885633630884236,-0.03452353704127553,0.6448844129091338,-0.06809338521400754,-0.1951247425040048,0.019645990691996573,-0.028419928282596985,0.9138246738384073,-0.2000839246204329,0.0913633936064695,0.019264515144579164,-0.047112230106050035,-0.06923781185625977,0.17719539177538657
1778211042317309791,1778211042324860500,0.06809338521400754,-0.03681239032577999,0.6620508125429172,-0.06809338521400754,-0.20237277790493735,0.018883039597161755,-0.03528648813611035,0.9199282825970858,-0.2000839246204329,0.0913633936064695,0.019264515144579164,-0.04482337682154558,-0.06961928740367718,0.17719539177538657
1778211042337138259,1778211042344798355,0.0665674830243379,-0.037193865873197396,0.679598687724118,-0.06809338521400754,-0.20923933775845072,0.018501564049744346,-0.03910124361028444,0.9252689402609295,-0.1997024490730155,0.0913633936064695,0.019264515144579164,-0.042534523537041125,-0.06961928740367718,0.17719539177538657
1778211042357807156,1778211042364752731,0.06580453192950309,-0.037193865873197396,0.6979095140001537,-0.06809338521400754,-0.2164873731593815,0.01621271076523989,-0.042153047989623715,0.9317540245670255,-0.1997024490730155,0.0913633936064695,0.019645990691996573,-0.04024567025253667,-0.06885633630884236,0.17719539177538657
1778211042378662563,1778211042384746660,0.0661860074769205,-0.037193865873197396,0.7124055848020152,-0.06809338521400754,-0.22259098191806004,0.015449759670405072,-0.04329747463187594,0.9386205844205389,-0.19779507133592844,0.0913633936064695,0.019645990691996573,-0.03871976806286703,-0.06733043411917272,0.17681391622796916
1778211042399696000,1778211042404774650,0.0665674830243379,-0.037193865873197396,0.7257572289616245,-0.06809338521400754,-0.22678721293965154,0.013923857480735435,-0.04863813229571967,0.9454871442740522,-0.19550621805142399,0.09174486915388691,0.019645990691996573,-0.037193865873197396,-0.06389715419241604,0.17528801403829952
1778211042419460220,1778211042424769256,0.0661860074769205,-0.037193865873197396,0.7402532997634861,-0.06771190966659013,-0.2298390173189908,0.013542381933318026,-0.052071412222476354,0.9515907530327308,-0.19016556038757848,0.09174486915388691,0.019645990691996573,-0.03528648813611035,-0.0623712520027464,0.1745250629434647
1778211042440094947,1778211042444755842,0.06580453192950309,-0.037575341420614805,0.755130846112765,-0.06771190966659013,-0.23289082169833009,0.013542381933318026,-0.05550469214923304,0.9588387884336615,-0.18596932936598698,0.09174486915388691,0.019645990691996573,-0.03414206149385812,-0.0623712520027464,0.1749065384908821
1778211042461226819,1778211042464705039,0.06580453192950309,-0.04024567025253667,0.7684824902723744,-0.06771190966659013,-0.23670557717250418,0.013542381933318026,-0.0581750209811549,0.9657053482871749,-0.18139162279697807,0.09174486915388691,0.019645990691996573,-0.032616159304188486,-0.06198977645532899,0.1749065384908821
1778211042480966757,1778211042484881833,0.0661860074769205,-0.041771572442206306,0.7787823300526444,-0.06809338521400754,-0.2378500038147564,0.013542381933318026,-0.060463874265659356,0.9725719081406883,-0.18024719615472584,0.09174486915388691,0.019645990691996573,-0.03147173266193626,-0.061226825360494175,0.1749065384908821
1778211042502070869,1778211042504723682,0.0661860074769205,-0.04367895017929335,0.788700694285497,-0.06771190966659013,-0.24090180819409568,0.013542381933318026,-0.06313420309758122,0.9809643701838713,-0.17719539177538657,0.09174486915388691,0.020027466239413982,-0.029564354924849212,-0.06008239871824195,0.1749065384908821
1778211042522536850,1778211042524687069,0.06580453192950309,-0.0455863279163804,0.8001449607080193,-0.06771190966659013,-0.24395361257343495,0.013542381933318026,-0.06809338521400754,0.9889753566796369,-0.17338063630121248,0.09174486915388691,0.02040894178683139,-0.027275501640344757,-0.05893797207598972,0.1745250629434647
1778211042543719740,1778211042544674760,0.06466010528725086,-0.04787518120088485,0.8112077515831242,-0.06771190966659013,-0.24662394140535682,0.013542381933318026,-0.0707637140459294,0.9977492942702373,-0.17147325856412543,0.09174486915388691,0.022316319523918438,-0.024986648355840302,-0.05893797207598972,0.1745250629434647
1778211042554500120,1778211042564729405,0.06313420309758122,-0.0497825589379719,0.8165484092469679,-0.06771190966659013,-0.24776836804760904,0.013542381933318026,-0.07152666514076422,1.001182574196994,-0.1699473563744558,0.09174486915388691,0.022697795071335847,-0.024223697261005483,-0.05893797207598972,0.1745250629434647
1778211042582723836,1778211042584720591,0.061608300907911584,-0.05359731441214599,0.8348592355230036,-0.06771190966659013,-0.24814984359502645,0.013542381933318026,-0.0749599450675209,1.0118638895246814,-0.16308079652094243,0.09174486915388691,0.023079270618753256,-0.023460746166170665,-0.05893797207598972,0.1745250629434647
1778211042592323042,1778211042604757177,0.060463874265659356,-0.05474174105439822,0.8405813687342647,-0.06733043411917272,-0.24814984359502645,0.013542381933318026,-0.07648584725719054,1.0164415960936903,-0.16269932097352502,0.09174486915388691,0.023460746166170665,-0.023460746166170665,-0.05893797207598972,0.1745250629434647
1778211042615662669,1778211042624768649,0.05970092317082454,-0.05741206988632008,0.8508812085145347,-0.06733043411917272,-0.24814984359502645,0.013542381933318026,-0.078774700541695,1.026359960326543,-0.15888456549935093,0.09212634470130432,0.024986648355840302,-0.023460746166170665,-0.0581750209811549,0.1745250629434647
1778211042636505937,1778211042644706183,0.06008239871824195,-0.05970092317082454,0.8585107194628829,-0.06733043411917272,-0.24814984359502645,0.013923857480735435,-0.07953765163652982,1.034752422369726,-0.15659571221484647,0.09212634470130432,0.024986648355840302,-0.023460746166170665,-0.05855649652857231,0.1745250629434647
1778211042662292110,1778211042664685876,0.05970092317082454,-0.060845349813076766,0.8699549858854052,-0.0665674830243379,-0.24814984359502645,0.013923857480735435,-0.07991912718394723,1.0461966887922483,-0.1531624322880898,0.09212634470130432,0.024986648355840302,-0.023460746166170665,-0.0581750209811549,0.1741435873960473
1778211042672501894,1778211042684765137,0.05970092317082454,-0.060845349813076766,0.8752956435492489,-0.0661860074769205,-0.24814984359502645,0.013542381933318026,-0.08030060273136463,1.0507743953612572,-0.15163653009842015,0.09212634470130432,0.024986648355840302,-0.023460746166170665,-0.0581750209811549,0.1741435873960473
1778211042695978727,1778211042704810536,0.05779354543373749,-0.0623712520027464,0.8871213855191886,-0.06389715419241604,-0.24814984359502645,0.013542381933318026,-0.08258945601586909,1.0606927595941098,-0.14858472571908088,0.09250782024872173,0.024986648355840302,-0.023460746166170665,-0.05741206988632008,0.1741435873960473
1778211042716886679,1778211042724839204,0.05741206988632008,-0.06504158083466827,0.8978027008468761,-0.061226825360494175,-0.24814984359502645,0.013542381933318026,-0.08602273594262577,1.068322270542458,-0.1455329213397416,0.09250782024872173,0.024986648355840302,-0.023842221713588074,-0.05359731441214599,0.1741435873960473
1778211042737593518,1778211042744716065,0.057030594338902674,-0.06694895857175531,0.9069581139848939,-0.06008239871824195,-0.24814984359502645,0.013542381933318026,-0.08678568703746059,1.0759517814908062,-0.14324406805523715,0.09288929579613914,0.02536812390325771,-0.023842221713588074,-0.051308461127641536,0.1741435873960473
1778211042757971467,1778211042764738233,0.05741206988632008,-0.06923781185625977,0.9157320515754943,-0.06008239871824195,-0.24814984359502645,0.013542381933318026,-0.087167162584878,1.0843442435339892,-0.137521934843976,0.09288929579613914,0.02536812390325771,-0.023460746166170665,-0.051308461127641536,0.1741435873960473
1778211042778324752,1778211042784774821,0.057030594338902674,-0.07114518959334681,0.9248874647135121,-0.06008239871824195,-0.24891279468986127,0.013542381933318026,-0.08831158922713023,1.093499656672007,-0.13447013046463674,0.09327077134355655,0.02536812390325771,-0.023460746166170665,-0.0497825589379719,0.1741435873960473
1778211042798590298,1778211042804788650,0.057030594338902674,-0.07343404287785127,0.9336614023041125,-0.06008239871824195,-0.25196459906920055,0.013542381933318026,-0.09098191805905209,1.1030365453574422,-0.12951094834821042,0.09365224689097396,0.024986648355840302,-0.023460746166170665,-0.0497825589379719,0.1741435873960473
1778211042819959137,1778211042824821462,0.057030594338902674,-0.07572289616235572,0.9428168154421304,-0.06008239871824195,-0.25196459906920055,0.013542381933318026,-0.09365224689097396,1.1133363851377123,-0.1283665217059582,0.09441519798580877,0.024986648355840302,-0.023460746166170665,-0.04825665674830226,0.1741435873960473
1778211042840254614,1778211042844696820,0.055886167696650446,-0.07724879835202536,0.9523537041275656,-0.05970092317082454,-0.25272755016403536,0.013542381933318026,-0.09441519798580877,1.123254749370565,-0.12760357061112337,0.09479667353322618,0.024986648355840302,-0.023460746166170665,-0.047493705653467444,0.1745250629434647
1778211042861074747,1778211042864675374,0.05512321660181563,-0.078774700541695,0.963035019455253,-0.05931944762340713,-0.254253452353705,0.013542381933318026,-0.09441519798580877,1.131647211413748,-0.12531471732661892,0.09479667353322618,0.024986648355840302,-0.023842221713588074,-0.046349279011215216,0.1741435873960473
1778211042882188574,1778211042884760267,0.05512321660181563,-0.08030060273136463,0.9737163347829405,-0.05931944762340713,-0.2550164034485398,0.013542381933318026,-0.09479667353322618,1.139276722362096,-0.1245517662317841,0.09441519798580877,0.024986648355840302,-0.023842221713588074,-0.04482337682154558,0.1741435873960473
1778211042901366394,1778211042904783481,0.05512321660181563,-0.08068207827878204,0.979819943541619,-0.05931944762340713,-0.2550164034485398,0.013542381933318026,-0.09479667353322618,1.143854428931105,-0.12188143739986224,0.09403372243839137,0.024986648355840302,-0.023460746166170665,-0.04482337682154558,0.1741435873960473
1778211042922715991,1778211042924810953,0.05512321660181563,-0.08068207827878204,0.9885938811322195,-0.05931944762340713,-0.25539787899595723,0.013542381933318026,-0.09594110017547841,1.1530098420691228,-0.12073701075761001,0.09441519798580877,0.024986648355840302,-0.023460746166170665,-0.04406042572671076,0.1741435873960473
1778211042942795273,1778211042944719717,0.05512321660181563,-0.08068207827878204,0.9973678187228199,-0.05931944762340713,-0.25577935454337464,0.013542381933318026,-0.09784847791256546,1.1610208285648884,-0.11806668192568814,0.09441519798580877,0.024986648355840302,-0.023460746166170665,-0.04406042572671076,0.1741435873960473
1778211042962625818,1778211042964682706,0.05512321660181563,-0.08068207827878204,1.0046158541237507,-0.05893797207598972,-0.2580682078278791,0.013542381933318026,-0.09822995345998287,1.1682688639658192,-0.11692225528343592,0.09479667353322618,0.024986648355840302,-0.023460746166170665,-0.04406042572671076,0.1745250629434647
1778211042974938954,1778211042984761097,0.05550469214923304,-0.08068207827878204,1.0080491340505073,-0.05893797207598972,-0.25959411001754873,0.013542381933318026,-0.09822995345998287,1.1736095216296647,-0.1161593041886011,0.09517814908064359,0.024986648355840302,-0.023460746166170665,-0.04367895017929335,0.1745250629434647
1778211043002602505,1778211043004686299,0.05550469214923304,-0.08068207827878204,1.0183489738307774,-0.05893797207598972,-0.26455329213397505,0.013542381933318026,-0.0993743801022351,1.1812390325780129,-0.11120012207217478,0.09632257572289582,0.024986648355840302,-0.023460746166170665,-0.04367895017929335,0.1745250629434647
1778211043022046452,1778211043024702480,0.05550469214923304,-0.08068207827878204,1.0229266803997863,-0.05893797207598972,-0.2668421454184795,0.013542381933318026,-0.10013733119706991,1.1858167391470218,-0.10891126878767032,0.09670405127031323,0.024986648355840302,-0.023460746166170665,-0.04329747463187594,0.1745250629434647
1778211043038263001,1778211043044774622,0.05550469214923304,-0.08068207827878204,1.0278858625162126,-0.05855649652857231,-0.2706569008926536,0.013542381933318026,-0.10242618448157437,1.1919203479057003,-0.10624093995574846,0.09708552681773064,0.024986648355840302,-0.022316319523918438,-0.04329747463187594,0.1745250629434647
1778211043059354393,1778211043064995216,0.05512321660181563,-0.08068207827878204,1.034752422369726,-0.056649118791485265,-0.2748531319142451,0.013160906385900617,-0.10280766002899178,1.1984054322117963,-0.10280766002899178,0.09746700236514805,0.024986648355840302,-0.02040894178683139,-0.04329747463187594,0.1745250629434647
1778211043081482571,1778211043084742159,0.05550469214923304,-0.08068207827878204,1.0420004577706568,-0.056267643244067855,-0.27790493629358437,0.013542381933318026,-0.10280766002899178,1.2060349431601445,-0.10204470893415696,0.09861142900740028,0.024986648355840302,-0.018501564049744346,-0.04367895017929335,0.1745250629434647
1778211043103097315,1778211043104750920,0.05512321660181563,-0.08068207827878204,1.0507743953612572,-0.056267643244067855,-0.28171969176775846,0.013542381933318026,-0.10509651331349623,1.2129015030136578,-0.0997558556496525,0.0993743801022351,0.024986648355840302,-0.01697566186007471,-0.04367895017929335,0.1745250629434647
1778211043123361000,1778211043124681224,0.05550469214923304,-0.08068207827878204,1.0568780041199357,-0.056267643244067855,-0.2824826428625933,0.013542381933318026,-0.11005569542992255,1.2209124895094234,-0.09899290455481768,0.10051880674448732,0.024986648355840302,-0.014686808575570254,-0.04329747463187594,0.1745250629434647
1778211043144099248,1778211043144700108,0.055886167696650446,-0.08068207827878204,1.063744563973449,-0.056267643244067855,-0.2862973983367674,0.013542381933318026,-0.11005569542992255,1.2293049515526064,-0.09670405127031323,0.10204470893415696,0.024986648355840302,-0.01201647974364839,-0.04367895017929335,0.1745250629434647
1778211043155101457,1778211043164751330,0.055886167696650446,-0.08068207827878204,1.0671778439002058,-0.056267643244067855,-0.2885862516212718,0.013542381933318026,-0.11043717097733996,1.2331197070267805,-0.095559624628061,0.10204470893415696,0.024986648355840302,-0.010490577553978753,-0.042915999084458534,0.1745250629434647
1778211043182647666,1778211043184718468,0.056267643244067855,-0.08068207827878204,1.076714732585641,-0.056267643244067855,-0.2924010070954459,0.013542381933318026,-0.11310749980926182,1.2453269245441376,-0.09174486915388691,0.10280766002899178,0.024986648355840302,-0.008201724269474298,-0.041771572442206306,0.1745250629434647
1778211043195636565,1778211043204794915,0.056649118791485265,-0.08068207827878204,1.0797665369649803,-0.056267643244067855,-0.29354543373769815,0.013542381933318026,-0.11310749980926182,1.2510490577553988,-0.09098191805905209,0.10280766002899178,0.024986648355840302,-0.006675822079804661,-0.0413900968947889,0.1745250629434647
1778211043216860245,1778211043224767008,0.056649118791485265,-0.08106355382619945,1.085107194628824,-0.056649118791485265,-0.29697871366445483,0.013542381933318026,-0.11272602426184442,1.2598229953459992,-0.08602273594262577,0.10280766002899178,0.024986648355840302,-0.005531395437552433,-0.04062714579995408,0.1745250629434647
1778211043237569235,1778211043244762211,0.057030594338902674,-0.08106355382619945,1.0904478522926677,-0.056267643244067855,-0.3000305180437941,0.013542381933318026,-0.11310749980926182,1.2693598840314344,-0.08182650492103427,0.10280766002899178,0.024986648355840302,-0.004386968795300206,-0.04062714579995408,0.1745250629434647
1778211043257361887,1778211043264749535,0.05741206988632008,-0.08106355382619945,1.0961699855039289,-0.056649118791485265,-0.3004119935912115,0.013542381933318026,-0.11310749980926182,1.279278248264287,-0.07839322499427759,0.10280766002899178,0.024605172808422893,-0.0036240177004653873,-0.04062714579995408,0.1745250629434647
1778211043282948874,1778211043284699820,0.0581750209811549,-0.08106355382619945,1.1026550698100248,-0.056649118791485265,-0.30155642023346374,0.013542381933318026,-0.11387045090409664,1.2884336614023049,-0.07686732280460795,0.10242618448157437,0.024986648355840302,-0.0020981155107957505,-0.04062714579995408,0.1745250629434647
1778211043302557312,1778211043304676067,0.05893797207598972,-0.08106355382619945,1.108377203021286,-0.057030594338902674,-0.3034637979705508,0.013542381933318026,-0.11463340199893146,1.2926298924238964,-0.07648584725719054,0.10204470893415696,0.024986648355840302,-0.0020981155107957505,-0.04062714579995408,0.1745250629434647
1778211043313818808,1778211043324752919,0.05893797207598972,-0.08106355382619945,1.11219195849546,-0.0581750209811549,-0.3038452735179682,0.013542381933318026,-0.11539635309376628,1.2975890745403227,-0.07648584725719054,0.10204470893415696,0.024605172808422893,-0.0020981155107957505,-0.04062714579995408,0.1745250629434647
1778211043342311643,1778211043344745236,0.05931944762340713,-0.08106355382619945,1.1240177004653997,-0.0581750209811549,-0.3038452735179682,0.013542381933318026,-0.1161593041886011,1.3132295719844365,-0.0749599450675209,0.10280766002899178,0.024605172808422893,-0.0020981155107957505,-0.04062714579995408,0.1745250629434647
1778211043355572312,1778211043364923160,0.06008239871824195,-0.08106355382619945,1.127069504844739,-0.060463874265659356,-0.3038452735179682,0.013542381933318026,-0.11692225528343592,1.3200961318379498,-0.07419699397268609,0.103952086671244,0.024605172808422893,-0.0020981155107957505,-0.04062714579995408,0.1745250629434647
1778211043376258930,1778211043384734182,0.06198977645532899,-0.08182650492103427,1.1320286869611653,-0.060463874265659356,-0.3038452735179682,0.013542381933318026,-0.11768520637827073,1.3292515449759676,-0.07267109178301645,0.10509651331349623,0.024986648355840302,-0.0020981155107957505,-0.04024567025253667,0.1745250629434647
1778211043396853657,1778211043404804659,0.06389715419241604,-0.08373388265812132,1.1377508201724265,-0.060463874265659356,-0.304608224612803,0.013542381933318026,-0.11806668192568814,1.3395513847562377,-0.0707637140459294,0.10509651331349623,0.024986648355840302,-0.0020981155107957505,-0.04024567025253667,0.1745250629434647
1778211043417431402,1778211043424743815,0.06504158083466827,-0.08525978484779095,1.143854428931105,-0.060463874265659356,-0.304608224612803,0.013542381933318026,-0.1203555352101926,1.3498512245365077,-0.06923781185625977,0.10509651331349623,0.024605172808422893,-0.0020981155107957505,-0.03910124361028444,0.1745250629434647
1778211043438285461,1778211043444798867,0.0661860074769205,-0.08754863813229541,1.150339513237201,-0.060463874265659356,-0.3049897001602204,0.013542381933318026,-0.12073701075761001,1.3605325398641952,-0.06771190966659013,0.10509651331349623,0.024605172808422893,-0.0020981155107957505,-0.03643091477836258,0.1745250629434647
1778211043458834065,1778211043464942785,0.06733043411917272,-0.08983749141679986,1.1552986953536273,-0.060463874265659356,-0.30537117570763783,0.013542381933318026,-0.12111848630502742,1.3715953307393,-0.06580453192950309,0.10509651331349623,0.024223697261005483,-0.0020981155107957505,-0.03604943923094517,0.1745250629434647
1778211043479575951,1778211043484779927,0.06847486076142495,-0.09327077134355655,1.1614023041123058,-0.060463874265659356,-0.30689707789730747,0.013542381933318026,-0.12188143739986224,1.3815136949721527,-0.06466010528725086,0.10509651331349623,0.024223697261005483,-0.0020981155107957505,-0.03566796368352776,0.1745250629434647
1778211043499839634,1778211043504772238,0.06923781185625977,-0.095559624628061,1.1667429617761496,-0.060463874265659356,-0.3072785534447249,0.013542381933318026,-0.1245517662317841,1.391050583657588,-0.061608300907911584,0.10471503776607882,0.024223697261005483,-0.0020981155107957505,-0.03566796368352776,0.1745250629434647
1778211043519687782,1778211043524828835,0.07000076295109459,-0.09708552681773064,1.172083619439995,-0.060463874265659356,-0.3076600289921423,0.013542381933318026,-0.12493324177920151,1.4005874723430232,-0.05893797207598972,0.10471503776607882,0.024223697261005483,-0.0020981155107957505,-0.03566796368352776,0.1745250629434647
1778211043535443474,1778211043544836561,0.0707637140459294,-0.09899290455481768,1.176661326009004,-0.060845349813076766,-0.3072785534447249,0.013542381933318026,-0.12493324177920151,1.4063096055542843,-0.05855649652857231,0.10471503776607882,0.024223697261005483,-0.0020981155107957505,-0.03528648813611035,0.1745250629434647
1778211043559067632,1778211043564755952,0.07190814068818163,-0.10013733119706991,1.1831464103151,-0.061608300907911584,-0.3076600289921423,0.013542381933318026,-0.13027389944304524,1.4131761654077977,-0.0581750209811549,0.10433356221866141,0.024223697261005483,-0.000953688868543523,-0.03566796368352776,0.1745250629434647
1778211043579731897,1778211043584802821,0.07305256733043386,-0.10166323338673955,1.1896314946211959,-0.06313420309758122,-0.3076600289921423,0.013542381933318026,-0.13179980163271487,1.420042725261311,-0.05779354543373749,0.10471503776607882,0.024223697261005483,-0.0001907377737087046,-0.03566796368352776,0.1745250629434647
1778211043600861502,1778211043604703062,0.07305256733043386,-0.10318913557640919,1.1976424811169615,-0.06542305638208568,-0.3076600289921423,0.013542381933318026,-0.13179980163271487,1.4272907606622418,-0.056267643244067855,0.10471503776607882,0.024223697261005483,0.0005722133211261138,-0.03566796368352776,0.1745250629434647
1778211043621158093,1778211043624750469,0.07381551842526868,-0.1035706111238266,1.2048905165178923,-0.06809338521400754,-0.3072785534447249,0.013542381933318026,-0.13141832608529747,1.4337758449683378,-0.05321583886472858,0.10509651331349623,0.024223697261005483,0.0013351644159609322,-0.03490501258869294,0.1745250629434647
1778211043640993229,1778211043644738337,0.07534142061493831,-0.1035706111238266,1.2113756008239882,-0.06809338521400754,-0.3076600289921423,0.013542381933318026,-0.13179980163271487,1.4402609292744337,-0.05092698558022413,0.10509651331349623,0.023842221713588074,0.0024795910582131597,-0.03490501258869294,0.1745250629434647
1778211043662035893,1778211043664776376,0.07801174944686018,-0.10471503776607882,1.2155718318455797,-0.06809338521400754,-0.3076600289921423,0.013542381933318026,-0.13218127718013228,1.4475089646753645,-0.05092698558022413,0.10509651331349623,0.024223697261005483,0.0036240177004653873,-0.033379110399023304,0.1745250629434647
1778211043677360407,1778211043684779590,0.0791561760891124,-0.10547798886091364,1.2190051117723364,-0.06809338521400754,-0.3072785534447249,0.013542381933318026,-0.13218127718013228,1.4547570000762953,-0.05016403448538931,0.10471503776607882,0.024223697261005483,0.004768444342717615,-0.033379110399023304,0.1745250629434647
1778211043701914425,1778211043704682761,0.08106355382619945,-0.10624093995574846,1.2254901960784323,-0.06771190966659013,-0.3072785534447249,0.013542381933318026,-0.13561455710688897,1.4669642175936524,-0.04787518120088485,0.10509651331349623,0.024223697261005483,0.005912870984969842,-0.032997634851605895,0.1745250629434647
1778211043721611623,1778211043724752441,0.08220798046845168,-0.10624093995574846,1.2312123292896935,-0.06809338521400754,-0.3072785534447249,0.013542381933318026,-0.13942931258106306,1.4776455329213398,-0.047112230106050035,0.10509651331349623,0.023842221713588074,0.006294346532387252,-0.03185320820935367,0.1741435873960473
1778211043742694511,1778211043744687450,0.08335240711070391,-0.10662241550316587,1.237315938048372,-0.06771190966659013,-0.3072785534447249,0.013542381933318026,-0.13981078812848047,1.489852750438697,-0.046730754558632626,0.10509651331349623,0.023842221713588074,0.006294346532387252,-0.03070878156710144,0.1741435873960473
1778211043762829618,1778211043764695785,0.08335240711070391,-0.1077668421454181,1.2434195468070506,-0.06733043411917272,-0.3072785534447249,0.013542381933318026,-0.14209964141298492,1.5035858701457236,-0.04482337682154558,0.10509651331349623,0.024223697261005483,0.006294346532387252,-0.027656977187762166,0.1741435873960473
1778211043784016137,1778211043784680527,0.08335240711070391,-0.10891126878767032,1.250286106660564,-0.06771190966659013,-0.3072785534447249,0.013542381933318026,-0.14705882352941124,1.5161745632104981,-0.0413900968947889,0.10509651331349623,0.024223697261005483,0.006294346532387252,-0.024605172808422893,0.1741435873960473
1778211043794547260,1778211043804742496,0.08335240711070391,-0.10891126878767032,1.2537193865873206,-0.06771190966659013,-0.3076600289921423,0.013542381933318026,-0.14744029907682865,1.5218966964217593,-0.03948271915770185,0.10509651331349623,0.024223697261005483,0.006294346532387252,-0.024605172808422893,0.1741435873960473
1778211043814342918,1778211043824744506,0.08335240711070391,-0.10891126878767032,1.260585946440834,-0.06771190966659013,-0.3076600289921423,0.013542381933318026,-0.14782177462424606,1.5333409628442816,-0.03643091477836258,0.10471503776607882,0.023842221713588074,0.006294346532387252,-0.023842221713588074,0.1741435873960473
1778211043834999628,1778211043844731704,0.0829709315632865,-0.10891126878767032,1.2666895551995125,-0.06733043411917272,-0.3076600289921423,0.013542381933318026,-0.14782177462424606,1.5436408026245516,-0.03147173266193626,0.10471503776607882,0.023842221713588074,0.006294346532387252,-0.0165941863126573,0.1741435873960473
1778211043855620666,1778211043864687144,0.0829709315632865,-0.10891126878767032,1.2739375906004433,-0.06771190966659013,-0.30994888227664674,0.013542381933318026,-0.15087357900358533,1.5516517891203172,-0.027656977187762166,0.10471503776607882,0.023460746166170665,0.006294346532387252,-0.013542381933318026,0.17376211184862989
1778211043876881119,1778211043884722154,0.08335240711070391,-0.10891126878767032,1.2804226749065393,-0.06771190966659013,-0.31490806439307306,0.013542381933318026,-0.15468833447775943,1.5581368734264132,-0.024605172808422893,0.10471503776607882,0.022697795071335847,0.006294346532387252,-0.012397955291065799,0.17147325856412543
1778211043897430845,1778211043904706774,0.08373388265812132,-0.10891126878767032,1.2872892347600526,-0.06771190966659013,-0.3202487220569168,0.013542381933318026,-0.1577401388570987,1.5630960555428395,-0.022697795071335847,0.10471503776607882,0.02155336842908362,0.006294346532387252,-0.009727626459143934,0.16880292973220357
1778211043917840900,1778211043924701180,0.08373388265812132,-0.10891126878767032,1.2945372701609834,-0.06733043411917272,-0.32673380636301275,0.013542381933318026,-0.15850308995193352,1.5669108110170136,-0.02040894178683139,0.10471503776607882,0.02040894178683139,0.00705729762722207,-0.008583199816891707,0.1665140764476991
1778211043937867862,1778211043944775759,0.08373388265812132,-0.10891126878767032,1.300640878919662,-0.06733043411917272,-0.33016708628976943,0.013542381933318026,-0.1619363698786902,1.5688181887541006,-0.01697566186007471,0.10471503776607882,0.020027466239413982,0.00705729762722207,-0.006675822079804661,0.16536964980544688
1778211043963407583,1778211043964677756,0.08373388265812132,-0.10891126878767032,1.3082703898680101,-0.06733043411917272,-0.3336003662165261,0.013542381933318026,-0.16422522316319466,1.5703440909437703,-0.014686808575570254,0.10433356221866141,0.018120088502326936,0.00705729762722207,-0.004768444342717615,0.16269932097352502
1778211043980256772,1778211043984739315,0.08335240711070391,-0.10891126878767032,1.3113221942473494,-0.06733043411917272,-0.3336003662165261,0.013542381933318026,-0.16498817425802947,1.5703440909437703,-0.012779430838483208,0.10433356221866141,0.017738612954909527,0.007438773174639479,-0.004768444342717615,0.16269932097352502
1778211043996721601,1778211044004834739,0.08373388265812132,-0.10891126878767032,1.314755474174106,-0.06733043411917272,-0.33436331731136093,0.013542381933318026,-0.16765850308995134,1.5707255664911877,-0.008964675364309116,0.10433356221866141,0.01697566186007471,0.008201724269474298,0.0001907377737087046,0.15964751659418575
1778211044022428236,1778211044024695035,0.08335240711070391,-0.10891126878767032,1.3220035095750369,-0.06771190966659013,-0.33855954833295243,0.013542381933318026,-0.1745250629434647,1.5707255664911877,-0.0024795910582131597,0.10433356221866141,0.01621271076523989,0.008583199816891707,0.005531395437552433,0.15888456549935093
1778211044044048300,1778211044044673932,0.0829709315632865,-0.10891126878767032,1.3273441672388806,-0.06771190966659013,-0.34351873044937875,0.013542381933318026,-0.1779583428702214,1.5707255664911877,0.0024795910582131597,0.10433356221866141,0.01621271076523989,0.008964675364309116,0.012397955291065799,0.1577401388570987
1778211044062166320,1778211044064772490,0.08335240711070391,-0.10891126878767032,1.332303349355307,-0.06771190966659013,-0.35229266803997916,0.013542381933318026,-0.18101014724956066,1.5707255664911877,0.006294346532387252,0.10433356221866141,0.01621271076523989,0.008964675364309116,0.01697566186007471,0.15621423666742906
1778211044075136645,1778211044084757311,0.08335240711070391,-0.10891126878767032,1.3353551537346462,-0.06771190966659013,-0.3576333257038229,0.013542381933318026,-0.18329900053406512,1.5707255664911877,0.009346150911726525,0.103952086671244,0.01621271076523989,0.009346150911726525,0.02155336842908362,0.15583276112001165
1778211044096327962,1778211044104765981,0.08335240711070391,-0.10891126878767032,1.342603189135577,-0.06733043411917272,-0.3652628366521711,0.013542381933318026,-0.1867322804608218,1.5707255664911877,0.012779430838483208,0.10280766002899178,0.0165941863126573,0.010109102006561344,0.02613107499809253,0.15430685893034202
1778211044116523391,1778211044124757697,0.08335240711070391,-0.10891126878767032,1.3498512245365077,-0.06733043411917272,-0.37632562752727594,0.013160906385900617,-0.19169146257724812,1.5707255664911877,0.018120088502326936,0.10204470893415696,0.0165941863126573,0.01201647974364839,0.03185320820935367,0.15201800564583756
1778211044137515349,1778211044144737732,0.08335240711070391,-0.10891126878767032,1.357480735484856,-0.0665674830243379,-0.38548104066529376,0.013542381933318026,-0.1958876935988414,1.5707255664911877,0.022697795071335847,0.10090028229190473,0.01621271076523989,0.013542381933318026,0.037193865873197396,0.15011062790875052
1778211044163187827,1778211044164689313,0.08335240711070391,-0.10891126878767032,1.367780575265126,-0.0665674830243379,-0.39349202716105935,0.013542381933318026,-0.20199130235751994,1.5707255664911877,0.028419928282596985,0.09899290455481768,0.01621271076523989,0.01621271076523989,0.03910124361028444,0.14744029907682865
1778211044182242247,1778211044184698674,0.08335240711070391,-0.10891126878767032,1.376173037308309,-0.06466010528725086,-0.39806973373006826,0.013542381933318026,-0.20504310673685922,1.5707255664911877,0.029182879377431803,0.09708552681773064,0.01621271076523989,0.018120088502326936,0.03910124361028444,0.1447699702449068
1778211044192137199,1778211044204765269,0.08335240711070391,-0.10891126878767032,1.3803692683299005,-0.06389715419241604,-0.40074006256199013,0.013542381933318026,-0.20771343556878108,1.571107042038605,0.03109025711451885,0.09632257572289582,0.01621271076523989,0.019645990691996573,0.04024567025253667,0.14438849469748938
1778211044215351549,1778211044224752029,0.0829709315632865,-0.10891126878767032,1.3887617303730835,-0.06008239871824195,-0.40493629358358163,0.013542381933318026,-0.21000228885328553,1.571107042038605,0.03185320820935367,0.09441519798580877,0.01621271076523989,0.02193484397650103,0.042534523537041125,0.14248111696040233
1778211044235893511,1778211044244702811,0.0829709315632865,-0.10891126878767032,1.3971541924162665,-0.057030594338902674,-0.40646219577325127,0.013542381933318026,-0.21343556878004222,1.571107042038605,0.032234683756771076,0.09250782024872173,0.01621271076523989,0.024223697261005483,0.042534523537041125,0.14019226367589788
1778211044262887320,1778211044264677643,0.08258945601586909,-0.10891126878767032,1.409742885481041,-0.051689936675058945,-0.40913252460517313,0.013542381933318026,-0.21839475089646854,1.571107042038605,0.032234683756771076,0.09098191805905209,0.01621271076523989,0.026894026092927348,0.04367895017929335,0.1367589837491412
1778211044276978704,1778211044284701473,0.08258945601586909,-0.10891126878767032,1.413557640955215,-0.04863813229571967,-0.40913252460517313,0.013542381933318026,-0.22182803082322522,1.5714885175860225,0.032234683756771076,0.09021896696421727,0.01621271076523989,0.027275501640344757,0.046349279011215216,0.13370717936980192
1778211044296792945,1778211044304790382,0.08220798046845168,-0.10891126878767032,1.4223315785458155,-0.04520485236896299,-0.41027695124742536,0.013542381933318026,-0.22373540856031227,1.5741588464179443,0.032234683756771076,0.08983749141679986,0.01621271076523989,0.028801403830014394,0.04863813229571967,0.13141832608529747
1778211044317819344,1778211044324707312,0.08182650492103427,-0.10891126878767032,1.431105516136416,-0.04024567025253667,-0.411802853437095,0.013542381933318026,-0.22716868848706895,1.5779736018921184,0.03185320820935367,0.08945601586938245,0.01621271076523989,0.028801403830014394,0.04901960784313708,0.1283665217059582
1778211044338252429,1778211044344698558,0.08030060273136463,-0.10891126878767032,1.4402609292744337,-0.03376058594644071,-0.4121843289845124,0.013542381933318026,-0.2298390173189908,1.5810254062714577,0.03185320820935367,0.08907454032196505,0.01621271076523989,0.028801403830014394,0.04901960784313708,0.12531471732661892
1778211044358769542,1778211044364720452,0.07991912718394723,-0.10891126878767032,1.4482719157701993,-0.028038452735179575,-0.4121843289845124,0.013542381933318026,-0.2332722972457475,1.5844586861982144,0.03185320820935367,0.08831158922713023,0.01621271076523989,0.028801403830014394,0.04940108339055449,0.12226291294727964
1778211044379612383,1778211044384717370,0.0791561760891124,-0.10891126878767032,1.4559014267185475,-0.023460746166170665,-0.4129472800793472,0.013542381933318026,-0.23823147936217381,1.5856031128404666,0.03109025711451885,0.08754863813229541,0.01621271076523989,0.028801403830014394,0.04863813229571967,0.12073701075761001
1778211044400103417,1778211044404781921,0.07724879835202536,-0.10891126878767032,1.462005035477226,-0.020027466239413982,-0.4163805600061039,0.013542381933318026,-0.2454795147631046,1.5867475394827188,0.03109025711451885,0.08525978484779095,0.01621271076523989,0.028801403830014394,0.04901960784313708,0.11730373083085333
1778211044421323950,1778211044424731658,0.07648584725719054,-0.10891126878767032,1.4688715953307394,-0.01697566186007471,-0.420195315480278,0.013160906385900617,-0.2512016479743657,1.5867475394827188,0.029564354924849212,0.08411535820553873,0.01621271076523989,0.028801403830014394,0.04863813229571967,0.11501487754634887
1778211044442197817,1778211044444679950,0.07381551842526868,-0.10891126878767032,1.474975204089418,-0.014305333028152845,-0.4240100709544521,0.013542381933318026,-0.25616083009079205,1.5867475394827188,0.027275501640344757,0.08220798046845168,0.01583123521782248,0.028801403830014394,0.04825665674830226,0.11387045090409664
1778211044462998206,1778211044464674815,0.07114518959334681,-0.10891126878767032,1.480697337300679,-0.009727626459143934,-0.4282063019760436,0.013542381933318026,-0.26073853665980096,1.5867475394827188,0.027275501640344757,0.07991912718394723,0.01621271076523989,0.028801403830014394,0.04787518120088485,0.11348897535667923
1778211044482626693,1778211044484711573,0.06809338521400754,-0.10891126878767032,1.4856565194171054,-0.006675822079804661,-0.43125810635538286,0.013542381933318026,-0.26455329213397505,1.5867475394827188,0.027275501640344757,0.07724879835202536,0.01621271076523989,0.028419928282596985,0.047493705653467444,0.11310749980926182
1778211044503097350,1778211044504678759,0.06580453192950309,-0.10891126878767032,1.489852750438697,-0.003242542153047978,-0.4324025329976351,0.013542381933318026,-0.2676050965133143,1.5867475394827188,0.027275501640344757,0.0745784695201035,0.01621271076523989,0.028419928282596985,0.047493705653467444,0.112344548714427
1778211044523847724,1778211044524677139,0.06389715419241604,-0.10891126878767032,1.4929045548180362,0.0001907377737087046,-0.43507286182955696,0.013542381933318026,-0.26951247425040137,1.5867475394827188,0.027275501640344757,0.07152666514076422,0.01621271076523989,0.028419928282596985,0.047493705653467444,0.1119630731670096
1778211044544115374,1778211044544669568,0.0623712520027464,-0.10891126878767032,1.493667505912871,0.0005722133211261138,-0.4377431906614788,0.013542381933318026,-0.2706569008926536,1.5867475394827188,0.026894026092927348,0.06809338521400754,0.01621271076523989,0.028419928282596985,0.04787518120088485,0.11120012207217478
1778211044555031919,1778211044564678890,0.061226825360494175,-0.10891126878767032,1.493667505912871,0.0005722133211261138,-0.43850614175631364,0.013160906385900617,-0.27370870527199287,1.5867475394827188,0.026894026092927348,0.0665674830243379,0.01621271076523989,0.028419928282596985,0.04787518120088485,0.11120012207217478
1778211044584345791,1778211044584774603,0.06008239871824195,-0.10891126878767032,1.493667505912871,0.0017166399633783413,-0.44232089723048773,0.013160906385900617,-0.27790493629358437,1.5867475394827188,0.026894026092927348,0.0623712520027464,0.01583123521782248,0.028419928282596985,0.04787518120088485,0.11081864652475737
1778211044592688394,1778211044604673587,0.06008239871824195,-0.10891126878767032,1.493667505912871,0.002861066605630569,-0.44346532387273996,0.013542381933318026,-0.27790493629358437,1.5867475394827188,0.026894026092927348,0.06198977645532899,0.01583123521782248,0.028419928282596985,0.04787518120088485,0.11081864652475737
1778211044616330376,1778211044624793342,0.05855649652857231,-0.10891126878767032,1.493667505912871,0.0040054932478827965,-0.44689860379949664,0.013542381933318026,-0.2782864118410018,1.5867475394827188,0.026894026092927348,0.05855649652857231,0.01583123521782248,0.028419928282596985,0.04787518120088485,0.11120012207217478
1778211044636821400,1778211044644704660,0.05779354543373749,-0.10891126878767032,1.493667505912871,0.004768444342717615,-0.44728007934691405,0.013542381933318026,-0.27752346074616696,1.5867475394827188,0.026894026092927348,0.056649118791485265,0.01621271076523989,0.027275501640344757,0.04901960784313708,0.11120012207217478
1778211044657484597,1778211044664699178,0.05741206988632008,-0.10891126878767032,1.493667505912871,0.004768444342717615,-0.44689860379949664,0.013542381933318026,-0.27752346074616696,1.5867475394827188,0.026894026092927348,0.0539787899595634,0.01621271076523989,0.02574959945067512,0.04901960784313708,0.11081864652475737
1778211044678354201,1778211044684765260,0.05741206988632008,-0.10891126878767032,1.493667505912871,0.004386968795300206,-0.44689860379949664,0.013542381933318026,-0.27714198519874955,1.5867475394827188,0.026894026092927348,0.05245288776989376,0.01621271076523989,0.024605172808422893,0.04901960784313708,0.11120012207217478
1778211044698150383,1778211044704792438,0.05741206988632008,-0.10891126878767032,1.493667505912871,0.004768444342717615,-0.44728007934691405,0.013542381933318026,-0.27676050965133214,1.5867475394827188,0.026894026092927348,0.051308461127641536,0.01621271076523989,0.023842221713588074,0.04901960784313708,0.11120012207217478
1778211044718751846,1778211044724678170,0.05741206988632008,-0.10891126878767032,1.493667505912871,0.004386968795300206,-0.44728007934691405,0.013542381933318026,-0.2740901808194103,1.5867475394827188,0.026894026092927348,0.04863813229571967,0.01621271076523989,0.022316319523918438,0.04901960784313708,0.11120012207217478
1778211044739344489,1778211044744679509,0.05741206988632008,-0.10891126878767032,1.493667505912871,0.004768444342717615,-0.4491874570840011,0.013160906385900617,-0.27218280308232323,1.5867475394827188,0.026894026092927348,0.046730754558632626,0.01583123521782248,0.019645990691996573,0.04901960784313708,0.11120012207217478
1778211044760473354,1778211044764709494,0.056649118791485265,-0.10891126878767032,1.4951934081025406,0.004768444342717615,-0.4499504081788359,0.013542381933318026,-0.2702754253452362,1.5867475394827188,0.026894026092927348,0.0455863279163804,0.01583123521782248,0.017738612954909527,0.04901960784313708,0.11120012207217478
1778211044782399232,1778211044784699133,0.05474174105439822,-0.10891126878767032,1.4993896391241321,0.004386968795300206,-0.45223926146334037,0.013160906385900617,-0.26951247425040137,1.5867475394827188,0.026894026092927348,0.04367895017929335,0.01583123521782248,0.0165941863126573,0.04901960784313708,0.11120012207217478
1778211044796520322,1778211044804750069,0.05245288776989376,-0.10891126878767032,1.5012970168612192,0.004768444342717615,-0.4541466392004274,0.013160906385900617,-0.26951247425040137,1.5867475394827188,0.026894026092927348,0.042915999084458534,0.01583123521782248,0.014686808575570254,0.04901960784313708,0.11120012207217478
1778211044816349703,1778211044824678834,0.05092698558022413,-0.10891126878767032,1.5054932478828107,0.004768444342717615,-0.45643549248493187,0.013542381933318026,-0.26951247425040137,1.5867475394827188,0.026894026092927348,0.04100862134737149,0.01621271076523989,0.012779430838483208,0.04940108339055449,0.11120012207217478
1778211044837272151,1778211044844673628,0.04901960784313708,-0.10891126878767032,1.50854505226215,0.004768444342717615,-0.4571984435797667,0.013542381933318026,-0.26951247425040137,1.5867475394827188,0.026894026092927348,0.03910124361028444,0.01583123521782248,0.010872053101396162,0.04940108339055449,0.11120012207217478
1778211044862741788,1778211044864688659,0.046730754558632626,-0.10891126878767032,1.5112153810940718,0.004768444342717615,-0.4575799191271841,0.013160906385900617,-0.26874952315556655,1.5867475394827188,0.026894026092927348,0.037193865873197396,0.01621271076523989,0.008583199816891707,0.04940108339055449,0.11120012207217478
1778211044876528695,1778211044884768052,0.046730754558632626,-0.10891126878767032,1.512359807736324,0.004768444342717615,-0.4575799191271841,0.013160906385900617,-0.26913099870298396,1.5867475394827188,0.027275501640344757,0.03604943923094517,0.01621271076523989,0.00705729762722207,0.04940108339055449,0.11120012207217478
1778211044896748538,1778211044904743602,0.04596780346379781,-0.10891126878767032,1.5146486610208285,0.004386968795300206,-0.4575799191271841,0.013160906385900617,-0.26798657206073173,1.5867475394827188,0.026894026092927348,0.03528648813611035,0.01621271076523989,0.005531395437552433,0.04940108339055449,0.11120012207217478
1778211044917852330,1778211044924701409,0.04520485236896299,-0.10891126878767032,1.516937514305333,0.004768444342717615,-0.45910582131685373,0.013160906385900617,-0.2668421454184795,1.5867475394827188,0.026894026092927348,0.03376058594644071,0.01583123521782248,0.004768444342717615,0.04940108339055449,0.11120012207217478
1778211044938345448,1778211044944697278,0.04406042572671076,-0.10891126878767032,1.5196078431372548,0.004768444342717615,-0.4610131990539408,0.013160906385900617,-0.2664606698710621,1.5867475394827188,0.026894026092927348,0.033379110399023304,0.01621271076523989,0.003242542153047978,0.04940108339055449,0.11120012207217478
1778211044958458444,1778211044964671839,0.04367895017929335,-0.10891126878767032,1.5222781719691767,0.004768444342717615,-0.46406500343328005,0.013160906385900617,-0.2660791943236447,1.5867475394827188,0.026894026092927348,0.032997634851605895,0.01621271076523989,0.0020981155107957505,0.04940108339055449,0.11120012207217478
1778211044979265018,1778211044984803113,0.04406042572671076,-0.10891126878767032,1.5241855497062637,0.004386968795300206,-0.4659723811703671,0.013160906385900617,-0.2660791943236447,1.5867475394827188,0.026894026092927348,0.032997634851605895,0.01621271076523989,0.000953688868543523,0.04940108339055449,0.11120012207217478
1778211044999897877,1778211045004730492,0.04406042572671076,-0.10891126878767032,1.5260929274433508,0.004386968795300206,-0.4697871366445412,0.013160906385900617,-0.2664606698710621,1.5867475394827188,0.026894026092927348,0.032997634851605895,0.01583123521782248,0.0001907377737087046,0.04940108339055449,0.11158159761959219
1778211045019577948,1778211045024723861,0.04406042572671076,-0.10891126878767032,1.5283817807278552,0.004386968795300206,-0.4739833676661327,0.013160906385900617,-0.2664606698710621,1.5867475394827188,0.026894026092927348,0.032997634851605895,0.01621271076523989,-0.000953688868543523,0.04940108339055449,0.11158159761959219
1778211045032601103,1778211045044738339,0.04406042572671076,-0.10891126878767032,1.531052109559777,0.004768444342717615,-0.47665369649805456,0.013542381933318026,-0.2664606698710621,1.5867475394827188,0.02651255054550994,0.032616159304188486,0.01621271076523989,-0.0013351644159609322,0.04940108339055449,0.11158159761959219
1778211045062195345,1778211045064702020,0.04367895017929335,-0.10891126878767032,1.5352483405813686,0.004386968795300206,-0.4823758297093157,0.013160906385900617,-0.2664606698710621,1.5863660639353014,0.024223697261005483,0.032616159304188486,0.01583123521782248,-0.002861066605630569,0.04901960784313708,0.11158159761959219
1778211045072969317,1778211045084984772,0.04367895017929335,-0.10891126878767032,1.5363927672236208,0.004386968795300206,-0.4835202563515679,0.013160906385900617,-0.2664606698710621,1.585984588387884,0.023079270618753256,0.032616159304188486,0.01621271076523989,-0.002861066605630569,0.04901960784313708,0.11158159761959219
1778211045096577140,1778211045104843326,0.04406042572671076,-0.10891126878767032,1.5386816205081253,0.004386968795300206,-0.4835202563515679,0.013160906385900617,-0.2664606698710621,1.585984588387884,0.019645990691996573,0.032616159304188486,0.01583123521782248,-0.003242542153047978,0.04940108339055449,0.11158159761959219
1778211045116531896,1778211045124814887,0.04406042572671076,-0.10891126878767032,1.540207522697795,0.004386968795300206,-0.4835202563515679,0.013542381933318026,-0.2664606698710621,1.585984588387884,0.01697566186007471,0.032616159304188486,0.01621271076523989,-0.0040054932478827965,0.04940108339055449,0.1119630731670096
1778211045137452842,1778211045144719264,0.04406042572671076,-0.10891126878767032,1.5409704737926297,0.004386968795300206,-0.4835202563515679,0.013542381933318026,-0.2664606698710621,1.585984588387884,0.015068284122987663,0.032616159304188486,0.01583123521782248,-0.005149919890135024,0.04940108339055449,0.1119630731670096
1778211045157728055,1778211045164719489,0.04406042572671076,-0.10891126878767032,1.5413519493400472,0.004386968795300206,-0.4835202563515679,0.013160906385900617,-0.2664606698710621,1.5856031128404666,0.01163500419623098,0.032616159304188486,0.01583123521782248,-0.005531395437552433,0.04940108339055449,0.1119630731670096
1778211045178723437,1778211045184706394,0.04406042572671076,-0.10891126878767032,1.5417334248874646,0.004386968795300206,-0.4835202563515679,0.013160906385900617,-0.2664606698710621,1.585984588387884,0.010109102006561344,0.032616159304188486,0.01583123521782248,-0.005531395437552433,0.04940108339055449,0.112344548714427
1778211045198708347,1778211045204715336,0.04367895017929335,-0.10891126878767032,1.5417334248874646,0.004386968795300206,-0.4835202563515679,0.013160906385900617,-0.2664606698710621,1.5856031128404666,0.008583199816891707,0.032234683756771076,0.01583123521782248,-0.005531395437552433,0.04940108339055449,0.11272602426184442
1778211045224313435,1778211045224786492,0.04406042572671076,-0.10891126878767032,1.5417334248874646,0.004386968795300206,-0.48466468299382015,0.013160906385900617,-0.2664606698710621,1.5856031128404666,0.008583199816891707,0.03185320820935367,0.01583123521782248,-0.005531395437552433,0.04901960784313708,0.11272602426184442
1778211045237824882,1778211045244688179,0.04406042572671076,-0.10891126878767032,1.5417334248874646,0.004386968795300206,-0.4869535362783246,0.013542381933318026,-0.2664606698710621,1.5856031128404666,0.008201724269474298,0.03070878156710144,0.01583123521782248,-0.005531395437552433,0.04940108339055449,0.11272602426184442
1778211045258339575,1778211045264681029,0.04406042572671076,-0.10891126878767032,1.5417334248874646,0.004386968795300206,-0.4877164873731594,0.013542381933318026,-0.2660791943236447,1.5848401617456318,0.008201724269474298,0.02994583047226662,0.01583123521782248,-0.005531395437552433,0.04940108339055449,0.11310749980926182
1778211045278869095,1778211045284703909,0.04367895017929335,-0.10891126878767032,1.5417334248874646,0.004386968795300206,-0.48924238956282906,0.013542381933318026,-0.2668421454184795,1.5829327840085448,0.008201724269474298,0.028038452735179575,0.01583123521782248,-0.005531395437552433,0.04940108339055449,0.11310749980926182
1778211045299500308,1778211045304740319,0.04406042572671076,-0.10891126878767032,1.5417334248874646,0.0040054932478827965,-0.4903868162050813,0.013160906385900617,-0.2664606698710621,1.5810254062714577,0.008201724269474298,0.02651255054550994,0.01583123521782248,-0.005531395437552433,0.04863813229571967,0.11387045090409664
1778211045320139356,1778211045324704127,0.04367895017929335,-0.10891126878767032,1.5417334248874646,0.0040054932478827965,-0.4903868162050813,0.013542381933318026,-0.2664606698710621,1.580262455176623,0.008201724269474298,0.024605172808422893,0.01583123521782248,-0.005531395437552433,0.04901960784313708,0.11387045090409664
1778211045340648489,1778211045344692057,0.04367895017929335,-0.10891126878767032,1.5417334248874646,0.0040054932478827965,-0.4907682917524987,0.013542381933318026,-0.2664606698710621,1.579499504081788,0.008201724269474298,0.024223697261005483,0.01583123521782248,-0.005531395437552433,0.04901960784313708,0.11387045090409664
1778211045361332554,1778211045364676296,0.04406042572671076,-0.10891126878767032,1.5417334248874646,0.0040054932478827965,-0.4907682917524987,0.013160906385900617,-0.2664606698710621,1.5791180285343707,0.008201724269474298,0.024223697261005483,0.01583123521782248,-0.005531395437552433,0.04901960784313708,0.11387045090409664
1778211045382363517,1778211045384695262,0.04406042572671076,-0.10891126878767032,1.5417334248874646,0.0040054932478827965,-0.4907682917524987,0.013542381933318026,-0.2664606698710621,1.5791180285343707,0.008201724269474298,0.024223697261005483,0.01583123521782248,-0.005531395437552433,0.04901960784313708,0.11425192645151405
1778211045403495148,1778211045404671240,0.04406042572671076,-0.10891126878767032,1.5417334248874646,0.0040054932478827965,-0.4911497672999161,0.013542381933318026,-0.2664606698710621,1.5791180285343707,0.008201724269474298,0.024223697261005483,0.01583123521782248,-0.005531395437552433,0.04901960784313708,0.11387045090409664
1778211045424106507,1778211045424777234,0.04406042572671076,-0.10891126878767032,1.5417334248874646,0.0040054932478827965,-0.4911497672999161,0.013542381933318026,-0.2664606698710621,1.5783550774395358,0.008201724269474298,0.024223697261005483,0.01621271076523989,-0.005531395437552433,0.04863813229571967,0.11425192645151405
1778211045443897592,1778211045444675495,0.04367895017929335,-0.10891126878767032,1.5417334248874646,0.0040054932478827965,-0.4911497672999161,0.013542381933318026,-0.2664606698710621,1.5779736018921184,0.008201724269474298,0.024223697261005483,0.01583123521782248,-0.005531395437552433,0.04863813229571967,0.11387045090409664
1778211045454721426,1778211045464682411,0.04367895017929335,-0.10891126878767032,1.5417334248874646,0.0040054932478827965,-0.4911497672999161,0.013542381933318026,-0.2664606698710621,1.5779736018921184,0.008201724269474298,0.024223697261005483,0.01583123521782248,-0.005531395437552433,0.04863813229571967,0.11387045090409664
1778211045480552357,1778211045484689497,0.04367895017929335,-0.10891126878767032,1.5417334248874646,0.0040054932478827965,-0.4911497672999161,0.013542381933318026,-0.2664606698710621,1.5779736018921184,0.008201724269474298,0.024223697261005483,0.01583123521782248,-0.005531395437552433,0.04901960784313708,0.11425192645151405
1778211045492872817,1778211045504773561,0.04367895017929335,-0.10891126878767032,1.5417334248874646,0.0040054932478827965,-0.4911497672999161,0.013542381933318026,-0.2664606698710621,1.5779736018921184,0.008201724269474298,0.024223697261005483,0.01583123521782248,-0.005531395437552433,0.04863813229571967,0.11425192645151405
1778211045524139351,1778211045524701734,0.04367895017929335,-0.10891126878767032,1.5417334248874646,0.0040054932478827965,-0.4911497672999161,0.013542381933318026,-0.2664606698710621,1.5779736018921184,0.008201724269474298,0.024223697261005483,0.01583123521782248,-0.005531395437552433,0.04863813229571967,0.11425192645151405
1778211045532645994,1778211045544715693,0.04367895017929335,-0.10891126878767032,1.5417334248874646,0.0040054932478827965,-0.4911497672999161,0.013542381933318026,-0.2664606698710621,1.5779736018921184,0.007820248722056888,0.024223697261005483,0.01583123521782248,-0.005531395437552433,0.04863813229571967,0.11425192645151405
1778211045556105575,1778211045564688838,0.04367895017929335,-0.10891126878767032,1.5417334248874646,0.0040054932478827965,-0.4907682917524987,0.013542381933318026,-0.2664606698710621,1.5779736018921184,0.007820248722056888,0.024223697261005483,0.01583123521782248,-0.005531395437552433,0.04863813229571967,0.11425192645151405
1778211045576981051,1778211045584766367,0.04367895017929335,-0.10891126878767032,1.5417334248874646,0.0040054932478827965,-0.4911497672999161,0.013542381933318026,-0.2664606698710621,1.5779736018921184,0.007820248722056888,0.024223697261005483,0.01621271076523989,-0.005531395437552433,0.04863813229571967,0.11425192645151405
1778211045597436430,1778211045604735594,0.04406042572671076,-0.10891126878767032,1.5417334248874646,0.0036240177004653873,-0.4911497672999161,0.013542381933318026,-0.2664606698710621,1.5779736018921184,0.007820248722056888,0.024223697261005483,0.01583123521782248,-0.005531395437552433,0.04863813229571967,0.11425192645151405
1778211045618162956,1778211045624707378,0.04367895017929335,-0.10891126878767032,1.5417334248874646,0.0040054932478827965,-0.4911497672999161,0.013542381933318026,-0.2664606698710621,1.5779736018921184,0.007438773174639479,0.024223697261005483,0.01583123521782248,-0.005531395437552433,0.04825665674830226,0.11387045090409664
1778211045643497304,1778211045644674773,0.04367895017929335,-0.10891126878767032,1.542114900434882,0.0036240177004653873,-0.4911497672999161,0.013160906385900617,-0.2664606698710621,1.5779736018921184,0.006675822079804661,0.024223697261005483,0.01583123521782248,-0.005531395437552433,0.047493705653467444,0.11425192645151405
1778211045663546346,1778211045664676593,0.04367895017929335,-0.10891126878767032,1.542114900434882,0.0040054932478827965,-0.4911497672999161,0.013542381933318026,-0.2664606698710621,1.5779736018921184,0.004386968795300206,0.024223697261005483,0.01583123521782248,-0.005531395437552433,0.047112230106050035,0.11425192645151405
1778211045682556508,1778211045684695166,0.04367895017929335,-0.10891126878767032,1.5424963759822994,0.0040054932478827965,-0.4911497672999161,0.013160906385900617,-0.2664606698710621,1.5779736018921184,0.0040054932478827965,0.024223697261005483,0.01583123521782248,-0.005531395437552433,0.0455863279163804,0.11425192645151405
1778211045692547864,1778211045704677419,0.04367895017929335,-0.10891126878767032,1.5432593270771342,0.0036240177004653873,-0.4915312428473335,0.013160906385900617,-0.2664606698710621,1.577592126344701,0.0036240177004653873,0.024223697261005483,0.01583123521782248,-0.005531395437552433,0.04520485236896299,0.11425192645151405
1778211045715327190,1778211045724785284,0.04329747463187594,-0.10891126878767032,1.5436408026245516,0.0036240177004653873,-0.49229419394216833,0.013160906385900617,-0.2664606698710621,1.5772106507972836,0.0036240177004653873,0.024223697261005483,0.01583123521782248,-0.005531395437552433,0.04520485236896299,0.11425192645151405
1778211045742220568,1778211045744657601,0.04367895017929335,-0.10891126878767032,1.5436408026245516,0.0036240177004653873,-0.4953459983215076,0.013542381933318026,-0.2660791943236447,1.5764476997024488,0.003242542153047978,0.024223697261005483,0.01621271076523989,-0.005531395437552433,0.04520485236896299,0.11425192645151405
1778211045752404945,1778211045764734052,0.04367895017929335,-0.10891126878767032,1.5436408026245516,0.0036240177004653873,-0.4961089494163424,0.013542381933318026,-0.2660791943236447,1.5764476997024488,0.003242542153047978,0.024223697261005483,0.01583123521782248,-0.005531395437552433,0.04520485236896299,0.11425192645151405
1778211045775920989,1778211045784677425,0.04367895017929335,-0.10891126878767032,1.5436408026245516,0.0036240177004653873,-0.4987792782482643,0.013542381933318026,-0.2660791943236447,1.5764476997024488,0.002861066605630569,0.024223697261005483,0.01621271076523989,-0.005531395437552433,0.04520485236896299,0.11425192645151405
1778211045796686354,1778211045804672596,0.04367895017929335,-0.10891126878767032,1.5436408026245516,0.0036240177004653873,-0.4991607537956817,0.013542381933318026,-0.2660791943236447,1.5764476997024488,0.0020981155107957505,0.024223697261005483,0.01621271076523989,-0.005531395437552433,0.04520485236896299,0.11425192645151405
1778211045817506089,1778211045824725715,0.04367895017929335,-0.10891126878767032,1.5436408026245516,0.0036240177004653873,-0.502212558175021,0.013542381933318026,-0.2664606698710621,1.5760662241550314,0.000953688868543523,0.024223697261005483,0.01583123521782248,-0.005531395437552433,0.04520485236896299,0.11425192645151405
1778211045838224966,1778211045844698924,0.04367895017929335,-0.10891126878767032,1.5436408026245516,0.0036240177004653873,-0.5037384603646906,0.013542381933318026,-0.2664606698710621,1.5760662241550314,0.000953688868543523,0.024223697261005483,0.01583123521782248,-0.005531395437552433,0.04520485236896299,0.11425192645151405
1778211045858179534,1778211045864766680,0.04367895017929335,-0.10891126878767032,1.5436408026245516,0.0036240177004653873,-0.5064087891966125,0.013160906385900617,-0.2664606698710621,1.5760662241550314,0.000953688868543523,0.024223697261005483,0.01583123521782248,-0.005531395437552433,0.0455863279163804,0.11425192645151405
1778211045879010776,1778211045884768674,0.04367895017929335,-0.10891126878767032,1.5436408026245516,0.0036240177004653873,-0.5067902647440299,0.013160906385900617,-0.2664606698710621,1.5760662241550314,0.000953688868543523,0.024223697261005483,0.01583123521782248,-0.005531395437552433,0.0455863279163804,0.11425192645151405
1778211045899928076,1778211045904712365,0.04367895017929335,-0.10891126878767032,1.5436408026245516,0.0036240177004653873,-0.5071717402914473,0.013542381933318026,-0.2664606698710621,1.5760662241550314,0.0005722133211261138,0.024223697261005483,0.01621271076523989,-0.005531395437552433,0.0455863279163804,0.11425192645151405
1778211045919401763,1778211045924739817,0.04367895017929335,-0.10891126878767032,1.544022278171969,0.0036240177004653873,-0.5083161669336995,0.013160906385900617,-0.2664606698710621,1.5760662241550314,0.0001907377737087046,0.024223697261005483,0.01621271076523989,-0.005531395437552433,0.04520485236896299,0.11425192645151405
1778211045942924799,1778211045944697338,0.04367895017929335,-0.10891126878767032,1.544022278171969,0.0036240177004653873,-0.5086976424811169,0.013542381933318026,-0.2664606698710621,1.5760662241550314,0.0001907377737087046,0.024223697261005483,0.01583123521782248,-0.005531395437552433,0.04520485236896299,0.11425192645151405
1778211045955987679,1778211045964740880,0.04367895017929335,-0.10891126878767032,1.5447852292668038,0.0036240177004653873,-0.5086976424811169,0.013542381933318026,-0.2664606698710621,1.5760662241550314,0.0001907377737087046,0.024223697261005483,0.01621271076523989,-0.005531395437552433,0.04520485236896299,0.11425192645151405
1778211045976616641,1778211045984769206,0.04329747463187594,-0.10852979324025291,1.545929655909056,0.0036240177004653873,-0.5086976424811169,0.013160906385900617,-0.2664606698710621,1.5760662241550314,0.0001907377737087046,0.024223697261005483,0.01621271076523989,-0.005531395437552433,0.04520485236896299,0.11425192645151405
1778211046002992013,1778211046004677157,0.04329747463187594,-0.10852979324025291,1.5474555580987257,0.0036240177004653873,-0.5090791180285343,0.013542381933318026,-0.2664606698710621,1.5760662241550314,0.0001907377737087046,0.024223697261005483,0.01621271076523989,-0.005531395437552433,0.04520485236896299,0.11425192645151405
1778211046016610426,1778211046024739759,0.042915999084458534,-0.10852979324025291,1.548599984740978,0.0036240177004653873,-0.5090791180285343,0.013542381933318026,-0.2664606698710621,1.5760662241550314,0.0001907377737087046,0.024223697261005483,0.01583123521782248,-0.005531395437552433,0.04520485236896299,0.11387045090409664
1778211046037403924,1778211046044691364,0.04062714579995408,-0.1077668421454181,1.5516517891203172,0.0036240177004653873,-0.5090791180285343,0.013542381933318026,-0.2664606698710621,1.5760662241550314,0.0001907377737087046,0.024223697261005483,0.01583123521782248,-0.005531395437552433,0.04520485236896299,0.11387045090409664
1778211046058276644,1778211046064695521,0.03910124361028444,-0.1077668421454181,1.5547035934996565,0.0036240177004653873,-0.5090791180285343,0.013160906385900617,-0.2664606698710621,1.5760662241550314,0.0001907377737087046,0.024223697261005483,0.01621271076523989,-0.005531395437552433,0.04520485236896299,0.11425192645151405
1778211046079123506,1778211046084729507,0.037956816968032214,-0.1077668421454181,1.556992446784161,0.0036240177004653873,-0.5090791180285343,0.013542381933318026,-0.2664606698710621,1.5760662241550314,0.0001907377737087046,0.024223697261005483,0.01583123521782248,-0.005531395437552433,0.0455863279163804,0.11387045090409664
1778211046100210893,1778211046104760386,0.037956816968032214,-0.1077668421454181,1.5581368734264132,0.0036240177004653873,-0.5090791180285343,0.013542381933318026,-0.2664606698710621,1.5760662241550314,0.0001907377737087046,0.024223697261005483,0.01621271076523989,-0.005531395437552433,0.04520485236896299,0.11387045090409664
1778211046120880981,1778211046124716399,0.037956816968032214,-0.1077668421454181,1.558899824521248,0.003242542153047978,-0.5090791180285343,0.013542381933318026,-0.2664606698710621,1.5760662241550314,0.0001907377737087046,0.024223697261005483,0.01621271076523989,-0.005531395437552433,0.04520485236896299,0.11425192645151405
1778211046141374364,1778211046144763259,0.037956816968032214,-0.1077668421454181,1.558899824521248,0.003242542153047978,-0.5090791180285343,0.013542381933318026,-0.2664606698710621,1.5760662241550314,0.0001907377737087046,0.024223697261005483,0.01621271076523989,-0.005531395437552433,0.04520485236896299,0.11387045090409664
1778211046162968150,1778211046164696215,0.037956816968032214,-0.1077668421454181,1.558899824521248,0.0036240177004653873,-0.5094605935759517,0.013542381933318026,-0.2664606698710621,1.5760662241550314,0.0001907377737087046,0.024223697261005483,0.01621271076523989,-0.005531395437552433,0.04520485236896299,0.11425192645151405
1778211046182968764,1778211046184708524,0.037956816968032214,-0.1077668421454181,1.5592813000686654,0.003242542153047978,-0.5090791180285343,0.013160906385900617,-0.2664606698710621,1.5760662241550314,0.0001907377737087046,0.024223697261005483,0.01583123521782248,-0.005531395437552433,0.04520485236896299,0.11425192645151405
1778211046202962421,1778211046204675289,0.037575341420614805,-0.1077668421454181,1.5600442511635002,0.003242542153047978,-0.5094605935759517,0.013542381933318026,-0.2664606698710621,1.5760662241550314,0.0001907377737087046,0.024223697261005483,0.01583123521782248,-0.005531395437552433,0.04520485236896299,0.11425192645151405
1778211046223441373,1778211046224670649,0.03604943923094517,-0.10624093995574846,1.560807202258335,0.003242542153047978,-0.5094605935759517,0.013160906385900617,-0.2664606698710621,1.5760662241550314,0.0001907377737087046,0.024223697261005483,0.01583123521782248,-0.005531395437552433,0.0455863279163804,0.11425192645151405
1778211046244214628,1778211046244709560,0.03528648813611035,-0.10433356221866141,1.562714579995422,0.003242542153047978,-0.5094605935759517,0.013542381933318026,-0.2668421454184795,1.5760662241550314,-0.0001907377737087046,0.024223697261005483,0.01583123521782248,-0.005531395437552433,0.04520485236896299,0.11425192645151405
1778211046254655808,1778211046264669282,0.03490501258869294,-0.1035706111238266,1.563477531090257,0.003242542153047978,-0.5090791180285343,0.013542381933318026,-0.2668421454184795,1.5760662241550314,-0.0001907377737087046,0.024223697261005483,0.01583123521782248,-0.005531395437552433,0.04520485236896299,0.11425192645151405
1778211046275359341,1778211046284820806,0.03452353704127553,-0.10242618448157437,1.565384908827344,0.003242542153047978,-0.5094605935759517,0.013542381933318026,-0.2668421454184795,1.5760662241550314,-0.0001907377737087046,0.024223697261005483,0.01583123521782248,-0.005531395437552433,0.04520485236896299,0.11425192645151405
1778211046295668388,1778211046304731836,0.033379110399023304,-0.10090028229190473,1.5665293354695962,0.003242542153047978,-0.5094605935759517,0.013542381933318026,-0.2668421454184795,1.5760662241550314,-0.0001907377737087046,0.024223697261005483,0.01621271076523989,-0.005531395437552433,0.04520485236896299,0.11387045090409664
1778211046316172940,1778211046324692068,0.032997634851605895,-0.09861142900740028,1.5680552376592658,0.003242542153047978,-0.5094605935759517,0.013160906385900617,-0.2672236209658969,1.5760662241550314,-0.0001907377737087046,0.024223697261005483,0.01621271076523989,-0.005531395437552433,0.04520485236896299,0.11387045090409664
1778211046337129413,1778211046344714273,0.032997634851605895,-0.09670405127031323,1.5680552376592658,0.003242542153047978,-0.5094605935759517,0.013542381933318026,-0.2672236209658969,1.5760662241550314,-0.0001907377737087046,0.024223697261005483,0.01621271076523989,-0.005531395437552433,0.04520485236896299,0.11425192645151405
1778211046357729906,1778211046364727569,0.032997634851605895,-0.09632257572289582,1.5680552376592658,0.002861066605630569,-0.5094605935759517,0.013542381933318026,-0.2672236209658969,1.5760662241550314,-0.0001907377737087046,0.024223697261005483,0.01621271076523989,-0.005531395437552433,0.04520485236896299,0.11387045090409664
1778211046378880683,1778211046384745276,0.032997634851605895,-0.095559624628061,1.5680552376592658,0.003242542153047978,-0.5094605935759517,0.013542381933318026,-0.2672236209658969,1.5760662241550314,-0.0001907377737087046,0.024223697261005483,0.01621271076523989,-0.005531395437552433,0.04520485236896299,0.11387045090409664
1778211046399429457,1778211046404731919,0.032997634851605895,-0.09479667353322618,1.5684367132066832,0.003242542153047978,-0.5094605935759517,0.013542381933318026,-0.2672236209658969,1.5760662241550314,-0.0005722133211261138,0.024223697261005483,0.01583123521782248,-0.005531395437552433,0.04520485236896299,0.11387045090409664
1778211046419355999,1778211046424680430,0.032997634851605895,-0.09479667353322618,1.5680552376592658,0.002861066605630569,-0.5094605935759517,0.013542381933318026,-0.2672236209658969,1.5760662241550314,-0.0013351644159609322,0.024223697261005483,0.01583123521782248,-0.005531395437552433,0.04520485236896299,0.11425192645151405
1778211046440612796,1778211046444719008,0.032997634851605895,-0.09479667353322618,1.5684367132066832,0.003242542153047978,-0.5094605935759517,0.013542381933318026,-0.2672236209658969,1.5760662241550314,-0.002861066605630569,0.024223697261005483,0.01583123521782248,-0.005531395437552433,0.04520485236896299,0.11425192645151405
1778211046460432664,1778211046464694886,0.032616159304188486,-0.09479667353322618,1.5684367132066832,0.003242542153047978,-0.5094605935759517,0.013542381933318026,-0.2672236209658969,1.5760662241550314,-0.003242542153047978,0.024223697261005483,0.01621271076523989,-0.005531395437552433,0.04520485236896299,0.11387045090409664
1778211046476452267,1778211046484748369,0.032997634851605895,-0.09479667353322618,1.5684367132066832,0.003242542153047978,-0.5094605935759517,0.013160906385900617,-0.2672236209658969,1.5760662241550314,-0.003242542153047978,0.024223697261005483,0.01583123521782248,-0.005531395437552433,0.04520485236896299,0.11387045090409664
1778211046499674538,1778211046504723033,0.032997634851605895,-0.09479667353322618,1.5680552376592658,0.002861066605630569,-0.5094605935759517,0.013160906385900617,-0.2672236209658969,1.5760662241550314,-0.003242542153047978,0.024223697261005483,0.01621271076523989,-0.005531395437552433,0.04520485236896299,0.11387045090409664
1778211046519346476,1778211046524724677,0.032616159304188486,-0.09479667353322618,1.5684367132066832,0.002861066605630569,-0.5094605935759517,0.013542381933318026,-0.2672236209658969,1.5760662241550314,-0.003242542153047978,0.024223697261005483,0.01583123521782248,-0.005531395437552433,0.04520485236896299,0.11425192645151405
1778211046539962427,1778211046544680900,0.032616159304188486,-0.09479667353322618,1.5684367132066832,0.002861066605630569,-0.5094605935759517,0.013542381933318026,-0.2672236209658969,1.5760662241550314,-0.003242542153047978,0.024223697261005483,0.01583123521782248,-0.005531395437552433,0.04520485236896299,0.11425192645151405
1778211046561039689,1778211046564681334,0.032616159304188486,-0.09479667353322618,1.5680552376592658,0.002861066605630569,-0.5094605935759517,0.013542381933318026,-0.2672236209658969,1.5760662241550314,-0.003242542153047978,0.024223697261005483,0.01583123521782248,-0.005531395437552433,0.04520485236896299,0.11425192645151405
1778211046581007046,1778211046584748222,0.032616159304188486,-0.09479667353322618,1.5684367132066832,0.002861066605630569,-0.5094605935759517,0.013542381933318026,-0.2672236209658969,1.5760662241550314,-0.003242542153047978,0.024223697261005483,0.01621271076523989,-0.005531395437552433,0.04520485236896299,0.11425192645151405
1778211046597182630,1778211046604752159,0.032997634851605895,-0.09479667353322618,1.5680552376592658,0.002861066605630569,-0.5094605935759517,0.013160906385900617,-0.2672236209658969,1.5760662241550314,-0.003242542153047978,0.024223697261005483,0.01621271076523989,-0.005531395437552433,0.04520485236896299,0.11425192645151405
1778211046618365746,1778211046624687142,0.032616159304188486,-0.09479667353322618,1.5680552376592658,0.002861066605630569,-0.5094605935759517,0.013542381933318026,-0.2672236209658969,1.5760662241550314,-0.003242542153047978,0.024223697261005483,0.01583123521782248,-0.005531395437552433,0.04520485236896299,0.11425192645151405
1778211046640015583,1778211046644699406,0.032616159304188486,-0.09479667353322618,1.5680552376592658,0.002861066605630569,-0.5094605935759517,0.013542381933318026,-0.2672236209658969,1.5760662241550314,-0.003242542153047978,0.024223697261005483,0.01621271076523989,-0.005531395437552433,0.04520485236896299,0.11425192645151405
1778211046663000207,1778211046664684164,0.032616159304188486,-0.09479667353322618,1.5680552376592658,0.002861066605630569,-0.5094605935759517,0.013160906385900617,-0.2668421454184795,1.5760662241550314,-0.003242542153047978,0.024223697261005483,0.01621271076523989,-0.005531395437552433,0.04520485236896299,0.11425192645151405
1778211046684138350,1778211046684673907,0.032616159304188486,-0.09479667353322618,1.5680552376592658,0.002861066605630569,-0.5094605935759517,0.013542381933318026,-0.2668421454184795,1.5760662241550314,-0.003242542153047978,0.024223697261005483,0.01583123521782248,-0.005531395437552433,0.04520485236896299,0.11425192645151405
1778211046702785167,1778211046704673889,0.032616159304188486,-0.09479667353322618,1.5684367132066832,0.002861066605630569,-0.5094605935759517,0.013160906385900617,-0.2668421454184795,1.5760662241550314,-0.003242542153047978,0.024223697261005483,0.01583123521782248,-0.005531395437552433,0.04520485236896299,0.11425192645151405
1778211046721779856,1778211046724731102,0.032616159304188486,-0.09479667353322618,1.5680552376592658,0.0024795910582131597,-0.5094605935759517,0.013160906385900617,-0.2668421454184795,1.5760662241550314,-0.003242542153047978,0.024223697261005483,0.01583123521782248,-0.005531395437552433,0.04520485236896299,0.11425192645151405
1778211046739708688,1778211046744742763,0.032616159304188486,-0.09479667353322618,1.5680552376592658,0.0024795910582131597,-0.5094605935759517,0.013542381933318026,-0.2668421454184795,1.5760662241550314,-0.003242542153047978,0.024223697261005483,0.01583123521782248,-0.005531395437552433,0.04482337682154558,0.11425192645151405
1778211046752754666,1778211046764711846,0.032616159304188486,-0.09479667353322618,1.5680552376592658,0.0024795910582131597,-0.5094605935759517,0.013542381933318026,-0.2668421454184795,1.5760662241550314,-0.003242542153047978,0.024223697261005483,0.01583123521782248,-0.005531395437552433,0.04482337682154558,0.11425192645151405
1778211046783608065,1778211046784692081,0.032616159304188486,-0.09479667353322618,1.5684367132066832,0.0024795910582131597,-0.5094605935759517,0.013542381933318026,-0.2668421454184795,1.5760662241550314,-0.003242542153047978,0.024223697261005483,0.01621271076523989,-0.005531395437552433,0.04444190127412817,0.11425192645151405
1778211046792559583,1778211046804748915,0.032616159304188486,-0.09479667353322618,1.5680552376592658,0.0024795910582131597,-0.5094605935759517,0.013542381933318026,-0.2668421454184795,1.5760662241550314,-0.003242542153047978,0.024223697261005483,0.01583123521782248,-0.005531395437552433,0.04444190127412817,0.11425192645151405
1778211046816002976,1778211046824720071,0.032616159304188486,-0.09479667353322618,1.5680552376592658,0.0024795910582131597,-0.5094605935759517,0.013160906385900617,-0.2668421454184795,1.5760662241550314,-0.0036240177004653873,0.024223697261005483,0.01583123521782248,-0.005531395437552433,0.04406042572671076,0.11425192645151405
1778211046835715833,1778211046844714130,0.032616159304188486,-0.09479667353322618,1.5680552376592658,0.0024795910582131597,-0.5094605935759517,0.013542381933318026,-0.2668421454184795,1.5760662241550314,-0.0036240177004653873,0.024223697261005483,0.01621271076523989,-0.005531395437552433,0.04367895017929335,0.11425192645151405
1778211046856296903,1778211046864680198,0.032616159304188486,-0.09479667353322618,1.5684367132066832,0.0024795910582131597,-0.5094605935759517,0.013542381933318026,-0.2668421454184795,1.5760662241550314,-0.0036240177004653873,0.024223697261005483,0.01583123521782248,-0.005531395437552433,0.042534523537041125,0.11425192645151405
1778211046877465166,1778211046884749400,0.032616159304188486,-0.09479667353322618,1.5680552376592658,0.0024795910582131597,-0.5098420691233692,0.013542381933318026,-0.2672236209658969,1.5760662241550314,-0.0036240177004653873,0.024223697261005483,0.01583123521782248,-0.005531395437552433,0.041771572442206306,0.11425192645151405
1778211046897718903,1778211046904734579,0.032616159304188486,-0.09479667353322618,1.5680552376592658,0.0024795910582131597,-0.5102235446707866,0.013542381933318026,-0.26798657206073173,1.5760662241550314,-0.0036240177004653873,0.024223697261005483,0.01583123521782248,-0.005531395437552433,0.041771572442206306,0.11425192645151405
1778211046918333963,1778211046924688426,0.032616159304188486,-0.09479667353322618,1.5684367132066832,0.0024795910582131597,-0.512512397955291,0.013542381933318026,-0.26913099870298396,1.5760662241550314,-0.0036240177004653873,0.024223697261005483,0.01621271076523989,-0.005531395437552433,0.041771572442206306,0.11425192645151405
1778211046942341412,1778211046944672318,0.032616159304188486,-0.09441519798580877,1.5684367132066832,0.0024795910582131597,-0.5132753490501258,0.013542381933318026,-0.26951247425040137,1.5760662241550314,-0.0036240177004653873,0.024223697261005483,0.01621271076523989,-0.005531395437552433,0.041771572442206306,0.11463340199893146
1778211046954404067,1778211046964718907,0.032616159304188486,-0.09441519798580877,1.5684367132066832,0.0024795910582131597,-0.5132753490501258,0.013542381933318026,-0.26951247425040137,1.5760662241550314,-0.0040054932478827965,0.024223697261005483,0.01621271076523989,-0.005531395437552433,0.041771572442206306,0.11463340199893146
1778211046982638922,1778211046984701432,0.032616159304188486,-0.09441519798580877,1.5684367132066832,0.0020981155107957505,-0.5132753490501258,0.013542381933318026,-0.26951247425040137,1.5760662241550314,-0.0040054932478827965,0.024223697261005483,0.01583123521782248,-0.005531395437552433,0.0413900968947889,0.11463340199893146
1778211047002272434,1778211047004683567,0.032616159304188486,-0.09441519798580877,1.5684367132066832,0.0020981155107957505,-0.5132753490501258,0.013542381933318026,-0.26951247425040137,1.5760662241550314,-0.0040054932478827965,0.024223697261005483,0.01621271076523989,-0.005531395437552433,0.0413900968947889,0.11463340199893146
1778211047012587100,1778211047024675960,0.032616159304188486,-0.09441519798580877,1.5684367132066832,0.0017166399633783413,-0.5132753490501258,0.013542381933318026,-0.26951247425040137,1.5760662241550314,-0.0040054932478827965,0.024223697261005483,0.01583123521782248,-0.005531395437552433,0.0413900968947889,0.11463340199893146
1778211047035608030,1778211047044708596,0.032616159304188486,-0.09441519798580877,1.5684367132066832,0.0013351644159609322,-0.5132753490501258,0.013542381933318026,-0.26951247425040137,1.5760662241550314,-0.004386968795300206,0.024223697261005483,0.01583123521782248,-0.005531395437552433,0.0413900968947889,0.11463340199893146
1778211047056018263,1778211047064850585,0.032616159304188486,-0.09441519798580877,1.5684367132066832,0.0005722133211261138,-0.5132753490501258,0.013542381933318026,-0.26951247425040137,1.5760662241550314,-0.004768444342717615,0.024223697261005483,0.01583123521782248,-0.005531395437552433,0.0413900968947889,0.11463340199893146
1778211047076714438,1778211047084756224,0.032616159304188486,-0.09441519798580877,1.5684367132066832,0.0005722133211261138,-0.5132753490501258,0.013542381933318026,-0.26913099870298396,1.5760662241550314,-0.005149919890135024,0.024223697261005483,0.01621271076523989,-0.005531395437552433,0.04100862134737149,0.11463340199893146
1778211047097143762,1778211047104788275,0.032616159304188486,-0.09441519798580877,1.5684367132066832,0.0005722133211261138,-0.5132753490501258,0.013542381933318026,-0.26913099870298396,1.5760662241550314,-0.00705729762722207,0.024223697261005483,0.01583123521782248,-0.005531395437552433,0.04100862134737149,0.11463340199893146
1778211047117686443,1778211047124705993,0.032616159304188486,-0.09441519798580877,1.5684367132066832,0.0005722133211261138,-0.5132753490501258,0.013542381933318026,-0.26913099870298396,1.5760662241550314,-0.00705729762722207,0.024223697261005483,0.01583123521782248,-0.005531395437552433,0.04100862134737149,0.11463340199893146
1778211047138009095,1778211047144718375,0.032616159304188486,-0.09441519798580877,1.5684367132066832,0.0005722133211261138,-0.5132753490501258,0.013542381933318026,-0.26951247425040137,1.5760662241550314,-0.00705729762722207,0.024223697261005483,0.01583123521782248,-0.005531395437552433,0.04100862134737149,0.11463340199893146
1778211047158776035,1778211047164690594,0.032616159304188486,-0.09441519798580877,1.5684367132066832,0.0005722133211261138,-0.5132753490501258,0.013542381933318026,-0.26951247425040137,1.5760662241550314,-0.00705729762722207,0.024223697261005483,0.01583123521782248,-0.005531395437552433,0.04100862134737149,0.11463340199893146
1778211047179835198,1778211047184726013,0.032616159304188486,-0.09441519798580877,1.5684367132066832,0.0005722133211261138,-0.5132753490501258,0.013542381933318026,-0.26951247425040137,1.5760662241550314,-0.00705729762722207,0.024223697261005483,0.01621271076523989,-0.005531395437552433,0.04100862134737149,0.11463340199893146
1778211047202638954,1778211047204710926,0.032234683756771076,-0.09441519798580877,1.5684367132066832,0.0005722133211261138,-0.5132753490501258,0.013542381933318026,-0.26913099870298396,1.5760662241550314,-0.00705729762722207,0.024223697261005483,0.01583123521782248,-0.005531395437552433,0.04100862134737149,0.11463340199893146
1778211047216269510,1778211047224704721,0.032616159304188486,-0.09441519798580877,1.5684367132066832,0.0005722133211261138,-0.5132753490501258,0.013542381933318026,-0.26951247425040137,1.5760662241550314,-0.00705729762722207,0.024223697261005483,0.01621271076523989,-0.005531395437552433,0.04100862134737149,0.11463340199893146
1778211047236488425,1778211047244733408,0.032616159304188486,-0.09441519798580877,1.5684367132066832,0.0005722133211261138,-0.5132753490501258,0.013542381933318026,-0.26913099870298396,1.5760662241550314,-0.00705729762722207,0.024223697261005483,0.01621271076523989,-0.005531395437552433,0.04100862134737149,0.11463340199893146
1778211047262549876,1778211047264682295,0.032234683756771076,-0.09441519798580877,1.5684367132066832,0.0005722133211261138,-0.5132753490501258,0.013542381933318026,-0.26951247425040137,1.5760662241550314,-0.00705729762722207,0.024223697261005483,0.01621271076523989,-0.005531395437552433,0.04100862134737149,0.11463340199893146
1778211047272755572,1778211047284681656,0.032234683756771076,-0.09441519798580877,1.5684367132066832,0.0005722133211261138,-0.5132753490501258,0.013542381933318026,-0.26951247425040137,1.5760662241550314,-0.00705729762722207,0.024223697261005483,0.01583123521782248,-0.005531395437552433,0.04062714579995408,0.11501487754634887
1778211047296759949,1778211047304753408,0.032616159304188486,-0.09441519798580877,1.5684367132066832,0.0005722133211261138,-0.5132753490501258,0.013542381933318026,-0.26951247425040137,1.5760662241550314,-0.007438773174639479,0.024223697261005483,0.01583123521782248,-0.005531395437552433,0.03986419470511926,0.11501487754634887
1778211047317197668,1778211047324743579,0.032234683756771076,-0.09441519798580877,1.5684367132066832,0.0005722133211261138,-0.5132753490501258,0.013160906385900617,-0.26951247425040137,1.5760662241550314,-0.007438773174639479,0.024223697261005483,0.01583123521782248,-0.005531395437552433,0.03871976806286703,0.11501487754634887
1778211047337951908,1778211047344765211,0.032616159304188486,-0.09441519798580877,1.5684367132066832,0.0005722133211261138,-0.5132753490501258,0.013542381933318026,-0.2698939497978188,1.5760662241550314,-0.007820248722056888,0.024223697261005483,0.01621271076523989,-0.005531395437552433,0.037956816968032214,0.11501487754634887
1778211047358672870,1778211047364697481,0.032616159304188486,-0.09441519798580877,1.5684367132066832,0.0005722133211261138,-0.5132753490501258,0.013542381933318026,-0.2698939497978188,1.5760662241550314,-0.007820248722056888,0.024223697261005483,0.01583123521782248,-0.005531395437552433,0.03833829251544962,0.11539635309376628
1778211047379095958,1778211047384674303,0.032234683756771076,-0.09441519798580877,1.5684367132066832,0.0005722133211261138,-0.5132753490501258,0.013542381933318026,-0.2702754253452362,1.5760662241550314,-0.007820248722056888,0.024223697261005483,0.01583123521782248,-0.005531395437552433,0.037956816968032214,0.11539635309376628
1778211047399602465,1778211047404848144,0.032616159304188486,-0.09441519798580877,1.5684367132066832,0.0001907377737087046,-0.5132753490501258,0.013542381933318026,-0.2702754253452362,1.5760662241550314,-0.007820248722056888,0.024223697261005483,0.01583123521782248,-0.005531395437552433,0.037575341420614805,0.11501487754634887
1778211047420744061,1778211047424679708,0.032616159304188486,-0.09441519798580877,1.5684367132066832,0.0005722133211261138,-0.5132753490501258,0.013542381933318026,-0.2706569008926536,1.5760662241550314,-0.007820248722056888,0.024223697261005483,0.01583123521782248,-0.005531395437552433,0.037575341420614805,0.11539635309376628
1778211047440673027,1778211047444677652,0.032234683756771076,-0.09403372243839137,1.5684367132066832,0.0001907377737087046,-0.5132753490501258,0.013542381933318026,-0.2702754253452362,1.5760662241550314,-0.007820248722056888,0.024223697261005483,0.01583123521782248,-0.005531395437552433,0.037575341420614805,0.11539635309376628
1778211047461819732,1778211047464727155,0.032234683756771076,-0.09250782024872173,1.5684367132066832,0.0001907377737087046,-0.5132753490501258,0.013542381933318026,-0.2702754253452362,1.5760662241550314,-0.007820248722056888,0.024223697261005483,0.01583123521782248,-0.005531395437552433,0.037575341420614805,0.11539635309376628
1778211047482325024,1778211047484690444,0.032616159304188486,-0.09174486915388691,1.5684367132066832,0.0001907377737087046,-0.5132753490501258,0.013542381933318026,-0.2706569008926536,1.5760662241550314,-0.007820248722056888,0.024223697261005483,0.01583123521782248,-0.005531395437552433,0.037956816968032214,0.11577782864118369
1778211047502986326,1778211047504675404,0.032616159304188486,-0.0913633936064695,1.5684367132066832,0.0001907377737087046,-0.5132753490501258,0.013542381933318026,-0.2698939497978188,1.5760662241550314,-0.007438773174639479,0.024223697261005483,0.01583123521782248,-0.005531395437552433,0.037575341420614805,0.11577782864118369
1778211047522898259,1778211047524711406,0.032616159304188486,-0.09060044251163468,1.5684367132066832,0.0001907377737087046,-0.5132753490501258,0.013542381933318026,-0.2698939497978188,1.5760662241550314,-0.007820248722056888,0.024223697261005483,0.01583123521782248,-0.005531395437552433,0.037575341420614805,0.11577782864118369
1778211047544087526,1778211047544670495,0.032616159304188486,-0.08983749141679986,1.5684367132066832,0.0001907377737087046,-0.5132753490501258,0.013542381933318026,-0.2698939497978188,1.5760662241550314,-0.007820248722056888,0.024223697261005483,0.01621271076523989,-0.005531395437552433,0.037575341420614805,0.11577782864118369
1778211047554347064,1778211047564703579,0.032616159304188486,-0.08983749141679986,1.5684367132066832,0.0001907377737087046,-0.5132753490501258,0.013542381933318026,-0.2698939497978188,1.5760662241550314,-0.008201724269474298,0.024223697261005483,0.01621271076523989,-0.005531395437552433,0.037575341420614805,0.11577782864118369
1778211047574911850,1778211047584690373,0.032234683756771076,-0.08983749141679986,1.5684367132066832,0.0001907377737087046,-0.5132753490501258,0.013542381933318026,-0.2698939497978188,1.5760662241550314,-0.010109102006561344,0.024223697261005483,0.01583123521782248,-0.005531395437552433,0.037575341420614805,0.11577782864118369
1778211047594583845,1778211047604785039,0.032616159304188486,-0.08983749141679986,1.5684367132066832,0.0001907377737087046,-0.5132753490501258,0.013542381933318026,-0.2698939497978188,1.5760662241550314,-0.01163500419623098,0.024223697261005483,0.01621271076523989,-0.005531395437552433,0.037575341420614805,0.11577782864118369
1778211047622483449,1778211047624672950,0.032234683756771076,-0.08983749141679986,1.5703440909437703,0.0001907377737087046,-0.5132753490501258,0.013542381933318026,-0.2698939497978188,1.5760662241550314,-0.012397955291065799,0.024223697261005483,0.01583123521782248,-0.005531395437552433,0.03681239032577999,0.11577782864118369
1778211047636131775,1778211047644691948,0.032234683756771076,-0.08983749141679986,1.5707255664911877,0.0001907377737087046,-0.5132753490501258,0.013542381933318026,-0.2698939497978188,1.5760662241550314,-0.014305333028152845,0.024223697261005483,0.01583123521782248,-0.005531395437552433,0.037193865873197396,0.11577782864118369
1778211047656288981,1778211047664695233,0.032234683756771076,-0.08983749141679986,1.57186999313344,0.0001907377737087046,-0.5132753490501258,0.013542381933318026,-0.2698939497978188,1.5760662241550314,-0.015068284122987663,0.024223697261005483,0.01583123521782248,-0.005531395437552433,0.03681239032577999,0.11577782864118369
1778211047676353076,1778211047684795534,0.032234683756771076,-0.08983749141679986,1.57186999313344,0.0001907377737087046,-0.5132753490501258,0.013542381933318026,-0.2698939497978188,1.5760662241550314,-0.015068284122987663,0.024223697261005483,0.01583123521782248,-0.005531395437552433,0.037193865873197396,0.11577782864118369
1778211047702837191,1778211047704676826,0.032234683756771076,-0.08983749141679986,1.57186999313344,0.0001907377737087046,-0.5132753490501258,0.013542381933318026,-0.2698939497978188,1.5760662241550314,-0.01583123521782248,0.024223697261005483,0.01583123521782248,-0.005531395437552433,0.03681239032577999,0.11577782864118369
1778211047716428402,1778211047724701029,0.032234683756771076,-0.08983749141679986,1.57186999313344,0.0001907377737087046,-0.5132753490501258,0.013542381933318026,-0.2698939497978188,1.5760662241550314,-0.01583123521782248,0.024223697261005483,0.01583123521782248,-0.005531395437552433,0.037193865873197396,0.11577782864118369
1778211047737355159,1778211047744679882,0.032234683756771076,-0.08983749141679986,1.57186999313344,0.0001907377737087046,-0.5132753490501258,0.013542381933318026,-0.26951247425040137,1.5760662241550314,-0.01621271076523989,0.024223697261005483,0.01583123521782248,-0.005531395437552433,0.03681239032577999,0.11577782864118369
1778211047758080077,1778211047764730420,0.032234683756771076,-0.08983749141679986,1.57186999313344,0.0001907377737087046,-0.5132753490501258,0.013542381933318026,-0.2698939497978188,1.5760662241550314,-0.017357137407492118,0.024223697261005483,0.01583123521782248,-0.005531395437552433,0.03681239032577999,0.11577782864118369
1778211047778826666,1778211047784982314,0.032234683756771076,-0.08983749141679986,1.57186999313344,0.0001907377737087046,-0.5128938735027084,0.013542381933318026,-0.26951247425040137,1.5760662241550314,-0.018120088502326936,0.024223697261005483,0.01621271076523989,-0.005531395437552433,0.03681239032577999,0.11577782864118369
1778211047799753799,1778211047804707711,0.032234683756771076,-0.08983749141679986,1.57186999313344,0.0001907377737087046,-0.5132753490501258,0.013542381933318026,-0.26951247425040137,1.5760662241550314,-0.018120088502326936,0.024223697261005483,0.01583123521782248,-0.005531395437552433,0.03643091477836258,0.1161593041886011
1778211047819637559,1778211047824682478,0.032234683756771076,-0.08983749141679986,1.57186999313344,0.0001907377737087046,-0.5132753490501258,0.013542381933318026,-0.26951247425040137,1.5760662241550314,-0.018120088502326936,0.024223697261005483,0.01583123521782248,-0.005531395437552433,0.03643091477836258,0.1161593041886011
1778211047840113826,1778211047844702864,0.032234683756771076,-0.08983749141679986,1.57186999313344,0.0001907377737087046,-0.5132753490501258,0.013542381933318026,-0.26951247425040137,1.5760662241550314,-0.018120088502326936,0.024223697261005483,0.01583123521782248,-0.005531395437552433,0.03643091477836258,0.11577782864118369
1778211047861286262,1778211047864679533,0.032234683756771076,-0.08983749141679986,1.57186999313344,0.0001907377737087046,-0.5128938735027084,0.013542381933318026,-0.26951247425040137,1.5760662241550314,-0.018120088502326936,0.024223697261005483,0.01583123521782248,-0.005531395437552433,0.03643091477836258,0.1161593041886011
1778211047880909700,1778211047884708902,0.032234683756771076,-0.08983749141679986,1.57186999313344,0.0001907377737087046,-0.5128938735027084,0.013542381933318026,-0.26951247425040137,1.5760662241550314,-0.018120088502326936,0.024223697261005483,0.01583123521782248,-0.005531395437552433,0.03643091477836258,0.1161593041886011
1778211047901906675,1778211047904682465,0.032234683756771076,-0.08983749141679986,1.57186999313344,0.0001907377737087046,-0.5128938735027084,0.013542381933318026,-0.26951247425040137,1.5760662241550314,-0.018120088502326936,0.024223697261005483,0.01583123521782248,-0.005531395437552433,0.03681239032577999,0.1161593041886011
1778211047921592007,1778211047924708393,0.032234683756771076,-0.08983749141679986,1.57186999313344,0.0001907377737087046,-0.5128938735027084,0.013542381933318026,-0.26951247425040137,1.5760662241550314,-0.018120088502326936,0.024223697261005483,0.01583123521782248,-0.005531395437552433,0.03643091477836258,0.1161593041886011
1778211047932628061,1778211047944732938,0.032234683756771076,-0.08983749141679986,1.57186999313344,0.0001907377737087046,-0.5128938735027084,0.013542381933318026,-0.26951247425040137,1.5760662241550314,-0.018120088502326936,0.024223697261005483,0.01583123521782248,-0.005531395437552433,0.03643091477836258,0.1161593041886011
1778211047963894565,1778211047964668497,0.032234683756771076,-0.08983749141679986,1.57186999313344,0.0001907377737087046,-0.5128938735027084,0.013542381933318026,-0.26951247425040137,1.5760662241550314,-0.018120088502326936,0.024223697261005483,0.01621271076523989,-0.005912870984969842,0.03643091477836258,0.11768520637827073
1778211047972862793,1778211047984749917,0.032234683756771076,-0.08983749141679986,1.57186999313344,0.0001907377737087046,-0.5128938735027084,0.013542381933318026,-0.26951247425040137,1.5760662241550314,-0.018120088502326936,0.024223697261005483,0.01583123521782248,-0.005912870984969842,0.03643091477836258,0.11844815747310555
1778211047995575052,1778211048004683371,0.032234683756771076,-0.08983749141679986,1.57186999313344,-0.0001907377737087046,-0.512512397955291,0.013542381933318026,-0.26951247425040137,1.5760662241550314,-0.018120088502326936,0.024223697261005483,0.01583123521782248,-0.007820248722056888,0.03681239032577999,0.11882963302052296
1778211048016559412,1778211048024755513,0.032234683756771076,-0.08983749141679986,1.57186999313344,-0.0001907377737087046,-0.512512397955291,0.013542381933318026,-0.26913099870298396,1.5760662241550314,-0.018120088502326936,0.024223697261005483,0.01583123521782248,-0.008583199816891707,0.03643091477836258,0.11921110856794037
1778211048042736554,1778211048044680364,0.032234683756771076,-0.08983749141679986,1.57186999313344,-0.0001907377737087046,-0.5121309224078736,0.013542381933318026,-0.26913099870298396,1.5760662241550314,-0.018120088502326936,0.024223697261005483,0.01583123521782248,-0.009346150911726525,0.03452353704127553,0.11959258411535778
1778211048055920379,1778211048064765024,0.032234683756771076,-0.08983749141679986,1.57186999313344,-0.0001907377737087046,-0.5121309224078736,0.013542381933318026,-0.26913099870298396,1.5760662241550314,-0.018120088502326936,0.024223697261005483,0.01583123521782248,-0.009346150911726525,0.03414206149385812,0.11997405966277519
1778211048076948214,1778211048084773447,0.032234683756771076,-0.08983749141679986,1.57186999313344,-0.0001907377737087046,-0.5121309224078736,0.013542381933318026,-0.26913099870298396,1.5760662241550314,-0.018120088502326936,0.024223697261005483,0.01583123521782248,-0.009346150911726525,0.03414206149385812,0.12073701075761001
1778211048097160756,1778211048104753248,0.03185320820935367,-0.08983749141679986,1.57186999313344,-0.0001907377737087046,-0.5121309224078736,0.013542381933318026,-0.26836804760814914,1.5760662241550314,-0.018120088502326936,0.024223697261005483,0.01621271076523989,-0.010490577553978753,0.03414206149385812,0.12188143739986224
1778211048118048555,1778211048124744252,0.03185320820935367,-0.08983749141679986,1.57186999313344,-0.0001907377737087046,-0.5113679713130388,0.013542381933318026,-0.2656977187762273,1.5760662241550314,-0.018120088502326936,0.024223697261005483,0.01583123521782248,-0.01201647974364839,0.03414206149385812,0.12226291294727964
1778211048138488007,1778211048144785270,0.03147173266193626,-0.08983749141679986,1.57186999313344,-0.0001907377737087046,-0.5086976424811169,0.013542381933318026,-0.26531624322880987,1.5760662241550314,-0.018120088502326936,0.024223697261005483,0.01583123521782248,-0.013923857480735435,0.03414206149385812,0.12226291294727964
1778211048159621255,1778211048164731879,0.03032730601968403,-0.08983749141679986,1.57186999313344,-0.0001907377737087046,-0.5079346913862821,0.013542381933318026,-0.26531624322880987,1.5760662241550314,-0.018120088502326936,0.024223697261005483,0.01583123521782248,-0.013923857480735435,0.03414206149385812,0.12226291294727964
1778211048180119253,1778211048184772690,0.02994583047226662,-0.08983749141679986,1.57186999313344,-0.0001907377737087046,-0.5064087891966125,0.013542381933318026,-0.26417181658655764,1.5760662241550314,-0.018120088502326936,0.024223697261005483,0.01583123521782248,-0.013923857480735435,0.03376058594644071,0.12226291294727964
1778211048200789497,1778211048204719484,0.029564354924849212,-0.08983749141679986,1.57186999313344,-0.0001907377737087046,-0.5056458381017777,0.013542381933318026,-0.26035706111238355,1.5760662241550314,-0.018120088502326936,0.024605172808422893,0.01583123521782248,-0.014305333028152845,0.03376058594644071,0.12226291294727964
1778211048221348740,1778211048224687213,0.029182879377431803,-0.08983749141679986,1.57186999313344,-0.0001907377737087046,-0.5052643625543602,0.013160906385900617,-0.2584496833752965,1.5760662241550314,-0.018120088502326936,0.024223697261005483,0.01583123521782248,-0.014686808575570254,0.03376058594644071,0.12226291294727964
1778211048241871624,1778211048244684524,0.028801403830014394,-0.08983749141679986,1.57186999313344,-0.0001907377737087046,-0.5052643625543602,0.013542381933318026,-0.2584496833752965,1.5760662241550314,-0.018120088502326936,0.024223697261005483,0.01621271076523989,-0.015068284122987663,0.03376058594644071,0.12226291294727964
1778211048262788435,1778211048264687154,0.028038452735179575,-0.08983749141679986,1.57186999313344,-0.0001907377737087046,-0.5056458381017777,0.013542381933318026,-0.2580682078278791,1.5760662241550314,-0.018120088502326936,0.024605172808422893,0.01583123521782248,-0.015068284122987663,0.03376058594644071,0.12226291294727964
1778211048283310276,1778211048284682302,0.027656977187762166,-0.08983749141679986,1.57186999313344,-0.0001907377737087046,-0.5056458381017777,0.013542381933318026,-0.2580682078278791,1.5760662241550314,-0.018120088502326936,0.024605172808422893,0.01583123521782248,-0.015068284122987663,0.033379110399023304,0.12264438849469705
1778211048303945961,1778211048304769309,0.027275501640344757,-0.08983749141679986,1.57186999313344,-0.0001907377737087046,-0.5056458381017777,0.013542381933318026,-0.2580682078278791,1.5760662241550314,-0.018120088502326936,0.024605172808422893,0.01583123521782248,-0.015068284122987663,0.033379110399023304,0.12264438849469705
1778211048314264936,1778211048324730330,0.026894026092927348,-0.08983749141679986,1.57186999313344,-0.0001907377737087046,-0.5052643625543602,0.013542381933318026,-0.2580682078278791,1.5760662241550314,-0.018120088502326936,0.024605172808422893,0.01583123521782248,-0.015068284122987663,0.032997634851605895,0.12264438849469705
1778211048334531310,1778211048344796659,0.026894026092927348,-0.08983749141679986,1.57186999313344,-0.0001907377737087046,-0.5052643625543602,0.013542381933318026,-0.2580682078278791,1.5760662241550314,-0.018120088502326936,0.024605172808422893,0.01621271076523989,-0.015068284122987663,0.032234683756771076,0.12226291294727964
1778211048355479005,1778211048364784818,0.026894026092927348,-0.08983749141679986,1.57186999313344,-0.0001907377737087046,-0.5052643625543602,0.013542381933318026,-0.2580682078278791,1.5760662241550314,-0.018120088502326936,0.024605172808422893,0.01583123521782248,-0.0165941863126573,0.03070878156710144,0.12226291294727964
1778211048375016455,1778211048384754983,0.026894026092927348,-0.08983749141679986,1.57186999313344,-0.0001907377737087046,-0.5052643625543602,0.013542381933318026,-0.2580682078278791,1.5760662241550314,-0.018120088502326936,0.024605172808422893,0.01621271076523989,-0.018120088502326936,0.03070878156710144,0.12226291294727964
1778211048395676055,1778211048404721942,0.026894026092927348,-0.08983749141679986,1.57186999313344,-0.0001907377737087046,-0.5052643625543602,0.013542381933318026,-0.2580682078278791,1.5760662241550314,-0.018120088502326936,0.024605172808422893,0.01583123521782248,-0.020027466239413982,0.03070878156710144,0.12226291294727964
1778211048422074559,1778211048424690800,0.026894026092927348,-0.08869306477454764,1.57186999313344,-0.0001907377737087046,-0.5052643625543602,0.013542381933318026,-0.2580682078278791,1.5753032730601966,-0.018120088502326936,0.024605172808422893,0.01583123521782248,-0.022316319523918438,0.029564354924849212,0.12264438849469705
1778211048435602744,1778211048444675074,0.026894026092927348,-0.08793011367971282,1.57186999313344,-0.0001907377737087046,-0.5052643625543602,0.013542381933318026,-0.2546349279011224,1.5753032730601966,-0.018120088502326936,0.024605172808422893,0.01583123521782248,-0.023842221713588074,0.029564354924849212,0.12264438849469705
1778211048456535889,1778211048464705166,0.02651255054550994,-0.08564126039520836,1.57186999313344,-0.0001907377737087046,-0.5048828870069428,0.013542381933318026,-0.2500572213321135,1.5753032730601966,-0.018120088502326936,0.024986648355840302,0.01583123521782248,-0.026894026092927348,0.029564354924849212,0.12302586404211446
1778211048476501602,1778211048484867780,0.024605172808422893,-0.08449683375295614,1.57186999313344,-0.0001907377737087046,-0.504119935912108,0.013542381933318026,-0.24929427023727868,1.5753032730601966,-0.018120088502326936,0.024986648355840302,0.01583123521782248,-0.029182879377431803,0.029564354924849212,0.12302586404211446
1778211048497723950,1778211048504717690,0.023842221713588074,-0.08144502937361686,1.57186999313344,-0.0001907377737087046,-0.5010681315327687,0.013542381933318026,-0.24891279468986127,1.5753032730601966,-0.018120088502326936,0.02536812390325771,0.01583123521782248,-0.03032730601968403,0.02994583047226662,0.12302586404211446
1778211048522614035,1778211048524654723,0.02155336842908362,-0.078774700541695,1.57186999313344,-0.0001907377737087046,-0.49725337605859465,0.013542381933318026,-0.24814984359502645,1.5753032730601966,-0.018120088502326936,0.02536812390325771,0.01621271076523989,-0.033379110399023304,0.028038452735179575,0.12302586404211446
1778211048533773845,1778211048544696867,0.02117189288166621,-0.07686732280460795,1.57186999313344,-0.0001907377737087046,-0.49687190051117724,0.013542381933318026,-0.24738689250019164,1.5753032730601966,-0.018120088502326936,0.02536812390325771,0.01621271076523989,-0.03452353704127553,0.027656977187762166,0.12302586404211446
1778211048557863163,1778211048564743174,0.018120088502326936,-0.07381551842526868,1.57186999313344,-0.0001907377737087046,-0.4961089494163424,0.013542381933318026,-0.24700541695277423,1.5753032730601966,-0.018120088502326936,0.02536812390325771,0.01621271076523989,-0.03681239032577999,0.02651255054550994,0.12302586404211446
1778211048577614005,1778211048584795582,0.01583123521782248,-0.07190814068818163,1.57186999313344,-0.0001907377737087046,-0.49343862058442056,0.013160906385900617,-0.24662394140535682,1.5753032730601966,-0.018120088502326936,0.02536812390325771,0.01621271076523989,-0.03871976806286703,0.02651255054550994,0.12302586404211446
1778211048598283078,1778211048604732469,0.013160906385900617,-0.06923781185625977,1.57186999313344,-0.0001907377737087046,-0.49267566948958574,0.013542381933318026,-0.245860990310522,1.5753032730601966,-0.018120088502326936,0.024986648355840302,0.01621271076523989,-0.04024567025253667,0.02574959945067512,0.12302586404211446
1778211048618659620,1778211048624683990,0.012779430838483208,-0.06733043411917272,1.57186999313344,-0.0001907377737087046,-0.48962386511024647,0.013542381933318026,-0.24395361257343495,1.5753032730601966,-0.018120088502326936,0.02536812390325771,0.01621271076523989,-0.04100862134737149,0.02613107499809253,0.12302586404211446
1778211048639120349,1778211048644703285,0.01163500419623098,-0.06580453192950309,1.57186999313344,-0.0001907377737087046,-0.48924238956282906,0.013542381933318026,-0.24280918593118272,1.5753032730601966,-0.018120088502326936,0.02536812390325771,0.01621271076523989,-0.042153047989623715,0.02574959945067512,0.12302586404211446
1778211048659663307,1778211048664677868,0.011253528648813571,-0.06466010528725086,1.57186999313344,-0.0001907377737087046,-0.4877164873731594,0.013542381933318026,-0.24319066147860013,1.5753032730601966,-0.018120088502326936,0.02574959945067512,0.01621271076523989,-0.042153047989623715,0.02613107499809253,0.12302586404211446
1778211048680358559,1778211048685085331,0.010872053101396162,-0.06313420309758122,1.57186999313344,-0.0001907377737087046,-0.4865720607309072,0.013542381933318026,-0.24280918593118272,1.5753032730601966,-0.018120088502326936,0.027656977187762166,0.01621271076523989,-0.042153047989623715,0.02574959945067512,0.12302586404211446
1778211048701233509,1778211048704681351,0.010872053101396162,-0.06313420309758122,1.57186999313344,-0.0005722133211261138,-0.4861905851834898,0.013542381933318026,-0.24280918593118272,1.5753032730601966,-0.018120088502326936,0.027656977187762166,0.01621271076523989,-0.042153047989623715,0.02574959945067512,0.12302586404211446
1778211048721739215,1778211048724691550,0.010872053101396162,-0.06313420309758122,1.57186999313344,-0.0001907377737087046,-0.4861905851834898,0.013542381933318026,-0.2416647592889305,1.5753032730601966,-0.018120088502326936,0.028038452735179575,0.01621271076523989,-0.042153047989623715,0.02574959945067512,0.12302586404211446
1778211048742326114,1778211048744684451,0.010872053101396162,-0.06313420309758122,1.57186999313344,-0.0001907377737087046,-0.4858091096360724,0.013542381933318026,-0.23937590600442604,1.5753032730601966,-0.018120088502326936,0.028038452735179575,0.01621271076523989,-0.042153047989623715,0.02574959945067512,0.12302586404211446
1778211048762891380,1778211048764776905,0.010872053101396162,-0.06313420309758122,1.57186999313344,-0.0001907377737087046,-0.4861905851834898,0.013542381933318026,-0.23899443045700863,1.5745403219653618,-0.018120088502326936,0.028038452735179575,0.01621271076523989,-0.042153047989623715,0.02574959945067512,0.12302586404211446
1778211048783695718,1778211048784687282,0.010872053101396162,-0.06313420309758122,1.57186999313344,-0.0005722133211261138,-0.4861905851834898,0.013542381933318026,-0.23937590600442604,1.5745403219653618,-0.018120088502326936,0.028038452735179575,0.01621271076523989,-0.042153047989623715,0.02536812390325771,0.12302586404211446
1778211048803905068,1778211048804674694,0.010872053101396162,-0.06313420309758122,1.57186999313344,-0.0005722133211261138,-0.4858091096360724,0.013542381933318026,-0.23937590600442604,1.5745403219653618,-0.018120088502326936,0.028038452735179575,0.01621271076523989,-0.042153047989623715,0.024986648355840302,0.12302586404211446
1778211048820129853,1778211048824720733,0.010490577553978753,-0.06351567864499863,1.57186999313344,-0.0001907377737087046,-0.4861905851834898,0.013542381933318026,-0.23937590600442604,1.5745403219653618,-0.018120088502326936,0.028038452735179575,0.01621271076523989,-0.042153047989623715,0.024986648355840302,0.12302586404211446
1778211048843502508,1778211048844677112,0.010490577553978753,-0.06351567864499863,1.57186999313344,-0.0005722133211261138,-0.4858091096360724,0.013542381933318026,-0.23899443045700863,1.5745403219653618,-0.018120088502326936,0.028038452735179575,0.01621271076523989,-0.042153047989623715,0.023842221713588074,0.12302586404211446
1778211048864241770,1778211048864696866,0.010872053101396162,-0.06351567864499863,1.57186999313344,-0.0005722133211261138,-0.4861905851834898,0.013542381933318026,-0.23899443045700863,1.5745403219653618,-0.018120088502326936,0.028038452735179575,0.01621271076523989,-0.042153047989623715,0.023079270618753256,0.12302586404211446
1778211048874299448,1778211048884827554,0.010872053101396162,-0.06313420309758122,1.57186999313344,-0.0005722133211261138,-0.4858091096360724,0.013542381933318026,-0.23899443045700863,1.5745403219653618,-0.018120088502326936,0.028038452735179575,0.01621271076523989,-0.042153047989623715,0.023079270618753256,0.12302586404211446
1778211048894840528,1778211048904769417,0.010872053101396162,-0.06313420309758122,1.57186999313344,-0.0001907377737087046,-0.4861905851834898,0.013542381933318026,-0.23899443045700863,1.5745403219653618,-0.018120088502326936,0.028038452735179575,0.01621271076523989,-0.042153047989623715,0.023079270618753256,0.12302586404211446
1778211048915466080,1778211048924791600,0.010872053101396162,-0.06351567864499863,1.57186999313344,-0.0005722133211261138,-0.4858091096360724,0.013542381933318026,-0.23899443045700863,1.5745403219653618,-0.018120088502326936,0.028038452735179575,0.01621271076523989,-0.042153047989623715,0.023079270618753256,0.12302586404211446
1778211048935985672,1778211048944861279,0.010872053101396162,-0.06313420309758122,1.57186999313344,-0.0005722133211261138,-0.4858091096360724,0.013542381933318026,-0.23899443045700863,1.5745403219653618,-0.018120088502326936,0.028038452735179575,0.01621271076523989,-0.042153047989623715,0.023079270618753256,0.12302586404211446
1778211048957229001,1778211048964721964,0.010872053101396162,-0.06313420309758122,1.57186999313344,-0.0005722133211261138,-0.4858091096360724,0.013542381933318026,-0.23861295490959122,1.5745403219653618,-0.018120088502326936,0.028038452735179575,0.01621271076523989,-0.042153047989623715,0.023079270618753256,0.12302586404211446
1778211048977245880,1778211048984676385,0.010872053101396162,-0.06313420309758122,1.57186999313344,-0.0005722133211261138,-0.4858091096360724,0.013542381933318026,-0.237468528267339,1.5745403219653618,-0.017738612954909527,0.028038452735179575,0.01621271076523989,-0.042153047989623715,0.023079270618753256,0.12302586404211446
1778211048998360008,1778211049004809923,0.010872053101396162,-0.06313420309758122,1.57186999313344,-0.000953688868543523,-0.4858091096360724,0.013542381933318026,-0.23479819943541713,1.5745403219653618,-0.017738612954909527,0.028038452735179575,0.01621271076523989,-0.042153047989623715,0.023079270618753256,0.12302586404211446
1778211049019451096,1778211049024805038,0.010490577553978753,-0.06313420309758122,1.57186999313344,-0.0013351644159609322,-0.48542763408865497,0.013542381933318026,-0.2340352483405823,1.5745403219653618,-0.017738612954909527,0.028038452735179575,0.01621271076523989,-0.042153047989623715,0.023079270618753256,0.12302586404211446
1778211049039799989,1778211049044834768,0.010872053101396162,-0.06313420309758122,1.57186999313344,-0.0036240177004653873,-0.48542763408865497,0.013542381933318026,-0.23174639505607786,1.5745403219653618,-0.018120088502326936,0.028038452735179575,0.01621271076523989,-0.042153047989623715,0.023079270618753256,0.12302586404211446
1778211049060180849,1778211049064749520,0.010872053101396162,-0.06313420309758122,1.57186999313344,-0.004386968795300206,-0.48504615854123756,0.013160906385900617,-0.23174639505607786,1.5741588464179443,-0.018120088502326936,0.028038452735179575,0.01621271076523989,-0.042153047989623715,0.022697795071335847,0.12302586404211446
1778211049080974294,1778211049085155593,0.010872053101396162,-0.06313420309758122,1.57186999313344,-0.005149919890135024,-0.4835202563515679,0.013542381933318026,-0.23174639505607786,1.5741588464179443,-0.017738612954909527,0.028038452735179575,0.01621271076523989,-0.042153047989623715,0.022697795071335847,0.12302586404211446
1778211049102645407,1778211049104681743,0.010872053101396162,-0.06313420309758122,1.57186999313344,-0.007438773174639479,-0.4827573052567331,0.013542381933318026,-0.23174639505607786,1.5730144197756921,-0.017738612954909527,0.028038452735179575,0.01621271076523989,-0.042153047989623715,0.022697795071335847,0.12302586404211446
1778211049123119561,1778211049124701636,0.010490577553978753,-0.06313420309758122,1.57186999313344,-0.007820248722056888,-0.4827573052567331,0.013542381933318026,-0.23174639505607786,1.5722514686808573,-0.017738612954909527,0.028038452735179575,0.01621271076523989,-0.042153047989623715,0.022697795071335847,0.12302586404211446
1778211049142937488,1778211049144685088,0.010490577553978753,-0.06313420309758122,1.57186999313344,-0.007820248722056888,-0.4823758297093157,0.013542381933318026,-0.23174639505607786,1.5707255664911877,-0.017738612954909527,0.028038452735179575,0.01621271076523989,-0.042153047989623715,0.022697795071335847,0.12302586404211446
1778211049163515482,1778211049164689134,0.010872053101396162,-0.06351567864499863,1.57186999313344,-0.007820248722056888,-0.4823758297093157,0.013160906385900617,-0.23174639505607786,1.5695811398489354,-0.017738612954909527,0.028038452735179575,0.01621271076523989,-0.042153047989623715,0.022697795071335847,0.12302586404211446
1778211049183827307,1778211049184675964,0.010872053101396162,-0.06351567864499863,1.57186999313344,-0.007820248722056888,-0.4823758297093157,0.013542381933318026,-0.23136491950866045,1.5688181887541006,-0.017738612954909527,0.028038452735179575,0.01621271076523989,-0.042153047989623715,0.022697795071335847,0.12302586404211446
1778211049199333475,1778211049204691446,0.010490577553978753,-0.06351567864499863,1.57186999313344,-0.007820248722056888,-0.4823758297093157,0.013542381933318026,-0.23136491950866045,1.5688181887541006,-0.017738612954909527,0.028419928282596985,0.01621271076523989,-0.042153047989623715,0.022316319523918438,0.12302586404211446
1778211049208347123,1778211049224811787,0.010872053101396162,-0.06351567864499863,1.57186999313344,-0.007820248722056888,-0.4823758297093157,0.013542381933318026,-0.23060196841382563,1.5688181887541006,-0.017738612954909527,0.028801403830014394,0.01621271076523989,-0.042153047989623715,0.022316319523918438,0.12302586404211446
1778211049243968088,1778211049244887904,0.010872053101396162,-0.06351567864499863,1.57186999313344,-0.007820248722056888,-0.4823758297093157,0.013542381933318026,-0.23022049286640822,1.5688181887541006,-0.017738612954909527,0.03032730601968403,0.01621271076523989,-0.042153047989623715,0.022316319523918438,0.12302586404211446
1778211049258859772,1778211049264736412,0.010872053101396162,-0.06351567864499863,1.57186999313344,-0.008201724269474298,-0.4823758297093157,0.013542381933318026,-0.23022049286640822,1.5688181887541006,-0.017738612954909527,0.03032730601968403,0.01621271076523989,-0.042153047989623715,0.022316319523918438,0.12302586404211446
1778211049281401219,1778211049284814079,0.010872053101396162,-0.06351567864499863,1.57186999313344,-0.007820248722056888,-0.4823758297093157,0.013160906385900617,-0.22869459067673858,1.5688181887541006,-0.017738612954909527,0.03032730601968403,0.01621271076523989,-0.042153047989623715,0.022316319523918438,0.12302586404211446
1778211049296857952,1778211049304764537,0.010872053101396162,-0.06351567864499863,1.57186999313344,-0.008201724269474298,-0.4823758297093157,0.013542381933318026,-0.22831311512932118,1.5688181887541006,-0.017738612954909527,0.03032730601968403,0.01621271076523989,-0.042153047989623715,0.022316319523918438,0.12302586404211446
1778211049318020945,1778211049324719380,0.010872053101396162,-0.06351567864499863,1.57186999313344,-0.008201724269474298,-0.4823758297093157,0.013160906385900617,-0.22831311512932118,1.5688181887541006,-0.017738612954909527,0.03032730601968403,0.01621271076523989,-0.042153047989623715,0.022316319523918438,0.12302586404211446
1778211049338976173,1778211049344698625,0.010872053101396162,-0.06351567864499863,1.57186999313344,-0.008201724269474298,-0.4823758297093157,0.013542381933318026,-0.22831311512932118,1.5688181887541006,-0.017738612954909527,0.03032730601968403,0.01621271076523989,-0.042153047989623715,0.022316319523918438,0.12302586404211446
1778211049363666220,1778211049364670866,0.010872053101396162,-0.06351567864499863,1.57186999313344,-0.008201724269474298,-0.4823758297093157,0.013542381933318026,-0.22793163958190377,1.5688181887541006,-0.017738612954909527,0.03032730601968403,0.01621271076523989,-0.042153047989623715,0.022316319523918438,0.12340733958953187
1778211049372805088,1778211049384693764,0.010872053101396162,-0.06351567864499863,1.57186999313344,-0.008201724269474298,-0.4823758297093157,0.013542381933318026,-0.22831311512932118,1.5688181887541006,-0.017738612954909527,0.03032730601968403,0.01621271076523989,-0.042153047989623715,0.022316319523918438,0.12302586404211446
1778211049400484286,1778211049404686473,0.010872053101396162,-0.06351567864499863,1.57186999313344,-0.008201724269474298,-0.4823758297093157,0.013542381933318026,-0.22831311512932118,1.5688181887541006,-0.017738612954909527,0.03032730601968403,0.01621271076523989,-0.042153047989623715,0.022316319523918438,0.12302586404211446
1778211049406085060,1778211049424791108,0.010872053101396162,-0.06351567864499863,1.57186999313344,-0.008201724269474298,-0.4823758297093157,0.013542381933318026,-0.22831311512932118,1.5688181887541006,-0.017738612954909527,0.03032730601968403,0.01621271076523989,-0.042153047989623715,0.022316319523918438,0.12302586404211446
1778211049441815414,1778211049444694641,0.010872053101396162,-0.06351567864499863,1.57186999313344,-0.008201724269474298,-0.4823758297093157,0.013542381933318026,-0.22831311512932118,1.5688181887541006,-0.017738612954909527,0.03032730601968403,0.01621271076523989,-0.042153047989623715,0.022316319523918438,0.12302586404211446
1778211049447629130,1778211049464755866,0.010872053101396162,-0.06351567864499863,1.5722514686808573,-0.008201724269474298,-0.4823758297093157,0.013542381933318026,-0.22831311512932118,1.5688181887541006,-0.017738612954909527,0.03032730601968403,0.01621271076523989,-0.042153047989623715,0.022316319523918438,0.12302586404211446
1778211049480807387,1778211049484823729,0.010872053101396162,-0.06351567864499863,1.5722514686808573,-0.008201724269474298,-0.4823758297093157,0.013542381933318026,-0.22831311512932118,1.5688181887541006,-0.017738612954909527,0.03032730601968403,0.01621271076523989,-0.042153047989623715,0.022316319523918438,0.12302586404211446
1778211049492253859,1778211049504757429,0.010872053101396162,-0.06351567864499863,1.5726329442282747,-0.008201724269474298,-0.4823758297093157,0.013542381933318026,-0.22831311512932118,1.5688181887541006,-0.017738612954909527,0.03032730601968403,0.01621271076523989,-0.042153047989623715,0.022316319523918438,0.12302586404211446
1778211049512939493,1778211049524724261,0.010872053101396162,-0.06351567864499863,1.5730144197756921,-0.008201724269474298,-0.4823758297093157,0.013542381933318026,-0.22831311512932118,1.5688181887541006,-0.017738612954909527,0.03032730601968403,0.01621271076523989,-0.042153047989623715,0.022316319523918438,0.12302586404211446
1778211049542227721,1778211049544701966,0.010872053101396162,-0.06351567864499863,1.573777370870527,-0.008201724269474298,-0.4823758297093157,0.013542381933318026,-0.22831311512932118,1.5684367132066832,-0.017738612954909527,0.03032730601968403,0.01621271076523989,-0.042153047989623715,0.022316319523918438,0.12302586404211446
1778211049556180097,1778211049564687649,0.010872053101396162,-0.06351567864499863,1.573777370870527,-0.008201724269474298,-0.4823758297093157,0.013542381933318026,-0.22831311512932118,1.5684367132066832,-0.017738612954909527,0.03032730601968403,0.01621271076523989,-0.042153047989623715,0.022697795071335847,0.12302586404211446
1778211049584100405,1778211049584914263,0.010872053101396162,-0.06351567864499863,1.573777370870527,-0.008201724269474298,-0.4827573052567331,0.013542381933318026,-0.22869459067673858,1.5676737621118484,-0.017738612954909527,0.03032730601968403,0.01621271076523989,-0.042153047989623715,0.022697795071335847,0.12340733958953187
1778211049592515230,1778211049604812371,0.011253528648813571,-0.06351567864499863,1.573777370870527,-0.008201724269474298,-0.4827573052567331,0.013542381933318026,-0.22869459067673858,1.5676737621118484,-0.017738612954909527,0.03032730601968403,0.01621271076523989,-0.042153047989623715,0.022697795071335847,0.12302586404211446
1778211049615814872,1778211049624790469,0.010872053101396162,-0.06351567864499863,1.573777370870527,-0.008201724269474298,-0.4827573052567331,0.013542381933318026,-0.22869459067673858,1.5657663843747613,-0.017738612954909527,0.03032730601968403,0.01621271076523989,-0.042153047989623715,0.022697795071335847,0.12340733958953187
1778211049636561744,1778211049644806233,0.010872053101396162,-0.06351567864499863,1.573777370870527,-0.008201724269474298,-0.4827573052567331,0.013542381933318026,-0.22869459067673858,1.563477531090257,-0.017738612954909527,0.03032730601968403,0.01621271076523989,-0.041771572442206306,0.022697795071335847,0.12340733958953187
1778211049662532947,1778211049664726281,0.010872053101396162,-0.06351567864499863,1.573777370870527,-0.008201724269474298,-0.4827573052567331,0.013542381933318026,-0.22869459067673858,1.5619516289005873,-0.017738612954909527,0.03032730601968403,0.01621271076523989,-0.041771572442206306,0.022697795071335847,0.12340733958953187
1778211049682953403,1778211049684678702,0.010872053101396162,-0.06351567864499863,1.573777370870527,-0.008201724269474298,-0.4827573052567331,0.013542381933318026,-0.22869459067673858,1.5611886778057524,-0.017738612954909527,0.03070878156710144,0.01621271076523989,-0.042153047989623715,0.022697795071335847,0.12340733958953187
1778211049698541651,1778211049704815398,0.010872053101396162,-0.06351567864499863,1.573777370870527,-0.008201724269474298,-0.4827573052567331,0.013160906385900617,-0.22869459067673858,1.560807202258335,-0.017738612954909527,0.03070878156710144,0.01621271076523989,-0.042153047989623715,0.022697795071335847,0.12340733958953187
1778211049722531685,1778211049724712720,0.010872053101396162,-0.06351567864499863,1.573777370870527,-0.008201724269474298,-0.4827573052567331,0.013542381933318026,-0.22869459067673858,1.5592813000686654,-0.017738612954909527,0.03070878156710144,0.01621271076523989,-0.042153047989623715,0.022697795071335847,0.12340733958953187
1778211049735266122,1778211049744735407,0.010872053101396162,-0.06351567864499863,1.573777370870527,-0.008201724269474298,-0.4827573052567331,0.013542381933318026,-0.22869459067673858,1.5592813000686654,-0.017738612954909527,0.03070878156710144,0.01621271076523989,-0.042153047989623715,0.022697795071335847,0.12340733958953187
1778211049755543937,1778211049764740171,0.010872053101396162,-0.06351567864499863,1.573777370870527,-0.008201724269474298,-0.4827573052567331,0.013542381933318026,-0.22869459067673858,1.5592813000686654,-0.017738612954909527,0.03070878156710144,0.01621271076523989,-0.041771572442206306,0.022697795071335847,0.12340733958953187
1778211049776078437,1778211049784754323,0.010872053101396162,-0.06351567864499863,1.573777370870527,-0.008201724269474298,-0.4827573052567331,0.013542381933318026,-0.22869459067673858,1.5592813000686654,-0.017738612954909527,0.03070878156710144,0.01621271076523989,-0.042153047989623715,0.022697795071335847,0.12340733958953187
1778211049796425007,1778211049804684691,0.010872053101396162,-0.06351567864499863,1.573777370870527,-0.008201724269474298,-0.4827573052567331,0.013542381933318026,-0.22869459067673858,1.5592813000686654,-0.017738612954909527,0.03070878156710144,0.01621271076523989,-0.042153047989623715,0.023079270618753256,0.12340733958953187
1778211049817299838,1778211049824809993,0.010872053101396162,-0.06351567864499863,1.573777370870527,-0.008201724269474298,-0.4827573052567331,0.013542381933318026,-0.22869459067673858,1.558899824521248,-0.017738612954909527,0.03070878156710144,0.01621271076523989,-0.042153047989623715,0.023079270618753256,0.12378881513694928
1778211049837062649,1778211049844778615,0.010872053101396162,-0.06351567864499863,1.573777370870527,-0.008201724269474298,-0.4827573052567331,0.013160906385900617,-0.229076066224156,1.5585183489738306,-0.017738612954909527,0.03070878156710144,0.01621271076523989,-0.042153047989623715,0.023079270618753256,0.12378881513694928
1778211049862944847,1778211049864711604,0.010872053101396162,-0.06351567864499863,1.573777370870527,-0.008201724269474298,-0.4827573052567331,0.013160906385900617,-0.229076066224156,1.5585183489738306,-0.017738612954909527,0.03070878156710144,0.01621271076523989,-0.042153047989623715,0.022697795071335847,0.12378881513694928
1778211049884304499,1778211049884826995,0.010872053101396162,-0.06351567864499863,1.573777370870527,-0.008201724269474298,-0.4827573052567331,0.013542381933318026,-0.229076066224156,1.5585183489738306,-0.017738612954909527,0.03070878156710144,0.01621271076523989,-0.041771572442206306,0.023079270618753256,0.12378881513694928
1778211049902696273,1778211049904689526,0.010872053101396162,-0.06351567864499863,1.573777370870527,-0.008201724269474298,-0.4827573052567331,0.013542381933318026,-0.229076066224156,1.5585183489738306,-0.017738612954909527,0.03070878156710144,0.01621271076523989,-0.042153047989623715,0.023079270618753256,0.12378881513694928
1778211049912610991,1778211049924884252,0.010872053101396162,-0.06351567864499863,1.573777370870527,-0.008201724269474298,-0.4827573052567331,0.013542381933318026,-0.229076066224156,1.5585183489738306,-0.017738612954909527,0.03070878156710144,0.01621271076523989,-0.042153047989623715,0.023079270618753256,0.12378881513694928
1778211049942515735,1778211049944752398,0.010872053101396162,-0.06351567864499863,1.573777370870527,-0.008201724269474298,-0.4827573052567331,0.013542381933318026,-0.229076066224156,1.5585183489738306,-0.017738612954909527,0.03070878156710144,0.01621271076523989,-0.042153047989623715,0.023079270618753256,0.12417029068436669
1778211049955520096,1778211049964761765,0.010872053101396162,-0.06351567864499863,1.573777370870527,-0.008201724269474298,-0.4827573052567331,0.013542381933318026,-0.229076066224156,1.5585183489738306,-0.017738612954909527,0.03070878156710144,0.01621271076523989,-0.042153047989623715,0.022697795071335847,0.12417029068436669
1778211049976208539,1778211049984760534,0.010872053101396162,-0.06351567864499863,1.573777370870527,-0.008201724269474298,-0.4827573052567331,0.013542381933318026,-0.229076066224156,1.5585183489738306,-0.017738612954909527,0.03070878156710144,0.01621271076523989,-0.042153047989623715,0.023079270618753256,0.12417029068436669
1778211049997361370,1778211050004887407,0.010872053101396162,-0.06351567864499863,1.573777370870527,-0.008201724269474298,-0.4827573052567331,0.013542381933318026,-0.229076066224156,1.5585183489738306,-0.017738612954909527,0.03070878156710144,0.01621271076523989,-0.042153047989623715,0.023079270618753256,0.12417029068436669
1778211050018359505,1778211050024801073,0.010872053101396162,-0.06351567864499863,1.573777370870527,-0.008201724269474298,-0.4827573052567331,0.013542381933318026,-0.229076066224156,1.5585183489738306,-0.017738612954909527,0.03070878156710144,0.01621271076523989,-0.042153047989623715,0.023079270618753256,0.12417029068436669
1778211050038223230,1778211050044757332,0.010872053101396162,-0.06351567864499863,1.573777370870527,-0.008201724269474298,-0.4827573052567331,0.013542381933318026,-0.229076066224156,1.5585183489738306,-0.017738612954909527,0.03070878156710144,0.01621271076523989,-0.042153047989623715,0.023079270618753256,0.1245517662317841
1778211050059176207,1778211050064742874,0.010872053101396162,-0.06351567864499863,1.573777370870527,-0.008201724269474298,-0.4827573052567331,0.013542381933318026,-0.229076066224156,1.5585183489738306,-0.017738612954909527,0.03070878156710144,0.01621271076523989,-0.042153047989623715,0.022697795071335847,0.1245517662317841
1778211050079157265,1778211050084797486,0.010872053101396162,-0.06351567864499863,1.573777370870527,-0.008201724269474298,-0.4827573052567331,0.013542381933318026,-0.229076066224156,1.5585183489738306,-0.017738612954909527,0.03070878156710144,0.01621271076523989,-0.042153047989623715,0.023079270618753256,0.1245517662317841
1778211050100598471,1778211050104737600,0.010872053101396162,-0.06351567864499863,1.573777370870527,-0.008201724269474298,-0.4827573052567331,0.013542381933318026,-0.229076066224156,1.5585183489738306,-0.017738612954909527,0.03070878156710144,0.01621271076523989,-0.042153047989623715,0.022697795071335847,0.1245517662317841
1778211050120646902,1778211050124687070,0.010872053101396162,-0.06351567864499863,1.573777370870527,-0.008201724269474298,-0.4827573052567331,0.013542381933318026,-0.229076066224156,1.5585183489738306,-0.017738612954909527,0.03070878156710144,0.01621271076523989,-0.042153047989623715,0.022697795071335847,0.1245517662317841
1778211050141424811,1778211050144724802,0.010872053101396162,-0.06351567864499863,1.573777370870527,-0.008201724269474298,-0.4827573052567331,0.013542381933318026,-0.22869459067673858,1.5585183489738306,-0.017738612954909527,0.03070878156710144,0.01621271076523989,-0.042153047989623715,0.022697795071335847,0.1245517662317841
1778211050161786414,1778211050164717165,0.010872053101396162,-0.06351567864499863,1.573777370870527,-0.008201724269474298,-0.4827573052567331,0.013542381933318026,-0.22869459067673858,1.5585183489738306,-0.017738612954909527,0.03070878156710144,0.01621271076523989,-0.042153047989623715,0.022697795071335847,0.1245517662317841
1778211050177193848,1778211050184802824,0.010872053101396162,-0.06351567864499863,1.573777370870527,-0.008201724269474298,-0.4827573052567331,0.013542381933318026,-0.22869459067673858,1.5585183489738306,-0.017738612954909527,0.03070878156710144,0.01621271076523989,-0.042153047989623715,0.022697795071335847,0.12417029068436669
1778211050198567139,1778211050204779661,0.010872053101396162,-0.06351567864499863,1.573777370870527,-0.008201724269474298,-0.4827573052567331,0.013542381933318026,-0.22869459067673858,1.5585183489738306,-0.017738612954909527,0.03070878156710144,0.01621271076523989,-0.042153047989623715,0.022697795071335847,0.1245517662317841
1778211050219689076,1778211050224750797,0.010872053101396162,-0.06351567864499863,1.573777370870527,-0.008201724269474298,-0.4827573052567331,0.013542381933318026,-0.22869459067673858,1.5585183489738306,-0.017738612954909527,0.03070878156710144,0.01621271076523989,-0.042153047989623715,0.022697795071335847,0.1245517662317841
1778211050240808964,1778211050244744073,0.010872053101396162,-0.06351567864499863,1.573777370870527,-0.008201724269474298,-0.4827573052567331,0.013542381933318026,-0.22869459067673858,1.5585183489738306,-0.017738612954909527,0.03070878156710144,0.01621271076523989,-0.042153047989623715,0.022697795071335847,0.12417029068436669
1778211050260792846,1778211050264980882,0.010872053101396162,-0.06351567864499863,1.573777370870527,-0.008201724269474298,-0.4827573052567331,0.013542381933318026,-0.22869459067673858,1.5585183489738306,-0.017738612954909527,0.03070878156710144,0.01621271076523989,-0.042153047989623715,0.022697795071335847,0.1245517662317841
1778211050281471494,1778211050284677559,0.010872053101396162,-0.06351567864499863,1.573777370870527,-0.008201724269474298,-0.4827573052567331,0.013542381933318026,-0.22869459067673858,1.5585183489738306,-0.017738612954909527,0.03070878156710144,0.01621271076523989,-0.042153047989623715,0.022697795071335847,0.1245517662317841
1778211050302144458,1778211050304735584,0.010872053101396162,-0.06351567864499863,1.573777370870527,-0.008201724269474298,-0.4827573052567331,0.013542381933318026,-0.22869459067673858,1.5585183489738306,-0.017738612954909527,0.03070878156710144,0.01583123521782248,-0.042153047989623715,0.022697795071335847,0.1245517662317841
1778211050322676688,1778211050324681904,0.010872053101396162,-0.06351567864499863,1.573777370870527,-0.008201724269474298,-0.4827573052567331,0.013542381933318026,-0.22869459067673858,1.5577553978789958,-0.017738612954909527,0.03070878156710144,0.01621271076523989,-0.042153047989623715,0.023079270618753256,0.1245517662317841
1778211050343778603,1778211050344682606,0.010872053101396162,-0.06351567864499863,1.573777370870527,-0.008201724269474298,-0.4827573052567331,0.013160906385900617,-0.22869459067673858,1.5573739223315783,-0.017738612954909527,0.03070878156710144,0.01621271076523989,-0.042153047989623715,0.023079270618753256,0.1245517662317841
1778211050363831318,1778211050364669831,0.010872053101396162,-0.06351567864499863,1.573777370870527,-0.008201724269474298,-0.4827573052567331,0.013542381933318026,-0.22869459067673858,1.5558480201419087,-0.017738612954909527,0.03070878156710144,0.01621271076523989,-0.042153047989623715,0.023079270618753256,0.1245517662317841
1778211050379405710,1778211050384741422,0.010872053101396162,-0.06351567864499863,1.573777370870527,-0.008201724269474298,-0.4827573052567331,0.013542381933318026,-0.229076066224156,1.5550850690470739,-0.017738612954909527,0.03070878156710144,0.01621271076523989,-0.042153047989623715,0.023079270618753256,0.1245517662317841
1778211050385349461,1778211050404793906,0.010872053101396162,-0.06351567864499863,1.573777370870527,-0.008201724269474298,-0.4827573052567331,0.013542381933318026,-0.229076066224156,1.554322117952239,-0.017738612954909527,0.03070878156710144,0.01621271076523989,-0.042153047989623715,0.023079270618753256,0.12417029068436669
1778211050422497737,1778211050424675239,0.010872053101396162,-0.06351567864499863,1.573777370870527,-0.008201724269474298,-0.4827573052567331,0.013160906385900617,-0.229076066224156,1.550507362478065,-0.017738612954909527,0.03070878156710144,0.01621271076523989,-0.042153047989623715,0.023460746166170665,0.1245517662317841
1778211050443617441,1778211050444670352,0.010490577553978753,-0.06351567864499863,1.573777370870527,-0.008201724269474298,-0.4827573052567331,0.013160906385900617,-0.2294575417715734,1.5489814602883953,-0.017738612954909527,0.03147173266193626,0.01621271076523989,-0.042153047989623715,0.023842221713588074,0.1245517662317841
1778211050462880514,1778211050464692610,0.010490577553978753,-0.06351567864499863,1.573777370870527,-0.008201724269474298,-0.4823758297093157,0.013542381933318026,-0.23174639505607786,1.545929655909056,-0.018120088502326936,0.03376058594644071,0.01621271076523989,-0.042153047989623715,0.024223697261005483,0.1245517662317841
1778211050482334288,1778211050484682955,0.010490577553978753,-0.06351567864499863,1.573777370870527,-0.008201724269474298,-0.4823758297093157,0.013160906385900617,-0.23250934615091268,1.5455481803616387,-0.017738612954909527,0.03643091477836258,0.01621271076523989,-0.042153047989623715,0.02536812390325771,0.1245517662317841
1778211050502818921,1778211050504678403,0.010109102006561344,-0.06351567864499863,1.573777370870527,-0.008201724269474298,-0.4819943541618983,0.013160906385900617,-0.23289082169833009,1.5444037537193864,-0.017738612954909527,0.03948271915770185,0.01621271076523989,-0.042153047989623715,0.02651255054550994,0.12417029068436669
1778211050514774778,1778211050524680143,0.010109102006561344,-0.06351567864499863,1.573777370870527,-0.008201724269474298,-0.4819943541618983,0.013160906385900617,-0.23289082169833009,1.544022278171969,-0.018120088502326936,0.04062714579995408,0.01621271076523989,-0.04329747463187594,0.026894026092927348,0.1245517662317841
1778211050542576011,1778211050544711378,0.009346150911726525,-0.06351567864499863,1.573777370870527,-0.007820248722056888,-0.478942549782559,0.013542381933318026,-0.23250934615091268,1.5424963759822994,-0.018120088502326936,0.04482337682154558,0.01621271076523989,-0.04596780346379781,0.026894026092927348,0.1245517662317841
1778211050556402566,1778211050564825054,0.007438773174639479,-0.06351567864499863,1.573777370870527,-0.008201724269474298,-0.4781795986877242,0.013542381933318026,-0.23250934615091268,1.5417334248874646,-0.018120088502326936,0.046730754558632626,0.01621271076523989,-0.047493705653467444,0.028419928282596985,0.1245517662317841
1778211050576627058,1778211050584768953,0.005149919890135024,-0.06351567864499863,1.573777370870527,-0.007820248722056888,-0.4747463187609675,0.013542381933318026,-0.23250934615091268,1.5413519493400472,-0.018120088502326936,0.05054551003280672,0.01621271076523989,-0.04940108339055449,0.03376058594644071,0.12417029068436669
1778211050597160375,1778211050604747235,0.0017166399633783413,-0.06351567864499863,1.573777370870527,-0.007438773174639479,-0.470550087739376,0.013542381933318026,-0.23289082169833009,1.5405889982452123,-0.018120088502326936,0.0539787899595634,0.01621271076523989,-0.052071412222476354,0.03452353704127553,0.12417029068436669
1778211050618121765,1778211050624678993,-0.0013351644159609322,-0.06351567864499863,1.573777370870527,-0.007438773174639479,-0.46864271000228896,0.013160906385900617,-0.23250934615091268,1.5405889982452123,-0.018120088502326936,0.056267643244067855,0.01621271076523989,-0.05550469214923304,0.03452353704127553,0.1245517662317841
1778211050638752357,1778211050644685029,-0.005912870984969842,-0.06313420309758122,1.5733958953231095,-0.007438773174639479,-0.46444647898069746,0.013160906385900617,-0.23250934615091268,1.540207522697795,-0.018120088502326936,0.05931944762340713,0.01621271076523989,-0.05893797207598972,0.03414206149385812,0.12417029068436669
1778211050659345020,1778211050664689750,-0.011253528648813571,-0.0623712520027464,1.5733958953231095,-0.007438773174639479,-0.4625391012436104,0.013160906385900617,-0.23289082169833009,1.5386816205081253,-0.018120088502326936,0.061226825360494175,0.01621271076523989,-0.06198977645532899,0.03452353704127553,0.12417029068436669
1778211050680466985,1778211050684752696,-0.0165941863126573,-0.061226825360494175,1.5733958953231095,-0.007438773174639479,-0.462157625696193,0.013160906385900617,-0.23250934615091268,1.5363927672236208,-0.018120088502326936,0.06351567864499863,0.01621271076523989,-0.06466010528725086,0.03528648813611035,0.1245517662317841
1778211050701321380,1778211050704680609,-0.02117189288166621,-0.06008239871824195,1.5733958953231095,-0.007438773174639479,-0.46025024795910596,0.013160906385900617,-0.23250934615091268,1.5348668650339512,-0.018120088502326936,0.06389715419241604,0.01621271076523989,-0.06733043411917272,0.037193865873197396,0.12417029068436669
1778211050721792121,1778211050724698860,-0.024605172808422893,-0.0581750209811549,1.57186999313344,-0.007438773174639479,-0.45986877241168855,0.013160906385900617,-0.23289082169833009,1.5321965362020293,-0.018120088502326936,0.06466010528725086,0.01621271076523989,-0.06961928740367718,0.037956816968032214,0.12417029068436669
1778211050742240307,1778211050744680561,-0.028038452735179575,-0.056267643244067855,1.5695811398489354,-0.007438773174639479,-0.45986877241168855,0.012779430838483208,-0.23250934615091268,1.5287632562752727,-0.018120088502326936,0.0665674830243379,0.01621271076523989,-0.07190814068818163,0.037956816968032214,0.12417029068436669
1778211050762948235,1778211050764689196,-0.03109025711451885,-0.05474174105439822,1.5669108110170136,-0.007438773174639479,-0.45986877241168855,0.012779430838483208,-0.23250934615091268,1.5264744029907682,-0.018120088502326936,0.06733043411917272,0.01621271076523989,-0.07305256733043386,0.03910124361028444,0.12378881513694928
1778211050783701651,1778211050784678914,-0.033379110399023304,-0.05283436331731117,1.5638590066376743,-0.007438773174639479,-0.45948729686427114,0.012779430838483208,-0.23212787060349527,1.523422598611429,-0.018120088502326936,0.07000076295109459,0.01621271076523989,-0.07381551842526868,0.04024567025253667,0.12378881513694928
1778211050804424916,1778211050804678444,-0.03566796368352776,-0.051308461127641536,1.560807202258335,-0.007438773174639479,-0.45948729686427114,0.012779430838483208,-0.23174639505607786,1.520752269779507,-0.018120088502326936,0.07267109178301645,0.01621271076523989,-0.0745784695201035,0.04100862134737149,0.12378881513694928
1778211050814775982,1778211050824757689,-0.037193865873197396,-0.05092698558022413,1.558899824521248,-0.007438773174639479,-0.45948729686427114,0.012779430838483208,-0.23174639505607786,1.5184634164950026,-0.018120088502326936,0.07343404287785127,0.01621271076523989,-0.0749599450675209,0.0413900968947889,0.12340733958953187
1778211050835789705,1778211050844726156,-0.03833829251544962,-0.0497825589379719,1.5558480201419087,-0.007438773174639479,-0.45948729686427114,0.012779430838483208,-0.23174639505607786,1.5138857099259937,-0.018120088502326936,0.07534142061493831,0.01621271076523989,-0.0749599450675209,0.041771572442206306,0.12302586404211446
1778211050856462651,1778211050864819277,-0.03910124361028444,-0.04825665674830226,1.5520332646677346,-0.007438773174639479,-0.45948729686427114,0.013160906385900617,-0.23136491950866045,1.5081635767147326,-0.018120088502326936,0.07724879835202536,0.01621271076523989,-0.0749599450675209,0.042153047989623715,0.12264438849469705
1778211050876847838,1778211050884856817,-0.03986419470511926,-0.046349279011215216,1.5489814602883953,-0.007438773174639479,-0.45948729686427114,0.013160906385900617,-0.23136491950866045,1.5035858701457236,-0.018120088502326936,0.07763027389944277,0.01621271076523989,-0.0749599450675209,0.042534523537041125,0.12264438849469705
1778211050902573566,1778211050904811987,-0.04062714579995408,-0.04596780346379781,1.5447852292668038,-0.007438773174639479,-0.45948729686427114,0.013160906385900617,-0.23098344396124304,1.49824521248188,-0.017738612954909527,0.08068207827878204,0.01621271076523989,-0.0749599450675209,0.04367895017929335,0.12226291294727964
1778211050920926003,1778211050924802948,-0.04100862134737149,-0.04596780346379781,1.5409704737926297,-0.007438773174639479,-0.45986877241168855,0.012779430838483208,-0.23098344396124304,1.495574883649958,-0.017738612954909527,0.08258945601586909,0.01621271076523989,-0.0749599450675209,0.04825665674830226,0.12226291294727964
1778211050943952953,1778211050944638119,-0.042153047989623715,-0.04596780346379781,1.537537193865873,-0.007438773174639479,-0.45986877241168855,0.012779430838483208,-0.23098344396124304,1.4929045548180362,-0.017738612954909527,0.08564126039520836,0.01621271076523989,-0.0749599450675209,0.05016403448538931,0.12188143739986224
1778211050962534161,1778211050964724045,-0.042915999084458534,-0.04596780346379781,1.5344853894865338,-0.007438773174639479,-0.45986877241168855,0.012779430838483208,-0.23098344396124304,1.4894712748912795,-0.017738612954909527,0.087167162584878,0.01621271076523989,-0.0745784695201035,0.05054551003280672,0.12188143739986224
1778211050976782669,1778211050984808109,-0.042915999084458534,-0.04596780346379781,1.531052109559777,-0.007438773174639479,-0.45986877241168855,0.013160906385900617,-0.23098344396124304,1.4864194705119402,-0.017738612954909527,0.08869306477454764,0.01621271076523989,-0.0745784695201035,0.05321583886472858,0.12188143739986224
1778211050996572092,1778211051004847132,-0.04367895017929335,-0.04596780346379781,1.525329976348516,-0.007820248722056888,-0.46025024795910596,0.012779430838483208,-0.23098344396124304,1.4822232394903487,-0.017357137407492118,0.08907454032196505,0.01621271076523989,-0.0745784695201035,0.05512321660181563,0.12188143739986224
1778211051017559501,1778211051024806181,-0.04520485236896299,-0.04596780346379781,1.5199893186846722,-0.007820248722056888,-0.46025024795910596,0.013160906385900617,-0.23136491950866045,1.4761196307316702,-0.017357137407492118,0.08983749141679986,0.01621271076523989,-0.0745784695201035,0.05741206988632008,0.12188143739986224
1778211051037893962,1778211051044912452,-0.047493705653467444,-0.04596780346379781,1.5146486610208285,-0.007820248722056888,-0.46025024795910596,0.012779430838483208,-0.23098344396124304,1.4700160219729916,-0.017357137407492118,0.0913633936064695,0.01621271076523989,-0.0745784695201035,0.061226825360494175,0.12188143739986224
1778211051058551693,1778211051064772370,-0.05054551003280672,-0.04596780346379781,1.5093080033569848,-0.007820248722056888,-0.46063172350652337,0.013160906385900617,-0.23098344396124304,1.4642938887617305,-0.01697566186007471,0.09174486915388691,0.01621271076523989,-0.0745784695201035,0.061608300907911584,0.12149996185244483
1778211051079676613,1778211051084787428,-0.0539787899595634,-0.04596780346379781,1.503967345693141,-0.007820248722056888,-0.46063172350652337,0.013160906385900617,-0.23098344396124304,1.4585717555504694,-0.01697566186007471,0.09365224689097396,0.01621271076523989,-0.0745784695201035,0.061226825360494175,0.12149996185244483
1778211051099802821,1778211051104764747,-0.056649118791485265,-0.04596780346379781,1.497482261387045,-0.007820248722056888,-0.46063172350652337,0.012779430838483208,-0.23098344396124304,1.4532310978866256,-0.01697566186007471,0.09441519798580877,0.01621271076523989,-0.0745784695201035,0.06198977645532899,0.12149996185244483
1778211051120809953,1778211051124696462,-0.05893797207598972,-0.04596780346379781,1.4906157015335317,-0.007820248722056888,-0.46063172350652337,0.013160906385900617,-0.23098344396124304,1.4475089646753645,-0.01697566186007471,0.09670405127031323,0.01621271076523989,-0.0745784695201035,0.06198977645532899,0.12149996185244483
1778211051141094614,1778211051144869394,-0.06008239871824195,-0.04596780346379781,1.483367666132601,-0.007820248722056888,-0.46063172350652337,0.013160906385900617,-0.23136491950866045,1.4425497825589382,-0.0165941863126573,0.09784847791256546,0.01621271076523989,-0.0745784695201035,0.06389715419241604,0.11997405966277519
1778211051162147944,1778211051164691961,-0.06198977645532899,-0.04596780346379781,1.4761196307316702,-0.007820248722056888,-0.46063172350652337,0.012779430838483208,-0.23136491950866045,1.4383535515373467,-0.01583123521782248,0.10090028229190473,0.01621271076523989,-0.0745784695201035,0.06542305638208568,0.11768520637827073
1778211051182525800,1778211051184728342,-0.06389715419241604,-0.04596780346379781,1.4711604486152439,-0.007820248722056888,-0.46063172350652337,0.013160906385900617,-0.23136491950866045,1.4345387960631726,-0.013923857480735435,0.1035706111238266,0.01621271076523989,-0.0745784695201035,0.06694895857175531,0.11692225528343592
1778211051203086341,1778211051204708902,-0.06542305638208568,-0.04596780346379781,1.4658197909514001,-0.007820248722056888,-0.4610131990539408,0.012779430838483208,-0.23174639505607786,1.430342565041581,-0.01201647974364839,0.10662241550316587,0.01621271076523989,-0.07381551842526868,0.06885633630884236,0.11501487754634887
1778211051223276373,1778211051224678742,-0.06771190966659013,-0.04596780346379781,1.462005035477226,-0.007820248722056888,-0.4613946746013582,0.012779430838483208,-0.23174639505607786,1.4250019073777374,-0.006294346532387252,0.10852979324025291,0.01621271076523989,-0.07228961623559904,0.06923781185625977,0.11425192645151405
1778211051239317147,1778211051244779229,-0.07000076295109459,-0.04596780346379781,1.4589532310978868,-0.007820248722056888,-0.4625391012436104,0.012779430838483208,-0.23174639505607786,1.4208056763561459,-0.005531395437552433,0.11081864652475737,0.01621271076523989,-0.07190814068818163,0.06923781185625977,0.11387045090409664
1778211051263352475,1778211051264722262,-0.07114518959334681,-0.04596780346379781,1.4547570000762953,-0.007820248722056888,-0.46368352788586265,0.012779430838483208,-0.23212787060349527,1.4147020675974673,-0.0013351644159609322,0.112344548714427,0.01621271076523989,-0.0707637140459294,0.06961928740367718,0.11310749980926182
1778211051273888394,1778211051284957188,-0.07267109178301645,-0.04596780346379781,1.4520866712443734,-0.007820248722056888,-0.46368352788586265,0.012779430838483208,-0.23174639505607786,1.4120317387655454,0.0001907377737087046,0.11387045090409664,0.01621271076523989,-0.070382238498512,0.07000076295109459,0.11272602426184442
1778211051295032569,1778211051304854310,-0.07343404287785127,-0.04596780346379781,1.447127489127947,-0.007820248722056888,-0.46406500343328005,0.012779430838483208,-0.23174639505607786,1.4066910811017017,0.0017166399633783413,0.11539635309376628,0.01621271076523989,-0.070382238498512,0.0707637140459294,0.11120012207217478
1778211051314928321,1778211051324734872,-0.07534142061493831,-0.04596780346379781,1.4417868314641034,-0.007820248722056888,-0.46406500343328005,0.013160906385900617,-0.23212787060349527,1.4017318989852754,0.0020981155107957505,0.11730373083085333,0.01621271076523989,-0.06961928740367718,0.07114518959334681,0.11005569542992255
1778211051336144226,1778211051344685609,-0.07610437170977313,-0.04596780346379781,1.436827649347677,-0.007820248722056888,-0.46406500343328005,0.013160906385900617,-0.23212787060349527,1.3971541924162665,0.004768444342717615,0.1203555352101926,0.01621271076523989,-0.06847486076142495,0.07114518959334681,0.10929274433508773
1778211051356346428,1778211051364834366,-0.07839322499427759,-0.04596780346379781,1.4318684672312507,-0.007820248722056888,-0.46444647898069746,0.012779430838483208,-0.23212787060349527,1.3921950102998402,0.005531395437552433,0.12226291294727964,0.01621271076523989,-0.0665674830243379,0.070382238498512,0.10738536659800069
1778211051377360241,1778211051384767182,-0.08106355382619945,-0.04596780346379781,1.4272907606622418,-0.007438773174639479,-0.46711680781261933,0.012397955291065799,-0.23212787060349527,1.3872358281834138,0.007820248722056888,0.12531471732661892,0.01621271076523989,-0.06466010528725086,0.06923781185625977,0.10624093995574846
1778211051397526948,1778211051404790351,-0.08411535820553873,-0.04596780346379781,1.4230945296406503,-0.007438773174639479,-0.46826123445487156,0.012397955291065799,-0.23136491950866045,1.3818951705195701,0.009727626459143934,0.12722209506370596,0.01621271076523989,-0.06351567864499863,0.06809338521400754,0.10471503776607882
1778211051418504139,1778211051424766382,-0.08793011367971282,-0.04596780346379781,1.4192797741664762,-0.007438773174639479,-0.46864271000228896,0.011253528648813571,-0.23098344396124304,1.3776989394979786,0.010490577553978753,0.1287479972533756,0.0165941863126573,-0.06313420309758122,0.06733043411917272,0.10318913557640919
1778211051439409052,1778211051444752449,-0.09174486915388691,-0.04596780346379781,1.416227969787137,-0.007438773174639479,-0.47131303883421083,0.010490577553978753,-0.22640573739223413,1.3754100862134742,0.01201647974364839,0.1325627527275497,0.01621271076523989,-0.06198977645532899,0.06542305638208568,0.10242618448157437
1778211051459501622,1778211051464792822,-0.09594110017547841,-0.04596780346379781,1.4127946898603803,-0.007438773174639479,-0.47169451438162824,0.008964675364309116,-0.22449835965514708,1.3727397573815523,0.01201647974364839,0.13561455710688897,0.0165941863126573,-0.05893797207598972,0.06351567864499863,0.10204470893415696
1778211051480273270,1778211051484730681,-0.10090028229190473,-0.04596780346379781,1.4093614099336236,-0.007438773174639479,-0.47169451438162824,0.00705729762722207,-0.22449835965514708,1.3708323796444652,0.01201647974364839,0.13866636148622824,0.0165941863126573,-0.05741206988632008,0.06313420309758122,0.10090028229190473
1778211051501692241,1778211051504690900,-0.10547798886091364,-0.04596780346379781,1.405165178912032,-0.007438773174639479,-0.47207598992904565,0.005149919890135024,-0.22411688410772967,1.3673990997177086,0.01201647974364839,0.1417181658655675,0.0165941863126573,-0.056267643244067855,0.06351567864499863,0.0997558556496525
1778211051521615322,1778211051524678783,-0.10929274433508773,-0.04596780346379781,1.3998245212481883,-0.007438773174639479,-0.47207598992904565,0.0040054932478827965,-0.22411688410772967,1.363202868696117,0.01201647974364839,0.14362554360265456,0.0165941863126573,-0.05474174105439822,0.06351567864499863,0.0993743801022351
1778211051536940152,1778211051544673527,-0.11158159761959219,-0.04596780346379781,1.3952468146791794,-0.00705729762722207,-0.47207598992904565,0.0024795910582131597,-0.22411688410772967,1.3590066376745256,0.01201647974364839,0.14400701915007197,0.0165941863126573,-0.0539787899595634,0.06351567864499863,0.09899290455481768
1778211051560110862,1778211051564713089,-0.11577782864118369,-0.04596780346379781,1.3902876325627531,-0.00705729762722207,-0.47207598992904565,0.0005722133211261138,-0.22297245746547745,1.3555733577477689,0.012397955291065799,0.14438849469748938,0.0165941863126573,-0.05321583886472858,0.06313420309758122,0.09899290455481768
1778211051572944248,1778211051584739778,-0.11730373083085333,-0.04596780346379781,1.3872358281834138,-0.006294346532387252,-0.47207598992904565,-0.0001907377737087046,-0.22335393301289486,1.3521400778210122,0.012397955291065799,0.1451514457923242,0.0165941863126573,-0.05283436331731117,0.06313420309758122,0.09899290455481768
1778211051603620203,1778211051604673009,-0.12149996185244483,-0.0455863279163804,1.3788433661402308,-0.004768444342717615,-0.47207598992904565,-0.0005722133211261138,-0.22335393301289486,1.3467994201571685,0.014305333028152845,0.14705882352941124,0.0165941863126573,-0.05283436331731117,0.06389715419241604,0.09861142900740028
1778211051613797383,1778211051624694407,-0.12188143739986224,-0.0455863279163804,1.3750286106660567,-0.0040054932478827965,-0.47207598992904565,-0.0005722133211261138,-0.22297245746547745,1.3452735179674988,0.0165941863126573,0.14705882352941124,0.0165941863126573,-0.05283436331731117,0.06351567864499863,0.09861142900740028
1778211051636415276,1778211051644684230,-0.12188143739986224,-0.04482337682154558,1.3654917219806215,-0.003242542153047978,-0.47245746547646306,-0.0005722133211261138,-0.22297245746547745,1.3414587624933247,0.02040894178683139,0.1489662012664983,0.0165941863126573,-0.05283436331731117,0.06504158083466827,0.09861142900740028
1778211051662649248,1778211051664686142,-0.12226291294727964,-0.04329747463187594,1.3525215533684296,-0.003242542153047978,-0.47245746547646306,-0.0005722133211261138,-0.22297245746547745,1.3357366292820636,0.02155336842908362,0.15011062790875052,0.0165941863126573,-0.05283436331731117,0.06771190966659013,0.09822995345998287
1778211051682782463,1778211051684701856,-0.12188143739986224,-0.0413900968947889,1.3437476157778292,-0.003242542153047978,-0.4732204165712979,-0.0005722133211261138,-0.220683604180973,1.3311589227130547,0.02574959945067512,0.15049210345616792,0.01621271076523989,-0.05283436331731117,0.06923781185625977,0.09822995345998287
1778211051702736932,1778211051704681595,-0.12226291294727964,-0.03948271915770185,1.3376440070191506,-0.002861066605630569,-0.47589074540321974,-0.0005722133211261138,-0.22030212863355558,1.3246738384069587,0.028038452735179575,0.15087357900358533,0.0165941863126573,-0.05283436331731117,0.06923781185625977,0.09822995345998287
1778211051712789236,1778211051724772553,-0.12226291294727964,-0.03833829251544962,1.3334477759975591,-0.002861066605630569,-0.47703517204547197,-0.0005722133211261138,-0.22030212863355558,1.321240558480202,0.028038452735179575,0.15087357900358533,0.0165941863126573,-0.05245288776989376,0.07000076295109459,0.09822995345998287
1778211051742638127,1778211051744675087,-0.12226291294727964,-0.03452353704127553,1.3185702296482802,-0.002861066605630569,-0.4831387808041505,-0.0005722133211261138,-0.22030212863355558,1.309033340962845,0.032234683756771076,0.15201800564583756,0.0165941863126573,-0.05016403448538931,0.07724879835202536,0.09784847791256546
1778211051762691040,1778211051764674146,-0.12226291294727964,-0.032234683756771076,1.3078889143205927,-0.002861066605630569,-0.48466468299382015,-0.0005722133211261138,-0.22030212863355558,1.300640878919662,0.03566796368352776,0.15239948119325497,0.0165941863126573,-0.04787518120088485,0.07953765163652982,0.09708552681773064
1778211051772344897,1778211051784740056,-0.12226291294727964,-0.03109025711451885,1.302548256656749,-0.0024795910582131597,-0.487335011825742,-0.000953688868543523,-0.22030212863355558,1.296063172350653,0.03643091477836258,0.15239948119325497,0.0165941863126573,-0.046730754558632626,0.08030060273136463,0.09632257572289582
1778211051795959986,1778211051804683184,-0.12226291294727964,-0.029182879377431803,1.292248416876479,-0.0013351644159609322,-0.48962386511024647,-0.0005722133211261138,-0.21992065308613817,1.2834744792858785,0.03910124361028444,0.15278095674067238,0.0165941863126573,-0.04482337682154558,0.08411535820553873,0.095559624628061
1778211051816903824,1778211051824750202,-0.12264438849469705,-0.027656977187762166,1.281185626001374,-0.0001907377737087046,-0.4903868162050813,-0.0005722133211261138,-0.21953917753872076,1.2720302128633563,0.04062714579995408,0.15278095674067238,0.0165941863126573,-0.042534523537041125,0.087167162584878,0.09517814908064359
1778211051836923803,1778211051844730645,-0.12417029068436669,-0.02651255054550994,1.2693598840314344,0.0001907377737087046,-0.4907682917524987,-0.0005722133211261138,-0.21877622644388595,1.2609674219882514,0.04329747463187594,0.15278095674067238,0.0165941863126573,-0.03948271915770185,0.08754863813229541,0.09441519798580877
1778211051857442474,1778211051864704571,-0.12531471732661892,-0.024986648355840302,1.2582970931563295,0.0001907377737087046,-0.4907682917524987,-0.0005722133211261138,-0.2168688487067989,1.250286106660564,0.04406042572671076,0.1531624322880898,0.0165941863126573,-0.037193865873197396,0.09060044251163468,0.09403372243839137
1778211051883291825,1778211051884679516,-0.12798504615854078,-0.024223697261005483,1.2445639734493028,0.0001907377737087046,-0.4907682917524987,-0.0005722133211261138,-0.2168688487067989,1.2357900358587024,0.046730754558632626,0.15468833447775943,0.0165941863126573,-0.03414206149385812,0.09479667353322618,0.09288929579613914
1778211051892219232,1778211051904792386,-0.1283665217059582,-0.024223697261005483,1.239223315785459,0.0001907377737087046,-0.4907682917524987,-0.0005722133211261138,-0.2168688487067989,1.2331197070267805,0.046349279011215216,0.15468833447775943,0.0165941863126573,-0.032616159304188486,0.09632257572289582,0.09212634470130432
1778211051922250497,1778211051924681109,-0.13218127718013228,-0.024223697261005483,1.2228198672465105,0.0001907377737087046,-0.4907682917524987,-0.0005722133211261138,-0.2168688487067989,1.2159533073929971,0.046730754558632626,0.15468833447775943,0.0165941863126573,-0.029564354924849212,0.10242618448157437,0.0913633936064695
1778211051933097116,1778211051944713636,-0.1333257038223845,-0.023079270618753256,1.2174792095826668,0.0001907377737087046,-0.4911497672999161,-0.0005722133211261138,-0.2168688487067989,1.2098496986343186,0.046730754558632626,0.15468833447775943,0.0165941863126573,-0.028038452735179575,0.10547798886091364,0.0913633936064695
1778211051962642277,1778211051964688452,-0.13561455710688897,-0.0207904173342488,1.1995498588540485,0.0001907377737087046,-0.4999237048905165,-0.0005722133211261138,-0.21763179980163372,1.1923018234531177,0.046730754558632626,0.15506981002517684,0.0165941863126573,-0.024223697261005483,0.11005569542992255,0.0913633936064695
1778211051972379164,1778211051984669593,-0.13599603265430638,-0.020027466239413982,1.19344625009537,0.0001907377737087046,-0.5029755092698558,-0.0005722133211261138,-0.21839475089646854,1.1865796902418566,0.046349279011215216,0.15506981002517684,0.01621271076523989,-0.023460746166170665,0.112344548714427,0.0913633936064695
1778211051996934213,1778211052004755192,-0.13637750820172378,-0.01697566186007471,1.1820019836728477,0.0005722133211261138,-0.5098420691233692,-0.0005722133211261138,-0.220683604180973,1.1732280460822473,0.046349279011215216,0.15506981002517684,0.0165941863126573,-0.02117189288166621,0.11844815747310555,0.0913633936064695
1778211052016936716,1778211052024769708,-0.13637750820172378,-0.015449759670405072,1.1713206683451585,0.0024795910582131597,-0.5102235446707866,-0.0005722133211261138,-0.2210650797283904,1.1614023041123058,0.046349279011215216,0.15545128557259424,0.0165941863126573,-0.018883039597161755,0.12111848630502742,0.09098191805905209
1778211052037868884,1778211052044729315,-0.13637750820172378,-0.010872053101396162,1.1610208285648884,0.0036240177004653873,-0.510605020218204,-0.0005722133211261138,-0.2214465552758078,1.150339513237201,0.046730754558632626,0.15545128557259424,0.0165941863126573,-0.018501564049744346,0.12493324177920151,0.09098191805905209
1778211052062468358,1778211052064733910,-0.1367589837491412,-0.008201724269474298,1.1511024643320358,0.0040054932478827965,-0.5102235446707866,-0.0001907377737087046,-0.2214465552758078,1.1366063935301742,0.046349279011215216,0.15545128557259424,0.0165941863126573,-0.018883039597161755,0.12722209506370596,0.09060044251163468
1778211052083638508,1778211052084693768,-0.13637750820172378,-0.004386968795300206,1.143854428931105,0.0040054932478827965,-0.5102235446707866,-0.0005722133211261138,-0.2214465552758078,1.1282139314869912,0.046349279011215216,0.15545128557259424,0.0165941863126573,-0.018883039597161755,0.12798504615854078,0.09021896696421727
1778211052104155524,1778211052104633263,-0.13637750820172378,-0.0013351644159609322,1.1381322957198439,0.004386968795300206,-0.5102235446707866,-0.0005722133211261138,-0.2214465552758078,1.1194399938963908,0.046349279011215216,0.15621423666742906,0.0165941863126573,-0.018883039597161755,0.1283665217059582,0.08983749141679986
1778211052112168759,1778211052124759796,-0.13637750820172378,-0.0005722133211261138,1.135461966887922,0.004768444342717615,-0.5102235446707866,-0.0005722133211261138,-0.2214465552758078,1.1160067139696341,0.04596780346379781,0.15659571221484647,0.0165941863126573,-0.018883039597161755,0.1283665217059582,0.08983749141679986
1778211052144295963,1778211052144696400,-0.13637750820172378,0.002861066605630569,1.1285954070344086,0.00705729762722207,-0.5109864957656214,-0.0005722133211261138,-0.22297245746547745,1.1053253986419467,0.04596780346379781,0.15888456549935093,0.0165941863126573,-0.018883039597161755,0.13065537499046265,0.08945601586938245
1778211052162204058,1778211052164720228,-0.13637750820172378,0.004768444342717615,1.123254749370565,0.008201724269474298,-0.5121309224078736,-0.0001907377737087046,-0.22640573739223413,1.0996032654306855,0.04596780346379781,0.16041046768902056,0.0165941863126573,-0.018883039597161755,0.13218127718013228,0.08945601586938245
1778211052175036841,1778211052184769934,-0.13637750820172378,0.005531395437552433,1.120584420538643,0.008583199816891707,-0.5128938735027084,-0.0001907377737087046,-0.22640573739223413,1.0942626077668418,0.04596780346379781,0.16041046768902056,0.0165941863126573,-0.018883039597161755,0.1329442282749671,0.08945601586938245
1778211052195616338,1778211052204802017,-0.13637750820172378,0.006675822079804661,1.114862287327382,0.008583199816891707,-0.5128938735027084,-0.0005722133211261138,-0.22755016403448636,1.0866330968184936,0.04596780346379781,0.16041046768902056,0.0165941863126573,-0.018883039597161755,0.13523308155947156,0.08945601586938245
1778211052216023945,1778211052224674684,-0.1367589837491412,0.008583199816891707,1.1095216296635382,0.008583199816891707,-0.5132753490501258,-0.0005722133211261138,-0.22755016403448636,1.0774776836804758,0.04596780346379781,0.16079194323643797,0.0165941863126573,-0.019264515144579164,0.13599603265430638,0.08945601586938245
1778211052237022064,1778211052244685254,-0.1371404592965586,0.010109102006561344,1.1030365453574422,0.010109102006561344,-0.5132753490501258,-0.0005722133211261138,-0.22831311512932118,1.0679407949950406,0.0455863279163804,0.16041046768902056,0.0165941863126573,-0.019264515144579164,0.13561455710688897,0.08945601586938245
1778211052257654297,1778211052264759605,-0.1371404592965586,0.010490577553978753,1.0957885099565114,0.01163500419623098,-0.5136568245975432,-0.0005722133211261138,-0.22869459067673858,1.0576409552147705,0.0455863279163804,0.16079194323643797,0.0165941863126573,-0.019264515144579164,0.13828488593881083,0.08945601586938245
1778211052278085428,1778211052284745308,-0.137521934843976,0.010490577553978753,1.0881589990081633,0.01201647974364839,-0.5148012512397955,-0.0001907377737087046,-0.229076066224156,1.0481040665293353,0.04520485236896299,0.16041046768902056,0.0165941863126573,-0.019264515144579164,0.13866636148622824,0.08983749141679986
1778211052299170409,1778211052304770191,-0.13828488593881083,0.010872053101396162,1.0809109636072325,0.01201647974364839,-0.5170901045242999,-0.0005722133211261138,-0.23022049286640822,1.0389486533913175,0.04520485236896299,0.16079194323643797,0.0165941863126573,-0.019264515144579164,0.13904783703364565,0.08945601586938245
1778211052319827462,1778211052324703759,-0.13904783703364565,0.012397955291065799,1.0736629282063017,0.012397955291065799,-0.5174715800717173,-0.0001907377737087046,-0.23441672388799972,1.0309376668955519,0.04520485236896299,0.16079194323643797,0.0165941863126573,-0.019264515144579164,0.13866636148622824,0.08983749141679986
1778211052340230110,1778211052344748338,-0.13981078812848047,0.013160906385900617,1.0660334172579535,0.013160906385900617,-0.5186160067139696,-0.0001907377737087046,-0.23594262607766936,1.0229266803997863,0.04482337682154558,0.1615548943312728,0.0165941863126573,-0.019264515144579164,0.13904783703364565,0.08983749141679986
1778211052360234327,1778211052364692457,-0.1417181658655675,0.013923857480735435,1.058022430762188,0.013923857480735435,-0.5212863355458914,-0.0001907377737087046,-0.23632410162508677,1.0156786449988555,0.04482337682154558,0.1623178454261076,0.0165941863126573,-0.019264515144579164,0.13904783703364565,0.08983749141679986
1778211052375587804,1778211052384798425,-0.14286259250781974,0.015068284122987663,1.0523002975509268,0.015068284122987663,-0.5243381399252307,-0.0001907377737087046,-0.2370870527199216,1.0103379873350118,0.04444190127412817,0.16308079652094243,0.0165941863126573,-0.019264515144579164,0.13942931258106306,0.08983749141679986
1778211052394065186,1778211052404755797,-0.1451514457923242,0.01621271076523989,1.0446707866025786,0.015449759670405072,-0.5258640421149003,-0.0001907377737087046,-0.24090180819409568,1.0042343785763332,0.04444190127412817,0.16308079652094243,0.0165941863126573,-0.019264515144579164,0.13942931258106306,0.08983749141679986
1778211052417362556,1778211052424758688,-0.14858472571908088,0.018501564049744346,1.036659800106813,0.01583123521782248,-0.5300602731364918,-0.0001907377737087046,-0.24319066147860013,0.9966048676279851,0.04444190127412817,0.16384374761577725,0.0165941863126573,-0.019645990691996573,0.13866636148622824,0.08983749141679986
1778211052438403219,1778211052444718132,-0.15087357900358533,0.02040894178683139,1.0275043869687952,0.01583123521782248,-0.535782406347753,-0.0001907377737087046,-0.24357213702601754,0.9882124055848021,0.04406042572671076,0.16498817425802947,0.0165941863126573,-0.020027466239413982,0.14019226367589788,0.08983749141679986
1778211052459027297,1778211052464691929,-0.1531624322880898,0.022316319523918438,1.0172045471885252,0.01583123521782248,-0.5395971618219271,-0.0001907377737087046,-0.24395361257343495,0.9794384679942016,0.04406042572671076,0.1657511253528643,0.0165941863126573,-0.020027466239413982,0.1413366903181501,0.08983749141679986
1778211052482599520,1778211052484746486,-0.1539253833829246,0.024223697261005483,1.0027084763866636,0.01621271076523989,-0.5430304417486838,-0.0001907377737087046,-0.24395361257343495,0.971427481498436,0.04406042572671076,0.1657511253528643,0.0165941863126573,-0.020027466239413982,0.14248111696040233,0.08983749141679986
1778211052494244916,1778211052504760750,-0.15468833447775943,0.02574959945067512,0.9969863431754025,0.0165941863126573,-0.5434119172961012,-0.0001907377737087046,-0.24433508812085236,0.9672312504768446,0.04406042572671076,0.1665140764476991,0.0165941863126573,-0.020027466239413982,0.14209964141298492,0.08983749141679986
1778211052522487522,1778211052524677381,-0.15583276112001165,0.02994583047226662,0.9813458457312887,0.01697566186007471,-0.5468451972228578,-0.0001907377737087046,-0.24395361257343495,0.9561684596017397,0.04367895017929335,0.16765850308995134,0.0165941863126573,-0.020027466239413982,0.14248111696040233,0.08983749141679986
1778211052535292841,1778211052544683417,-0.15659571221484647,0.03109025711451885,0.9767681391622798,0.017738612954909527,-0.5495155260547797,-0.0001907377737087046,-0.24433508812085236,0.9512092774853134,0.04367895017929335,0.16956588082703838,0.0165941863126573,-0.020027466239413982,0.14286259250781974,0.08983749141679986
1778211052556347963,1778211052564680277,-0.1577401388570987,0.03414206149385812,0.9657053482871749,0.018120088502326936,-0.5514229037918668,-0.0001907377737087046,-0.24471656366826977,0.9435797665369652,0.04367895017929335,0.1703288319218732,0.0165941863126573,-0.020027466239413982,0.1451514457923242,0.08983749141679986
1778211052576813537,1778211052584743725,-0.1581216144045161,0.03643091477836258,0.9557869840543223,0.018883039597161755,-0.5540932326237886,-0.0001907377737087046,-0.24471656366826977,0.935950255588617,0.04367895017929335,0.17185473411154284,0.0165941863126573,-0.020027466239413982,0.14744029907682865,0.08983749141679986
1778211052597142860,1778211052604758420,-0.1581216144045161,0.03871976806286703,0.9454871442740522,0.018883039597161755,-0.5560006103608757,-0.0001907377737087046,-0.24471656366826977,0.9271763179980166,0.04329747463187594,0.17185473411154284,0.0165941863126573,-0.020027466239413982,0.14744029907682865,0.08983749141679986
1778211052618005714,1778211052624696250,-0.1577401388570987,0.042153047989623715,0.9344243533989474,0.018883039597161755,-0.5605783169298846,-0.0001907377737087046,-0.24433508812085236,0.9176394293125814,0.042153047989623715,0.17223620965896025,0.0165941863126573,-0.020027466239413982,0.14820325017166347,0.08983749141679986
1778211052638580324,1778211052644676190,-0.1577401388570987,0.04444190127412817,0.9245059891660947,0.019264515144579164,-0.5621042191195542,-0.0001907377737087046,-0.24433508812085236,0.9096284428168158,0.041771572442206306,0.17223620965896025,0.0165941863126573,-0.020027466239413982,0.1497291523613331,0.09021896696421727
1778211052659205484,1778211052664700700,-0.1577401388570987,0.046730754558632626,0.9142061493858247,0.019264515144579164,-0.5640115968566413,-0.0001907377737087046,-0.24433508812085236,0.9031433585107198,0.03948271915770185,0.17261768520637766,0.0165941863126573,-0.020027466239413982,0.15125505455100274,0.09021896696421727
1778211052679808503,1778211052684746402,-0.1577401388570987,0.04901960784313708,0.902380407415885,0.019264515144579164,-0.5666819256885631,-0.0001907377737087046,-0.24433508812085236,0.8978027008468761,0.037193865873197396,0.1741435873960473,0.01697566186007471,-0.020027466239413982,0.1539253833829246,0.09021896696421727
1778211052702720569,1778211052704674148,-0.1577401388570987,0.05092698558022413,0.8878843366140234,0.019264515144579164,-0.5689707789730676,-0.0001907377737087046,-0.2454795147631046,0.8943694209201194,0.037193865873197396,0.17528801403829952,0.01697566186007471,-0.020027466239413982,0.15621423666742906,0.09060044251163468
1778211052714829518,1778211052724671164,-0.1577401388570987,0.051689936675058945,0.8821622034027623,0.019264515144579164,-0.5689707789730676,-0.0001907377737087046,-0.2454795147631046,0.8916990920881975,0.03528648813611035,0.17605096513313434,0.01697566186007471,-0.020027466239413982,0.1573586633096813,0.09098191805905209
1778211052742160032,1778211052744717517,-0.1581216144045161,0.05359731441214599,0.8649958037689789,0.019264515144579164,-0.569352254520485,-0.0001907377737087046,-0.2462424658579394,0.8836881055924319,0.03490501258869294,0.17681391622796916,0.01697566186007471,-0.02040894178683139,0.15964751659418575,0.0913633936064695
1778211052761268563,1778211052764690935,-0.1581216144045161,0.05474174105439822,0.8558403906309611,0.019264515144579164,-0.569352254520485,-0.0001907377737087046,-0.24662394140535682,0.8798733501182578,0.03452353704127553,0.17719539177538657,0.01697566186007471,-0.02040894178683139,0.16346227206835984,0.09174486915388691
1778211052777760932,1778211052784757696,-0.1581216144045161,0.055886167696650446,0.8466849774929432,0.018883039597161755,-0.569352254520485,-0.0001907377737087046,-0.2462424658579394,0.8737697413595793,0.03452353704127553,0.17719539177538657,0.01697566186007471,-0.02040894178683139,0.16460669871061206,0.09174486915388691
1778211052797993914,1778211052804740408,-0.1581216144045161,0.057030594338902674,0.8348592355230036,0.018883039597161755,-0.5697337300679024,-0.0001907377737087046,-0.2462424658579394,0.8665217059586485,0.032997634851605895,0.17719539177538657,0.01697566186007471,-0.02117189288166621,0.16460669871061206,0.09174486915388691
1778211052808730934,1778211052824676994,-0.1577401388570987,0.0581750209811549,0.8295185778591598,0.019264515144579164,-0.5704966811627372,-0.0001907377737087046,-0.2462424658579394,0.8627069504844744,0.03109025711451885,0.17719539177538657,0.01697566186007471,-0.02193484397650103,0.16460669871061206,0.09174486915388691
1778211052842557104,1778211052844670084,-0.1581216144045161,0.061226825360494175,0.8093003738460371,0.019264515144579164,-0.575837338826581,0.0001907377737087046,-0.24509803921568718,0.8485923552300303,0.02613107499809253,0.17719539177538657,0.01697566186007471,-0.024605172808422893,0.16498817425802947,0.09212634470130432
1778211052861654630,1778211052864670045,-0.1577401388570987,0.06198977645532899,0.8001449607080193,0.018883039597161755,-0.5769817654688332,0.0001907377737087046,-0.24357213702601754,0.8440146486610214,0.024223697261005483,0.17719539177538657,0.01697566186007471,-0.02651255054550994,0.16498817425802947,0.09212634470130432
1778211052882521853,1778211052884704844,-0.1577401388570987,0.06427862973983345,0.7879377431906622,0.018883039597161755,-0.5807965209430073,0.0001907377737087046,-0.24319066147860013,0.8337148088807513,0.022316319523918438,0.17719539177538657,0.01697566186007471,-0.028038452735179575,0.16498817425802947,0.09212634470130432
1778211052894643741,1778211052904758780,-0.1573586633096813,0.06580453192950309,0.7799267566948966,0.018883039597161755,-0.5827038986800943,0.0001907377737087046,-0.24319066147860013,0.8264667734798206,0.0207904173342488,0.17757686732280398,0.017357137407492118,-0.029564354924849212,0.1657511253528643,0.09212634470130432
1778211052915893965,1778211052924681740,-0.1573586633096813,0.06771190966659013,0.7665751125352873,0.018883039597161755,-0.5888075074387746,-0.0001907377737087046,-0.24280918593118272,0.8173113603418027,0.019264515144579164,0.1779583428702214,0.017357137407492118,-0.03147173266193626,0.16880292973220357,0.09212634470130432
1778211052936377155,1778211052944772048,-0.1573586633096813,0.06923781185625977,0.7524605172808432,0.018883039597161755,-0.5930037384603661,-0.0001907377737087046,-0.24280918593118272,0.8073929961089501,0.019264515144579164,0.1779583428702214,0.017738612954909527,-0.033379110399023304,0.17147325856412543,0.09250782024872173
1778211052962598726,1778211052964687897,-0.1573586633096813,0.070382238498512,0.7310978866254683,0.018883039597161755,-0.595674067292288,-0.0001907377737087046,-0.24280918593118272,0.7948043030441756,0.019264515144579164,0.1779583428702214,0.018883039597161755,-0.03528648813611035,0.17261768520637766,0.09250782024872173
1778211052972983915,1778211052984731110,-0.1573586633096813,0.07152666514076422,0.7242313267719549,0.018883039597161755,-0.595674067292288,-0.0001907377737087046,-0.24280918593118272,0.7898451209277493,0.019264515144579164,0.1779583428702214,0.019264515144579164,-0.03604943923094517,0.17223620965896025,0.09288929579613914
1778211052996824126,1778211053004674086,-0.1577401388570987,0.07267109178301645,0.7116426337071804,0.018883039597161755,-0.595674067292288,-0.0001907377737087046,-0.24242771038376532,0.7799267566948966,0.019264515144579164,0.1779583428702214,0.019264515144579164,-0.037193865873197396,0.17223620965896025,0.09288929579613914
1778211053017350632,1778211053024767423,-0.1581216144045161,0.0749599450675209,0.7005798428320755,0.018883039597161755,-0.5960555428397054,0.0001907377737087046,-0.24280918593118272,0.7715342946517136,0.019645990691996573,0.1783398184176388,0.019264515144579164,-0.037956816968032214,0.17185473411154284,0.09288929579613914
1778211053038745514,1778211053044739368,-0.1581216144045161,0.07801174944686018,0.6883726253147184,0.018883039597161755,-0.5991073472190447,-0.0001907377737087046,-0.24280918593118272,0.763523308155948,0.019264515144579164,0.18062867170214325,0.018883039597161755,-0.037956816968032214,0.17223620965896025,0.09327077134355655
1778211053059033930,1778211053064755509,-0.1577401388570987,0.07953765163652982,0.6761654077973613,0.018883039597161755,-0.6036850537880536,-0.0001907377737087046,-0.2416647592889305,0.7562752727550173,0.019264515144579164,0.18062867170214325,0.019264515144579164,-0.037956816968032214,0.17223620965896025,0.09441519798580877
1778211053079583189,1778211053084770127,-0.1573586633096813,0.08144502937361686,0.6651026169222565,0.018883039597161755,-0.6071183337148103,0.0001907377737087046,-0.23823147936217381,0.7486457618066691,0.019645990691996573,0.18177309834439548,0.019264515144579164,-0.037956816968032214,0.17261768520637766,0.095559624628061
1778211053100749079,1778211053104705241,-0.1573586633096813,0.08487830930037354,0.6551842526894038,0.018883039597161755,-0.614366369115741,0.0001907377737087046,-0.2332722972457475,0.7402532997634861,0.019264515144579164,0.1829175249866477,0.019264515144579164,-0.037956816968032214,0.17261768520637766,0.09632257572289582
1778211053121244990,1778211053124689248,-0.1573586633096813,0.087167162584878,0.6464103150988034,0.018883039597161755,-0.6193255512321674,0.0001907377737087046,-0.23098344396124304,0.7310978866254683,0.019264515144579164,0.18329900053406512,0.019264515144579164,-0.037956816968032214,0.17261768520637766,0.09670405127031323
1778211053142488840,1778211053144669652,-0.1573586633096813,0.08945601586938245,0.6349660486762811,0.019264515144579164,-0.6223773556115066,0.0001907377737087046,-0.22640573739223413,0.7223239490348679,0.018883039597161755,0.18368047608148252,0.019264515144579164,-0.037193865873197396,0.17261768520637766,0.09670405127031323
1778211053161345971,1778211053164692973,-0.1573586633096813,0.0913633936064695,0.6277180132753504,0.020027466239413982,-0.6261921110856807,-0.0001907377737087046,-0.22259098191806004,0.7139314869916848,0.018120088502326936,0.18406195162889993,0.019264515144579164,-0.03566796368352776,0.17223620965896025,0.09670405127031323
1778211053172779164,1778211053184763334,-0.15659571221484647,0.09403372243839137,0.6200885023270022,0.020027466239413982,-0.6300068665598548,-0.0001907377737087046,-0.22030212863355558,0.7093537804226759,0.017357137407492118,0.18444342717631734,0.019264515144579164,-0.03452353704127553,0.17223620965896025,0.09670405127031323
1778211053199976290,1778211053204705056,-0.15506981002517684,0.09746700236514805,0.6074998092622277,0.022316319523918438,-0.6338216220340289,0.0001907377737087046,-0.21763179980163372,0.7009613183794929,0.01583123521782248,0.1863508049134044,0.019645990691996573,-0.03070878156710144,0.17223620965896025,0.09670405127031323
1778211053215280096,1778211053224874100,-0.15468833447775943,0.10013733119706991,0.5998702983138795,0.023079270618753256,-0.6380178530556204,0.0001907377737087046,-0.21496147096971185,0.6960021362630666,0.01583123521782248,0.1863508049134044,0.019645990691996573,-0.029182879377431803,0.17261768520637766,0.09708552681773064
1778211053243248123,1778211053244698883,-0.15468833447775943,0.10433356221866141,0.5880445563439398,0.023079270618753256,-0.6410696574349597,-0.0001907377737087046,-0.21076523994812035,0.6834134431982921,0.01583123521782248,0.1867322804608218,0.019645990691996573,-0.024986648355840302,0.17261768520637766,0.09708552681773064
1778211053262869003,1778211053264691938,-0.15506981002517684,0.10662241550316587,0.5800335698481742,0.023079270618753256,-0.6445029373617164,-0.0001907377737087046,-0.20542458228427662,0.6754024567025265,0.01583123521782248,0.18863965819790884,0.019645990691996573,-0.023079270618753256,0.17261768520637766,0.09746700236514805
1778211053282730566,1778211053284691854,-0.15506981002517684,0.1077668421454181,0.5720225833524086,0.023079270618753256,-0.6479362172884731,-0.0001907377737087046,-0.203898680094607,0.6662470435645087,0.01583123521782248,0.18825818265049143,0.020027466239413982,-0.020027466239413982,0.17223620965896025,0.09746700236514805
1778211053292582957,1778211053304733006,-0.15545128557259424,0.10891126878767032,0.5682078278782345,0.023842221713588074,-0.6483176928358905,-0.0001907377737087046,-0.20351720454718958,0.6620508125429172,0.01583123521782248,0.18863965819790884,0.020027466239413982,-0.018501564049744346,0.17223620965896025,0.09746700236514805
1778211053315698904,1778211053324679273,-0.15545128557259424,0.11120012207217478,0.5613412680247212,0.023842221713588074,-0.6513694972152297,-0.0001907377737087046,-0.2000839246204329,0.6517509727626472,0.01583123521782248,0.18863965819790884,0.020027466239413982,-0.01697566186007471,0.17147325856412543,0.09746700236514805
1778211053335790119,1778211053344703177,-0.15545128557259424,0.1119630731670096,0.5552376592660426,0.023842221713588074,-0.6555657282368212,0.0001907377737087046,-0.19741359578851103,0.6425955596246293,0.01583123521782248,0.18863965819790884,0.020027466239413982,-0.015068284122987663,0.16918440527962098,0.09746700236514805
1778211053362961136,1778211053364679957,-0.15545128557259424,0.11348897535667923,0.5479896238651119,0.024986648355840302,-0.6570916304264909,0.0001907377737087046,-0.1958876935988414,0.6303883421072722,0.01583123521782248,0.18825818265049143,0.020027466239413982,-0.012397955291065799,0.16422522316319466,0.09746700236514805
1778211053372574160,1778211053384771869,-0.15545128557259424,0.11425192645151405,0.5468451972228596,0.02613107499809253,-0.6589990081635779,0.0001907377737087046,-0.1951247425040048,0.6254291599908459,0.015449759670405072,0.18825818265049143,0.020027466239413982,-0.011253528648813571,0.16269932097352502,0.09746700236514805
1778211053403623738,1778211053404673738,-0.15545128557259424,0.11806668192568814,0.5392156862745114,0.026894026092927348,-0.6612878614480824,-0.0001907377737087046,-0.18749523155565662,0.6136034180209062,0.013923857480735435,0.18863965819790884,0.020027466239413982,-0.00705729762722207,0.15964751659418575,0.09746700236514805
1778211053412585365,1778211053424751242,-0.15545128557259424,0.11844815747310555,0.5365453574425896,0.027656977187762166,-0.6631952391851694,-0.0001907377737087046,-0.18520637827115216,0.6094071869993147,0.01163500419623098,0.18863965819790884,0.020027466239413982,-0.006675822079804661,0.1573586633096813,0.09746700236514805
1778211053436004232,1778211053444769313,-0.15545128557259424,0.12188143739986224,0.5315861753261633,0.028038452735179575,-0.6654840924696739,-0.0001907377737087046,-0.18101014724956066,0.5994888227664621,0.009346150911726525,0.18863965819790884,0.02040894178683139,-0.004386968795300206,0.15163653009842015,0.09746700236514805
1778211053456659830,1778211053464846577,-0.15506981002517684,0.12531471732661892,0.5266269932097369,0.03032730601968403,-0.6662470435645087,-0.0001907377737087046,-0.17719539177538657,0.5903334096284443,0.007820248722056888,0.18863965819790884,0.02040894178683139,-0.002861066605630569,0.14820325017166347,0.09708552681773064
1778211053477218907,1778211053484837693,-0.15506981002517684,0.1283665217059582,0.520141908903641,0.03109025711451885,-0.6666285191119261,-0.0001907377737087046,-0.17338063630121248,0.580796520943009,0.007820248722056888,0.18863965819790884,0.02155336842908362,-0.0013351644159609322,0.14667734798199383,0.09670405127031323
1778211053497722049,1778211053504774958,-0.15506981002517684,0.13103685053788006,0.5132753490501276,0.03452353704127553,-0.6670099946593435,-0.0001907377737087046,-0.17147325856412543,0.5720225833524086,0.007438773174639479,0.18863965819790884,0.022697795071335847,-0.000953688868543523,0.1451514457923242,0.09708552681773064
1778211053518366174,1778211053524766336,-0.15545128557259424,0.13447013046463674,0.5067902647440317,0.03490501258869294,-0.6673914702067609,0.0001907377737087046,-0.1707103074692906,0.5632486457618082,0.007438773174639479,0.18863965819790884,0.024605172808422893,-0.000953688868543523,0.14286259250781974,0.09632257572289582
1778211053538823832,1778211053544782455,-0.15545128557259424,0.1371404592965586,0.5006866559853531,0.03566796368352776,-0.6685358968490132,0.0001907377737087046,-0.16536964980544688,0.55561913481346,0.00705729762722207,0.18863965819790884,0.02613107499809253,-0.000953688868543523,0.13866636148622824,0.09594110017547841
1778211053559346729,1778211053564829408,-0.15545128557259424,0.13981078812848047,0.49458304722667457,0.037193865873197396,-0.6704432745861002,-0.0001907377737087046,-0.16117341878385538,0.5487525749599467,0.006294346532387252,0.18902113374532625,0.028419928282596985,-0.000953688868543523,0.13485160601205415,0.095559624628061
1778211053580145816,1778211053584734990,-0.15621423666742906,0.1413366903181501,0.48886091401541343,0.03871976806286703,-0.6704432745861002,0.0001907377737087046,-0.16002899214160315,0.5411230640115985,0.005912870984969842,0.18902113374532625,0.03070878156710144,-0.0001907377737087046,0.1325627527275497,0.09517814908064359
1778211053599943615,1778211053604773153,-0.1573586633096813,0.1413366903181501,0.4835202563515697,0.042153047989623715,-0.6704432745861002,-0.0001907377737087046,-0.1573586633096813,0.5331120775158329,0.004768444342717615,0.18863965819790884,0.032997634851605895,-0.0001907377737087046,0.12798504615854078,0.09441519798580877
1778211053620540681,1778211053624675469,-0.1581216144045161,0.1413366903181501,0.4793240253299782,0.042915999084458534,-0.6704432745861002,-0.0001907377737087046,-0.15201800564583756,0.5258640421149021,0.0040054932478827965,0.18863965819790884,0.03490501258869294,-0.0001907377737087046,0.12531471732661892,0.09174486915388691
1778211053632229450,1778211053644680535,-0.1581216144045161,0.1413366903181501,0.4762722209506389,0.047112230106050035,-0.6700617990386828,0.0001907377737087046,-0.14820325017166347,0.5224307621881454,0.004386968795300206,0.18863965819790884,0.03566796368352776,-0.0001907377737087046,0.12340733958953187,0.09060044251163468
1778211053662728569,1778211053664715148,-0.15850308995193352,0.1413366903181501,0.4713130388342126,0.05054551003280672,-0.6704432745861002,-0.0001907377737087046,-0.1447699702449068,0.5132753490501276,0.004386968795300206,0.18863965819790884,0.037193865873197396,-0.0001907377737087046,0.11539635309376628,0.08793011367971282
1778211053672540984,1778211053684770049,-0.15850308995193352,0.1413366903181501,0.46902418554970815,0.0539787899595634,-0.6704432745861002,-0.0001907377737087046,-0.14362554360265456,0.5098420691233709,0.004386968795300206,0.18902113374532625,0.037956816968032214,-0.0001907377737087046,0.112344548714427,0.08754863813229541
1778211053695798119,1778211053704768221,-0.15850308995193352,0.1413366903181501,0.4636835278858644,0.05359731441214599,-0.6704432745861002,-0.0001907377737087046,-0.13790341039139342,0.5014496070801879,0.004768444342717615,0.18902113374532625,0.03871976806286703,-0.0001907377737087046,0.10700389105058328,0.08487830930037354
1778211053715934166,1778211053724695903,-0.15850308995193352,0.1409552147707327,0.4591058213168555,0.056267643244067855,-0.6704432745861002,-0.0001907377737087046,-0.129129472800793,0.49420157167925716,0.004768444342717615,0.18863965819790884,0.03871976806286703,-0.0001907377737087046,0.10242618448157437,0.0829709315632865
1778211053742705986,1778211053744690561,-0.1581216144045161,0.1413366903181501,0.45223926146334215,0.057030594338902674,-0.6704432745861002,-0.0001907377737087046,-0.12111848630502742,0.48542763408865675,0.005149919890135024,0.18863965819790884,0.03871976806286703,-0.0001907377737087046,0.09517814908064359,0.0791561760891124
1778211053756221865,1778211053764714651,-0.1581216144045161,0.1409552147707327,0.4495689326314203,0.057030594338902674,-0.6704432745861002,-0.0001907377737087046,-0.11806668192568814,0.48123140306706524,0.005149919890135024,0.18863965819790884,0.03871976806286703,-0.0001907377737087046,0.09060044251163468,0.07648584725719054
1778211053777520564,1778211053784703804,-0.1581216144045161,0.1409552147707327,0.44384679942015914,0.05741206988632008,-0.6700617990386828,-0.0001907377737087046,-0.11425192645151405,0.4743648432135519,0.005149919890135024,0.18902113374532625,0.03871976806286703,-0.0001907377737087046,0.08564126039520836,0.07572289616235572
1778211053798222514,1778211053804714617,-0.1581216144045161,0.1409552147707327,0.4373617151140632,0.05893797207598972,-0.6700617990386828,-0.0001907377737087046,-0.10929274433508773,0.46864271000229074,0.005149919890135024,0.18902113374532625,0.03871976806286703,-0.0001907377737087046,0.0829709315632865,0.07343404287785127
1778211053818012902,1778211053824818966,-0.1581216144045161,0.1409552147707327,0.4304951552605498,0.060463874265659356,-0.6696803234912654,-0.0001907377737087046,-0.10585946440833105,0.4629205767910296,0.005149919890135024,0.18902113374532625,0.03871976806286703,-0.0001907377737087046,0.08030060273136463,0.07228961623559904
1778211053839245850,1778211053844725530,-0.1581216144045161,0.1409552147707327,0.42286564431220164,0.061226825360494175,-0.6696803234912654,-0.0001907377737087046,-0.10280766002899178,0.4583428702220207,0.006294346532387252,0.18902113374532625,0.03871976806286703,-0.0001907377737087046,0.0749599450675209,0.070382238498512
1778211053859324818,1778211053864694376,-0.1581216144045161,0.1409552147707327,0.41523613336385345,0.061608300907911584,-0.6696803234912654,-0.0001907377737087046,-0.09746700236514805,0.454909590295264,0.008583199816891707,0.18902113374532625,0.03871976806286703,-0.0001907377737087046,0.07000076295109459,0.06961928740367718
1778211053882220999,1778211053884916493,-0.15850308995193352,0.1409552147707327,0.40646219577325304,0.06351567864499863,-0.6673914702067609,-0.0001907377737087046,-0.09250782024872173,0.4510948348210899,0.010109102006561344,0.18978408484016107,0.03871976806286703,-0.0001907377737087046,0.06923781185625977,0.06885633630884236
1778211053895606850,1778211053904770061,-0.15926604104676834,0.1409552147707327,0.40302891584649636,0.06351567864499863,-0.6658655680170913,0.0001907377737087046,-0.09250782024872173,0.4495689326314203,0.012397955291065799,0.18940260929274366,0.03871976806286703,-0.0001907377737087046,0.06733043411917272,0.06885633630884236
1778211053915657000,1778211053924774005,-0.16117341878385538,0.1409552147707327,0.3973067826352352,0.06466010528725086,-0.6639581902800042,0.0001907377737087046,-0.09212634470130432,0.4468986037994984,0.013542381933318026,0.1905470359349959,0.03871976806286703,-0.0001907377737087046,0.06580453192950309,0.06885633630884236
1778211053936804398,1778211053944706846,-0.16308079652094243,0.1409552147707327,0.3927290760662263,0.06466010528725086,-0.6605249103532476,0.0001907377737087046,-0.08678568703746059,0.44346532387274173,0.017738612954909527,0.1909285114824133,0.03833829251544962,-0.0001907377737087046,0.06351567864499863,0.06885633630884236
1778211053962608144,1778211053964674176,-0.16384374761577725,0.1409552147707327,0.3858625162127094,0.06885633630884236,-0.6532768749523168,0.0001907377737087046,-0.07839322499427759,0.43926909285115023,0.02040894178683139,0.1905470359349959,0.03871976806286703,-0.0001907377737087046,0.05741206988632008,0.06847486076142495
1778211053975967966,1778211053984719880,-0.16422522316319466,0.1409552147707327,0.3812848096437005,0.070382238498512,-0.6494621194781427,0.0001907377737087046,-0.0749599450675209,0.4369802395666458,0.02040894178683139,0.1905470359349959,0.03871976806286703,-0.0001907377737087046,0.05283436331731117,0.06809338521400754
1778211053997404198,1778211054004800405,-0.16422522316319466,0.1409552147707327,0.3740367742427697,0.07305256733043386,-0.646028839551386,0.0001907377737087046,-0.07305256733043386,0.4339284351873065,0.02117189288166621,0.1905470359349959,0.03871976806286703,-0.0001907377737087046,0.04367895017929335,0.06504158083466827
1778211054017003413,1778211054024776321,-0.16384374761577725,0.14057373922331529,0.3660257877470041,0.07534142061493831,-0.6437399862668816,0.0001907377737087046,-0.07000076295109459,0.4289692530708802,0.022316319523918438,0.1905470359349959,0.03871976806286703,-0.0001907377737087046,0.03643091477836258,0.06275272755016381
1778211054038279196,1778211054044723113,-0.16384374761577725,0.13904783703364565,0.3576333257038211,0.07610437170977313,-0.6433585107194641,0.0001907377737087046,-0.06733043411917272,0.42324711985961905,0.02574959945067512,0.1905470359349959,0.03871976806286703,-0.0001907377737087046,0.033379110399023304,0.061608300907911584
1778211054058734107,1778211054064680413,-0.16384374761577725,0.13790341039139342,0.35000381475547293,0.07763027389944277,-0.6429770351720467,0.0001907377737087046,-0.06694895857175531,0.4175249866483579,0.027656977187762166,0.1905470359349959,0.03871976806286703,-0.0001907377737087046,0.02994583047226662,0.061226825360494175
1778211054082775378,1778211054084700488,-0.16384374761577725,0.13790341039139342,0.3408484016174551,0.078774700541695,-0.6433585107194641,0.0001907377737087046,-0.0661860074769205,0.4121843289845142,0.029182879377431803,0.1905470359349959,0.03833829251544962,-0.0001907377737087046,0.018883039597161755,0.0581750209811549
1778211054103912614,1778211054104686485,-0.16384374761577725,0.13790341039139342,0.33398184176394174,0.0791561760891124,-0.6429770351720467,0.0001907377737087046,-0.0661860074769205,0.40722514686808786,0.03109025711451885,0.1909285114824133,0.03833829251544962,-0.0001907377737087046,0.014305333028152845,0.055886167696650446
1778211054122204382,1778211054124681974,-0.16422522316319466,0.13790341039139342,0.3271152819104284,0.0791561760891124,-0.6425955596246293,0.0001907377737087046,-0.06580453192950309,0.40264744029907895,0.03147173266193626,0.1913099870298307,0.03833829251544962,-0.0001907377737087046,0.014305333028152845,0.0539787899595634
1778211054135058203,1778211054144819155,-0.16422522316319466,0.13790341039139342,0.3240634775310891,0.0791561760891124,-0.6406881818875423,0.0001907377737087046,-0.06504158083466827,0.4003585870145745,0.03185320820935367,0.1913099870298307,0.03833829251544962,-0.0001907377737087046,0.013160906385900617,0.05321583886472858
1778211054156274850,1778211054164727504,-0.16422522316319466,0.13790341039139342,0.31834134431982797,0.0791561760891124,-0.6383993286030378,0.0001907377737087046,-0.060463874265659356,0.3965438315404004,0.03185320820935367,0.1913099870298307,0.03871976806286703,-0.0001907377737087046,0.004768444342717615,0.05054551003280672
1778211054177030035,1778211054184797051,-0.16422522316319466,0.13790341039139342,0.31300068665598424,0.0791561760891124,-0.635728999771116,0.0001907377737087046,-0.05321583886472858,0.39463645380331336,0.03147173266193626,0.1913099870298307,0.03871976806286703,-0.0001907377737087046,-0.005531395437552433,0.0497825589379719
1778211054197210160,1778211054204722850,-0.16422522316319466,0.13790341039139342,0.30842298008697533,0.0791561760891124,-0.6326771953917767,0.0005722133211261138,-0.047112230106050035,0.39425497825589595,0.03147173266193626,0.19169146257724812,0.03871976806286703,-0.0001907377737087046,-0.011253528648813571,0.0497825589379719
1778211054217516873,1778211054224729993,-0.16422522316319466,0.13790341039139342,0.303463797970549,0.0791561760891124,-0.6269550621805156,0.000953688868543523,-0.047112230106050035,0.39425497825589595,0.03147173266193626,0.19207293812466553,0.03871976806286703,-0.0001907377737087046,-0.012397955291065799,0.0497825589379719
1778211054238407425,1778211054244679499,-0.16422522316319466,0.13790341039139342,0.2996490424963749,0.0791561760891124,-0.6204699778744196,0.0020981155107957505,-0.041771572442206306,0.39425497825589595,0.03109025711451885,0.19207293812466553,0.03833829251544962,-0.0001907377737087046,-0.01621271076523989,0.05016403448538931
1778211054258282381,1778211054264795714,-0.16384374761577725,0.13790341039139342,0.29659723811703564,0.078774700541695,-0.6155107957579933,0.0024795910582131597,-0.037956816968032214,0.39425497825589595,0.03070878156710144,0.19207293812466553,0.03833829251544962,-0.0001907377737087046,-0.024986648355840302,0.0497825589379719
1778211054278660010,1778211054284794431,-0.16384374761577725,0.13790341039139342,0.2946898603799486,0.078774700541695,-0.6101701380941496,0.002861066605630569,-0.03032730601968403,0.39425497825589595,0.03070878156710144,0.19207293812466553,0.03871976806286703,-0.0001907377737087046,-0.032616159304188486,0.0497825589379719
1778211054299905442,1778211054304689458,-0.16422522316319466,0.13790341039139342,0.2939269092851138,0.078774700541695,-0.604066529335471,0.002861066605630569,-0.02613107499809253,0.39425497825589595,0.02994583047226662,0.19207293812466553,0.03833829251544962,-0.0005722133211261138,-0.037575341420614805,0.0497825589379719
1778211054320542669,1778211054324702539,-0.16422522316319466,0.13790341039139342,0.2939269092851138,0.078774700541695,-0.595674067292288,0.002861066605630569,-0.019645990691996573,0.39425497825589595,0.029564354924849212,0.19207293812466553,0.03871976806286703,-0.0005722133211261138,-0.04367895017929335,0.0497825589379719
1778211054335732766,1778211054344730960,-0.16422522316319466,0.1371404592965586,0.2939269092851138,0.078774700541695,-0.5888075074387746,0.002861066605630569,-0.01201647974364839,0.39425497825589595,0.029182879377431803,0.19207293812466553,0.03871976806286703,-0.0020981155107957505,-0.04940108339055449,0.0497825589379719
1778211054359348079,1778211054364679833,-0.16422522316319466,0.13370717936980192,0.2939269092851138,0.07839322499427759,-0.5807965209430073,0.003242542153047978,-0.003242542153047978,0.39349202716106113,0.028038452735179575,0.19245441367208294,0.03871976806286703,-0.005149919890135024,-0.05474174105439822,0.0497825589379719
1778211054380167505,1778211054384751610,-0.16422522316319466,0.1287479972533756,0.2939269092851138,0.07839322499427759,-0.5727855344472417,0.005531395437552433,-0.002861066605630569,0.3912031738765567,0.028038452735179575,0.19321736476691775,0.03871976806286703,-0.008583199816891707,-0.057030594338902674,0.0497825589379719
1778211054400174361,1778211054404683434,-0.16384374761577725,0.12569619287403633,0.2939269092851138,0.07839322499427759,-0.5655374990463109,0.005531395437552433,-0.0024795910582131597,0.39082169832913927,0.028419928282596985,0.19398031586175257,0.03871976806286703,-0.01163500419623098,-0.05779354543373749,0.0497825589379719
1778211054420956666,1778211054424686580,-0.16384374761577725,0.12188143739986224,0.2943083848325312,0.07839322499427759,-0.5605783169298846,0.005531395437552433,0.003242542153047978,0.3904402227817183,0.028419928282596985,0.1947432669565874,0.03871976806286703,-0.015068284122987663,-0.061226825360494175,0.0497825589379719
1778211054442048724,1778211054444719626,-0.16346227206835984,0.11844815747310555,0.2939269092851138,0.07763027389944277,-0.5586709391927975,0.005531395437552433,0.004768444342717615,0.3904402227817183,0.028801403830014394,0.19703212024109185,0.03871976806286703,-0.01697566186007471,-0.06694895857175531,0.05016403448538931
1778211054462641416,1778211054464672775,-0.16346227206835984,0.11501487754634887,0.2939269092851138,0.0749599450675209,-0.5563820859082931,0.005531395437552433,0.005149919890135024,0.38891432059204867,0.029564354924849212,0.19855802243076148,0.03871976806286703,-0.020027466239413982,-0.0707637140459294,0.05016403448538931
1778211054483307268,1778211054484678239,-0.16346227206835984,0.1119630731670096,0.29240100709544414,0.07343404287785127,-0.5560006103608757,0.005531395437552433,0.008201724269474298,0.3870069428549616,0.03109025711451885,0.20008392462043112,0.03871976806286703,-0.022697795071335847,-0.07305256733043386,0.05016403448538931
1778211054493723290,1778211054504701289,-0.16346227206835984,0.11081864652475737,0.2908751049057745,0.07190814068818163,-0.5560006103608757,0.005531395437552433,0.010109102006561344,0.3858625162127094,0.03147173266193626,0.20008392462043112,0.03871976806286703,-0.023842221713588074,-0.0749599450675209,0.05016403448538931
1778211054514717094,1778211054524806989,-0.16346227206835984,0.1081483176928355,0.2870603494316004,0.07152666514076422,-0.5556191348134583,0.005531395437552433,0.01583123521782248,0.38395513847562235,0.03185320820935367,0.20199130235751817,0.03871976806286703,-0.02651255054550994,-0.07648584725719054,0.05016403448538931
1778211054535296567,1778211054544810552,-0.16346227206835984,0.10624093995574846,0.28400854505226114,0.07114518959334681,-0.5533302815289538,0.005149919890135024,0.01697566186007471,0.38395513847562235,0.032997634851605895,0.20275425345235298,0.03871976806286703,-0.028038452735179575,-0.07991912718394723,0.05016403448538931
1778211054555128293,1778211054564832787,-0.16346227206835984,0.10433356221866141,0.2813382162203393,0.0707637140459294,-0.5506599526970319,0.005149919890135024,0.02040894178683139,0.38395513847562235,0.03528648813611035,0.20504310673685744,0.03871976806286703,-0.029182879377431803,-0.08487830930037354,0.05016403448538931
1778211054575665994,1778211054584741211,-0.16384374761577725,0.10242618448157437,0.2790493629358348,0.070382238498512,-0.5491340505073623,0.005149919890135024,0.024223697261005483,0.38395513847562235,0.03528648813611035,0.20580605783169226,0.03871976806286703,-0.02994583047226662,-0.08869306477454764,0.05016403448538931
1778211054595795764,1778211054604685140,-0.16460669871061206,0.10051880674448732,0.2790493629358348,0.070382238498512,-0.5483710994125275,0.005531395437552433,0.027656977187762166,0.38395513847562235,0.03566796368352776,0.2073319600213619,0.03833829251544962,-0.03109025711451885,-0.0913633936064695,0.0497825589379719
1778211054617126114,1778211054624746217,-0.16536964980544688,0.09784847791256546,0.2786678873884174,0.06961928740367718,-0.5483710994125275,0.005531395437552433,0.028038452735179575,0.38395513847562235,0.03566796368352776,0.2080949111161967,0.03871976806286703,-0.03185320820935367,-0.09174486915388691,0.0497825589379719
1778211054637694893,1778211054644719114,-0.1657511253528643,0.09632257572289582,0.2771419851987478,0.06771190966659013,-0.5476081483176927,0.005531395437552433,0.028038452735179575,0.38395513847562235,0.03604943923094517,0.20847638666361412,0.03871976806286703,-0.03185320820935367,-0.0913633936064695,0.0497825589379719
1778211054658165569,1778211054664744487,-0.1657511253528643,0.095559624628061,0.27637903410391296,0.06694895857175531,-0.5445563439383534,0.005531395437552433,0.03032730601968403,0.38319218738078753,0.037575341420614805,0.20847638666361412,0.03871976806286703,-0.03185320820935367,-0.09174486915388691,0.0497825589379719
1778211054678603121,1778211054684752456,-0.1661326009002817,0.09441519798580877,0.27637903410391296,0.0661860074769205,-0.5407415884641793,0.005531395437552433,0.03147173266193626,0.3824292362859527,0.03910124361028444,0.2080949111161967,0.03871976806286703,-0.032616159304188486,-0.09327077134355655,0.0497825589379719
1778211054703522706,1778211054704672194,-0.1661326009002817,0.09327077134355655,0.27637903410391296,0.06351567864499863,-0.53768978408484,0.005531395437552433,0.03528648813611035,0.3820477607385353,0.03910124361028444,0.2080949111161967,0.03871976806286703,-0.03528648813611035,-0.095559624628061,0.0497825589379719
1778211054720250201,1778211054724702049,-0.1661326009002817,0.09250782024872173,0.27637903410391296,0.061608300907911584,-0.5365453574425878,0.005531395437552433,0.03604943923094517,0.3820477607385353,0.03910124361028444,0.2080949111161967,0.03871976806286703,-0.03643091477836258,-0.095559624628061,0.0497825589379719
1778211054742544072,1778211054744688701,-0.1657511253528643,0.09212634470130432,0.27637903410391296,0.05970092317082454,-0.5334935530632485,0.005531395437552433,0.037575341420614805,0.3824292362859527,0.03948271915770185,0.2080949111161967,0.03871976806286703,-0.03948271915770185,-0.09784847791256546,0.0497825589379719
1778211054763441280,1778211054764672620,-0.1657511253528643,0.09212634470130432,0.27637903410391296,0.05970092317082454,-0.5312046997787441,0.005531395437552433,0.037956816968032214,0.3824292362859527,0.03948271915770185,0.2080949111161967,0.03833829251544962,-0.04100862134737149,-0.09822995345998287,0.0497825589379719
1778211054783696225,1778211054784673492,-0.1657511253528643,0.09212634470130432,0.27637903410391296,0.05970092317082454,-0.5300602731364918,0.005531395437552433,0.03833829251544962,0.3824292362859527,0.03948271915770185,0.2080949111161967,0.03871976806286703,-0.042534523537041125,-0.09822995345998287,0.0497825589379719
1778211054802331282,1778211054804685722,-0.1657511253528643,0.09212634470130432,0.27637903410391296,0.05970092317082454,-0.5296787975890744,0.005531395437552433,0.03833829251544962,0.3824292362859527,0.03948271915770185,0.2080949111161967,0.03871976806286703,-0.04406042572671076,-0.09822995345998287,0.0497825589379719
1778211054814543360,1778211054824825250,-0.1657511253528643,0.09212634470130432,0.27637903410391296,0.05931944762340713,-0.529297322041657,0.005531395437552433,0.03871976806286703,0.3824292362859527,0.03948271915770185,0.2080949111161967,0.03871976806286703,-0.04520485236896299,-0.09822995345998287,0.0497825589379719
1778211054843162509,1778211054844673247,-0.1661326009002817,0.09212634470130432,0.27637903410391296,0.05931944762340713,-0.5289158464942396,0.005531395437552433,0.03948271915770185,0.3824292362859527,0.03948271915770185,0.2080949111161967,0.03871976806286703,-0.04863813229571967,-0.09822995345998287,0.0497825589379719
1778211054856153799,1778211054864842192,-0.1661326009002817,0.09212634470130432,0.27637903410391296,0.05931944762340713,-0.52738994430457,0.005531395437552433,0.04024567025253667,0.3824292362859527,0.03948271915770185,0.2080949111161967,0.03871976806286703,-0.04940108339055449,-0.09822995345998287,0.0497825589379719
1778211054877486785,1778211054884752203,-0.1661326009002817,0.09212634470130432,0.27637903410391296,0.05931944762340713,-0.5258640421149003,0.005531395437552433,0.042153047989623715,0.3820477607385353,0.03948271915770185,0.2080949111161967,0.03871976806286703,-0.05054551003280672,-0.09861142900740028,0.0497825589379719
1778211054898220678,1778211054904719945,-0.1657511253528643,0.09212634470130432,0.27637903410391296,0.05931944762340713,-0.5254825665674829,0.005531395437552433,0.042153047989623715,0.3820477607385353,0.03986419470511926,0.2080949111161967,0.03871976806286703,-0.051689936675058945,-0.09822995345998287,0.0497825589379719
1778211054918081113,1778211054924698269,-0.1657511253528643,0.09212634470130432,0.27637903410391296,0.05931944762340713,-0.5235751888303959,0.005531395437552433,0.042153047989623715,0.3820477607385353,0.03986419470511926,0.2080949111161967,0.03871976806286703,-0.05321583886472858,-0.09861142900740028,0.0497825589379719
1778211054938617190,1778211054944683817,-0.1657511253528643,0.09212634470130432,0.27637903410391296,0.05931944762340713,-0.5228122377355611,0.005149919890135024,0.042534523537041125,0.3820477607385353,0.04024567025253667,0.2080949111161967,0.03871976806286703,-0.05359731441214599,-0.09822995345998287,0.0497825589379719
1778211054958890496,1778211054964719055,-0.1657511253528643,0.09212634470130432,0.27637903410391296,0.05893797207598972,-0.5228122377355611,0.005531395437552433,0.04329747463187594,0.3824292362859527,0.041771572442206306,0.2080949111161967,0.03871976806286703,-0.05359731441214599,-0.09861142900740028,0.0497825589379719
1778211054972649924,1778211054984682278,-0.1657511253528643,0.09212634470130432,0.27637903410391296,0.05893797207598972,-0.5228122377355611,0.005531395437552433,0.04406042572671076,0.3824292362859527,0.042915999084458534,0.2080949111161967,0.03871976806286703,-0.05359731441214599,-0.09861142900740028,0.0497825589379719
1778211054995718326,1778211055004746604,-0.1657511253528643,0.09212634470130432,0.27637903410391296,0.05893797207598972,-0.5228122377355611,0.005531395437552433,0.04520485236896299,0.3820477607385353,0.042915999084458534,0.2080949111161967,0.03871976806286703,-0.05359731441214599,-0.09861142900740028,0.0497825589379719
1778211055022173461,1778211055024672661,-0.1657511253528643,0.09212634470130432,0.27637903410391296,0.05893797207598972,-0.5224307621881437,0.005531395437552433,0.04520485236896299,0.3820477607385353,0.04329747463187594,0.2080949111161967,0.03871976806286703,-0.05321583886472858,-0.09861142900740028,0.0497825589379719
1778211055040871529,1778211055044683663,-0.1657511253528643,0.09212634470130432,0.27637903410391296,0.05893797207598972,-0.5224307621881437,0.005531395437552433,0.0455863279163804,0.3820477607385353,0.04329747463187594,0.2080949111161967,0.03871976806286703,-0.05321583886472858,-0.09861142900740028,0.0497825589379719
1778211055062690308,1778211055064670160,-0.1657511253528643,0.09212634470130432,0.27637903410391296,0.05893797207598972,-0.5220492866407263,0.005531395437552433,0.04520485236896299,0.3824292362859527,0.04329747463187594,0.2080949111161967,0.03871976806286703,-0.05321583886472858,-0.09861142900740028,0.0497825589379719
1778211055074440220,1778211055084686551,-0.1657511253528643,0.09212634470130432,0.27637903410391296,0.05893797207598972,-0.5216678110933088,0.005531395437552433,0.04520485236896299,0.3824292362859527,0.04329747463187594,0.2080949111161967,0.03871976806286703,-0.05321583886472858,-0.09861142900740028,0.05016403448538931
1778211055102166680,1778211055104674323,-0.1657511253528643,0.09212634470130432,0.27637903410391296,0.05893797207598972,-0.5182345311665522,0.005531395437552433,0.04520485236896299,0.3824292362859527,0.04329747463187594,0.2080949111161967,0.03871976806286703,-0.05321583886472858,-0.09822995345998287,0.0497825589379719
1778211055112308488,1778211055124707931,-0.1657511253528643,0.09212634470130432,0.27637903410391296,0.05893797207598972,-0.5159456778820477,0.005531395437552433,0.04520485236896299,0.3824292362859527,0.04329747463187594,0.2080949111161967,0.03871976806286703,-0.05321583886472858,-0.09861142900740028,0.0497825589379719
1778211055135985118,1778211055144715980,-0.1657511253528643,0.09212634470130432,0.27637903410391296,0.05893797207598972,-0.5140383001449607,0.005531395437552433,0.04520485236896299,0.3824292362859527,0.04329747463187594,0.2080949111161967,0.03871976806286703,-0.05321583886472858,-0.09861142900740028,0.0497825589379719
1778211055156562040,1778211055164691630,-0.1657511253528643,0.09212634470130432,0.27637903410391296,0.05893797207598972,-0.5136568245975432,0.005531395437552433,0.04520485236896299,0.3824292362859527,0.04329747463187594,0.2080949111161967,0.03871976806286703,-0.05321583886472858,-0.09861142900740028,0.0497825589379719
1778211055176912293,1778211055184701281,-0.1657511253528643,0.09212634470130432,0.27637903410391296,0.05893797207598972,-0.5121309224078736,0.005531395437552433,0.04520485236896299,0.3824292362859527,0.04329747463187594,0.2080949111161967,0.03871976806286703,-0.05321583886472858,-0.09822995345998287,0.0497825589379719
1778211055197573617,1778211055204821563,-0.1657511253528643,0.09212634470130432,0.27637903410391296,0.05931944762340713,-0.5113679713130388,0.005531395437552433,0.04520485236896299,0.3824292362859527,0.04329747463187594,0.2080949111161967,0.03871976806286703,-0.05321583886472858,-0.09822995345998287,0.0497825589379719
1778211055218504546,1778211055224681105,-0.1657511253528643,0.09212634470130432,0.27637903410391296,0.05931944762340713,-0.5113679713130388,0.005531395437552433,0.04520485236896299,0.3824292362859527,0.04329747463187594,0.2080949111161967,0.03871976806286703,-0.05321583886472858,-0.09822995345998287,0.0497825589379719
1778211055238913544,1778211055244708100,-0.1657511253528643,0.09212634470130432,0.27637903410391296,0.05931944762340713,-0.5109864957656214,0.005531395437552433,0.04520485236896299,0.3824292362859527,0.04329747463187594,0.2080949111161967,0.03871976806286703,-0.05321583886472858,-0.09822995345998287,0.0497825589379719
1778211055259558811,1778211055264716796,-0.1657511253528643,0.09212634470130432,0.27637903410391296,0.05931944762340713,-0.5109864957656214,0.005531395437552433,0.04520485236896299,0.3824292362859527,0.04329747463187594,0.2080949111161967,0.03871976806286703,-0.05321583886472858,-0.09822995345998287,0.0497825589379719
1778211055279896553,1778211055284698658,-0.1657511253528643,0.09212634470130432,0.27637903410391296,0.05970092317082454,-0.5109864957656214,0.005531395437552433,0.04520485236896299,0.3824292362859527,0.04329747463187594,0.2080949111161967,0.03871976806286703,-0.05321583886472858,-0.09822995345998287,0.0497825589379719
1778211055300894883,1778211055304699809,-0.1657511253528643,0.09212634470130432,0.27637903410391296,0.06008239871824195,-0.5109864957656214,0.005531395437552433,0.04520485236896299,0.3824292362859527,0.04329747463187594,0.2080949111161967,0.03871976806286703,-0.05321583886472858,-0.09822995345998287,0.0497825589379719
1778211055321283520,1778211055324729140,-0.1657511253528643,0.09212634470130432,0.27637903410391296,0.06008239871824195,-0.5109864957656214,0.005531395437552433,0.04520485236896299,0.3824292362859527,0.04329747463187594,0.2080949111161967,0.03871976806286703,-0.05321583886472858,-0.09822995345998287,0.05016403448538931
1778211055342526162,1778211055344708269,-0.1657511253528643,0.09212634470130432,0.27637903410391296,0.060463874265659356,-0.5109864957656214,0.005531395437552433,0.0455863279163804,0.3824292362859527,0.04329747463187594,0.2080949111161967,0.03871976806286703,-0.05321583886472858,-0.09822995345998287,0.0497825589379719
1778211055362344969,1778211055364690368,-0.1657511253528643,0.09212634470130432,0.27637903410391296,0.060463874265659356,-0.5109864957656214,0.005531395437552433,0.0455863279163804,0.3824292362859527,0.04329747463187594,0.2080949111161967,0.03833829251544962,-0.05321583886472858,-0.09822995345998287,0.0497825589379719
1778211055377719212,1778211055384809994,-0.1657511253528643,0.09212634470130432,0.27637903410391296,0.060463874265659356,-0.5109864957656214,0.005531395437552433,0.0455863279163804,0.3824292362859527,0.04329747463187594,0.2080949111161967,0.03871976806286703,-0.05321583886472858,-0.09822995345998287,0.0497825589379719
1778211055398701540,1778211055404674603,-0.1657511253528643,0.09212634470130432,0.27637903410391296,0.060463874265659356,-0.510605020218204,0.005531395437552433,0.04596780346379781,0.3824292362859527,0.042915999084458534,0.2080949111161967,0.03871976806286703,-0.05321583886472858,-0.09822995345998287,0.05016403448538931
1778211055422549984,1778211055424714363,-0.1657511253528643,0.09212634470130432,0.27637903410391296,0.061226825360494175,-0.510605020218204,0.005531395437552433,0.046349279011215216,0.3824292362859527,0.04329747463187594,0.2080949111161967,0.03871976806286703,-0.05321583886472858,-0.09822995345998287,0.0497825589379719
1778211055435662018,1778211055444863086,-0.1657511253528643,0.09212634470130432,0.27637903410391296,0.061608300907911584,-0.5102235446707866,0.005531395437552433,0.047112230106050035,0.3824292362859527,0.04329747463187594,0.2080949111161967,0.03871976806286703,-0.05321583886472858,-0.09861142900740028,0.05016403448538931
1778211055462352479,1778211055464690386,-0.1657511253528643,0.09212634470130432,0.27637903410391296,0.06389715419241604,-0.5075532158388647,0.005531395437552433,0.04901960784313708,0.3824292362859527,0.04329747463187594,0.2080949111161967,0.03871976806286703,-0.05321583886472858,-0.09861142900740028,0.0497825589379719
1778211055472744915,1778211055484760398,-0.1657511253528643,0.09212634470130432,0.27637903410391296,0.06427862973983345,-0.5075532158388647,0.005531395437552433,0.04901960784313708,0.3824292362859527,0.04329747463187594,0.2080949111161967,0.03833829251544962,-0.05321583886472858,-0.09861142900740028,0.05016403448538931
1778211055503269847,1778211055504771544,-0.1657511253528643,0.09212634470130432,0.27637903410391296,0.06427862973983345,-0.5075532158388647,0.005531395437552433,0.04901960784313708,0.3824292362859527,0.04329747463187594,0.2080949111161967,0.03871976806286703,-0.05321583886472858,-0.09861142900740028,0.05016403448538931
1778211055522560563,1778211055524751910,-0.1657511253528643,0.09212634470130432,0.27637903410391296,0.06427862973983345,-0.5075532158388647,0.005531395437552433,0.04901960784313708,0.3824292362859527,0.04329747463187594,0.2080949111161967,0.03871976806286703,-0.05321583886472858,-0.09861142900740028,0.0497825589379719
1778211055536879849,1778211055544914411,-0.1657511253528643,0.09212634470130432,0.27637903410391296,0.06427862973983345,-0.5075532158388647,0.005531395437552433,0.04901960784313708,0.3824292362859527,0.04329747463187594,0.2080949111161967,0.03871976806286703,-0.05321583886472858,-0.09899290455481768,0.0497825589379719
1778211055557213317,1778211055564749072,-0.1657511253528643,0.09212634470130432,0.27637903410391296,0.06427862973983345,-0.5075532158388647,0.005531395437552433,0.04940108339055449,0.3824292362859527,0.042915999084458534,0.2080949111161967,0.03871976806286703,-0.05321583886472858,-0.0997558556496525,0.0497825589379719
1778211055576829481,1778211055584817213,-0.1657511253528643,0.09212634470130432,0.27637903410391296,0.06427862973983345,-0.5075532158388647,0.005531395437552433,0.04940108339055449,0.3824292362859527,0.04329747463187594,0.2080949111161967,0.03871976806286703,-0.05321583886472858,-0.10166323338673955,0.0497825589379719
1778211055598052812,1778211055604738064,-0.1657511253528643,0.09212634470130432,0.27637903410391296,0.06427862973983345,-0.5075532158388647,0.005531395437552433,0.04940108339055449,0.3824292362859527,0.04329747463187594,0.2080949111161967,0.03871976806286703,-0.05321583886472858,-0.10204470893415696,0.05016403448538931
1778211055622222426,1778211055624774174,-0.1661326009002817,0.09212634470130432,0.27637903410391296,0.06427862973983345,-0.5075532158388647,0.005531395437552433,0.0497825589379719,0.3824292362859527,0.042915999084458534,0.2080949111161967,0.03871976806286703,-0.05321583886472858,-0.10204470893415696,0.05016403448538931
1778211055643283347,1778211055644676086,-0.1661326009002817,0.09212634470130432,0.27637903410391296,0.06427862973983345,-0.5075532158388647,0.005531395437552433,0.05092698558022413,0.3824292362859527,0.042915999084458534,0.2080949111161967,0.03871976806286703,-0.05321583886472858,-0.10242618448157437,0.0497825589379719
1778211055663006066,1778211055664683729,-0.1657511253528643,0.09212634470130432,0.27637903410391296,0.06427862973983345,-0.5075532158388647,0.005531395437552433,0.05321583886472858,0.3824292362859527,0.042915999084458534,0.2080949111161967,0.03871976806286703,-0.05321583886472858,-0.10204470893415696,0.05016403448538931
1778211055672189992,1778211055684855305,-0.1657511253528643,0.09212634470130432,0.27637903410391296,0.06427862973983345,-0.5075532158388647,0.005531395437552433,0.05321583886472858,0.3824292362859527,0.042915999084458534,0.2080949111161967,0.03871976806286703,-0.05321583886472858,-0.10242618448157437,0.0497825589379719
1778211055694956119,1778211055704769281,-0.1657511253528643,0.09212634470130432,0.27637903410391296,0.06466010528725086,-0.5075532158388647,0.005531395437552433,0.05321583886472858,0.3824292362859527,0.042915999084458534,0.2080949111161967,0.03871976806286703,-0.05321583886472858,-0.10242618448157437,0.05016403448538931
1778211055722343202,1778211055724860349,-0.1657511253528643,0.09212634470130432,0.27637903410391296,0.06427862973983345,-0.5075532158388647,0.005531395437552433,0.05321583886472858,0.3824292362859527,0.042915999084458534,0.2080949111161967,0.03833829251544962,-0.05321583886472858,-0.10318913557640919,0.05016403448538931
1778211055732475934,1778211055744771258,-0.1657511253528643,0.09212634470130432,0.27637903410391296,0.06466010528725086,-0.5071717402914473,0.005531395437552433,0.05321583886472858,0.3824292362859527,0.042915999084458534,0.2080949111161967,0.03871976806286703,-0.05321583886472858,-0.1035706111238266,0.0497825589379719
1778211055755956759,1778211055764803604,-0.1657511253528643,0.09212634470130432,0.27637903410391296,0.06466010528725086,-0.5071717402914473,0.005531395437552433,0.05321583886472858,0.3824292362859527,0.042915999084458534,0.2080949111161967,0.03833829251544962,-0.05321583886472858,-0.10624093995574846,0.0497825589379719
1778211055776490621,1778211055784790998,-0.1657511253528643,0.09212634470130432,0.27637903410391296,0.06466010528725086,-0.5071717402914473,0.005531395437552433,0.05321583886472858,0.3824292362859527,0.042915999084458534,0.2080949111161967,0.03871976806286703,-0.05321583886472858,-0.10624093995574846,0.0497825589379719
1778211055797743734,1778211055804686314,-0.1657511253528643,0.09212634470130432,0.27637903410391296,0.06466010528725086,-0.5071717402914473,0.005531395437552433,0.05321583886472858,0.3824292362859527,0.042915999084458534,0.2080949111161967,0.03833829251544962,-0.05321583886472858,-0.10624093995574846,0.05016403448538931
1778211055822549320,1778211055824638712,-0.1657511253528643,0.09212634470130432,0.27637903410391296,0.06427862973983345,-0.5071717402914473,0.005531395437552433,0.05321583886472858,0.3824292362859527,0.042915999084458534,0.2080949111161967,0.03871976806286703,-0.05321583886472858,-0.1077668421454181,0.05016403448538931
1778211055842320126,1778211055844696291,-0.1657511253528643,0.09212634470130432,0.27637903410391296,0.06427862973983345,-0.5071717402914473,0.005531395437552433,0.05321583886472858,0.3824292362859527,0.042915999084458534,0.2080949111161967,0.03833829251544962,-0.05321583886472858,-0.10929274433508773,0.05016403448538931
1778211055863417385,1778211055864679199,-0.1657511253528643,0.09212634470130432,0.27637903410391296,0.06466010528725086,-0.5071717402914473,0.005531395437552433,0.05321583886472858,0.3824292362859527,0.042915999084458534,0.2080949111161967,0.03833829251544962,-0.05321583886472858,-0.10929274433508773,0.05016403448538931
1778211055882657125,1778211055884737361,-0.1657511253528643,0.09212634470130432,0.27637903410391296,0.06466010528725086,-0.5071717402914473,0.005531395437552433,0.05321583886472858,0.3824292362859527,0.042915999084458534,0.2080949111161967,0.03871976806286703,-0.05321583886472858,-0.10929274433508773,0.0497825589379719
1778211055902698960,1778211055904696647,-0.1657511253528643,0.09212634470130432,0.27637903410391296,0.06466010528725086,-0.5071717402914473,0.005531395437552433,0.05321583886472858,0.3824292362859527,0.042915999084458534,0.2080949111161967,0.03871976806286703,-0.05321583886472858,-0.10929274433508773,0.05016403448538931
1778211055912847205,1778211055924765960,-0.1657511253528643,0.09212634470130432,0.27637903410391296,0.06504158083466827,-0.5067902647440299,0.005531395437552433,0.05321583886472858,0.3824292362859527,0.042534523537041125,0.20847638666361412,0.03871976806286703,-0.05321583886472858,-0.10929274433508773,0.0497825589379719
1778211055936140998,1778211055944890252,-0.1657511253528643,0.09212634470130432,0.27637903410391296,0.06542305638208568,-0.5071717402914473,0.005531395437552433,0.05321583886472858,0.3824292362859527,0.042915999084458534,0.20847638666361412,0.03871976806286703,-0.05321583886472858,-0.10967421988250514,0.05016403448538931
1778211055956665700,1778211055964762611,-0.1657511253528643,0.09212634470130432,0.27637903410391296,0.06809338521400754,-0.5067902647440299,0.005531395437552433,0.05321583886472858,0.3824292362859527,0.042915999084458534,0.2080949111161967,0.03871976806286703,-0.05321583886472858,-0.11005569542992255,0.05016403448538931
1778211055982365321,1778211055984718924,-0.1657511253528643,0.09212634470130432,0.27637903410391296,0.06885633630884236,-0.5067902647440299,0.005531395437552433,0.05321583886472858,0.3824292362859527,0.042534523537041125,0.2080949111161967,0.03833829251544962,-0.05321583886472858,-0.1119630731670096,0.05016403448538931
1778211055992862896,1778211056004745690,-0.1657511253528643,0.09212634470130432,0.27637903410391296,0.06923781185625977,-0.5067902647440299,0.005531395437552433,0.05321583886472858,0.3824292362859527,0.042915999084458534,0.2080949111161967,0.03833829251544962,-0.05321583886472858,-0.11348897535667923,0.05016403448538931
1778211056016457338,1778211056024694837,-0.1657511253528643,0.09212634470130432,0.27637903410391296,0.07114518959334681,-0.5067902647440299,0.005531395437552433,0.05321583886472858,0.3824292362859527,0.042534523537041125,0.2080949111161967,0.03833829251544962,-0.05321583886472858,-0.11348897535667923,0.05016403448538931
1778211056037313758,1778211056044834072,-0.1657511253528643,0.09212634470130432,0.27637903410391296,0.07152666514076422,-0.5067902647440299,0.005531395437552433,0.05359731441214599,0.3824292362859527,0.042534523537041125,0.2080949111161967,0.03833829251544962,-0.05321583886472858,-0.11387045090409664,0.05016403448538931
1778211056058072322,1778211056064757652,-0.1657511253528643,0.09212634470130432,0.27676050965133037,0.07190814068818163,-0.5067902647440299,0.005531395437552433,0.05359731441214599,0.3824292362859527,0.042534523537041125,0.2080949111161967,0.03833829251544962,-0.05321583886472858,-0.11692225528343592,0.05016403448538931
1778211056079058662,1778211056084792792,-0.1657511253528643,0.09212634470130432,0.27676050965133037,0.07190814068818163,-0.5067902647440299,0.005531395437552433,0.05474174105439822,0.3824292362859527,0.042534523537041125,0.20847638666361412,0.03871976806286703,-0.05321583886472858,-0.11768520637827073,0.05016403448538931
1778211056099056491,1778211056104827190,-0.1657511253528643,0.09212634470130432,0.27676050965133037,0.07190814068818163,-0.5067902647440299,0.005531395437552433,0.056267643244067855,0.3824292362859527,0.042153047989623715,0.20847638666361412,0.03871976806286703,-0.05321583886472858,-0.11730373083085333,0.05016403448538931
1778211056120201607,1778211056124804651,-0.1657511253528643,0.09212634470130432,0.2771419851987478,0.07190814068818163,-0.5067902647440299,0.005531395437552433,0.056649118791485265,0.3824292362859527,0.042153047989623715,0.20847638666361412,0.03871976806286703,-0.05321583886472858,-0.11882963302052296,0.05016403448538931
1778211056140232244,1778211056145049261,-0.1661326009002817,0.09212634470130432,0.278286411841,0.07190814068818163,-0.5067902647440299,0.005531395437552433,0.056649118791485265,0.3824292362859527,0.042153047989623715,0.20847638666361412,0.03871976806286703,-0.05321583886472858,-0.1203555352101926,0.05016403448538931
1778211056161188118,1778211056164706872,-0.1661326009002817,0.09212634470130432,0.27943083848325223,0.07190814068818163,-0.5067902647440299,0.005531395437552433,0.056649118791485265,0.3824292362859527,0.042153047989623715,0.20847638666361412,0.03871976806286703,-0.05321583886472858,-0.12073701075761001,0.05016403448538931
1778211056182460644,1778211056184727178,-0.1661326009002817,0.09212634470130432,0.28095674067292187,0.07190814068818163,-0.5064087891966125,0.005531395437552433,0.056649118791485265,0.38357366292820494,0.042153047989623715,0.20847638666361412,0.03833829251544962,-0.05321583886472858,-0.12073701075761001,0.05016403448538931
1778211056201954605,1778211056204742622,-0.1661326009002817,0.09212634470130432,0.2813382162203393,0.07190814068818163,-0.5056458381017777,0.005531395437552433,0.057030594338902674,0.3850995651178746,0.042153047989623715,0.20885786221103153,0.03871976806286703,-0.05321583886472858,-0.12073701075761001,0.05016403448538931
1778211056212829273,1778211056224727342,-0.1657511253528643,0.09212634470130432,0.2813382162203393,0.07190814068818163,-0.5052643625543602,0.005531395437552433,0.057030594338902674,0.385481040665292,0.042153047989623715,0.20923933775844894,0.03871976806286703,-0.05321583886472858,-0.12073701075761001,0.05016403448538931
1778211056244428869,1778211056244860606,-0.1657511253528643,0.09212634470130432,0.2813382162203393,0.07190814068818163,-0.5045014114595254,0.005531395437552433,0.057030594338902674,0.385481040665292,0.042153047989623715,0.20962081330586635,0.03871976806286703,-0.05321583886472858,-0.12073701075761001,0.05016403448538931
1778211056252241423,1778211056264696789,-0.1657511253528643,0.09212634470130432,0.2817196917677567,0.07228961623559904,-0.504119935912108,0.005531395437552433,0.057030594338902674,0.385481040665292,0.042153047989623715,0.20962081330586635,0.03871976806286703,-0.05321583886472858,-0.12073701075761001,0.05016403448538931
1778211056275851880,1778211056284825282,-0.1657511253528643,0.09174486915388691,0.2821011673151741,0.07267109178301645,-0.504119935912108,0.005531395437552433,0.057030594338902674,0.385481040665292,0.042153047989623715,0.20962081330586635,0.03833829251544962,-0.05321583886472858,-0.12073701075761001,0.05016403448538931
1778211056296237578,1778211056304764561,-0.1661326009002817,0.08983749141679986,0.2821011673151741,0.07343404287785127,-0.5037384603646906,0.005531395437552433,0.057030594338902674,0.385481040665292,0.042153047989623715,0.20962081330586635,0.03871976806286703,-0.05321583886472858,-0.12073701075761001,0.05016403448538931
1778211056316845632,1778211056324776139,-0.1661326009002817,0.087167162584878,0.2821011673151741,0.0745784695201035,-0.5037384603646906,0.005531395437552433,0.057030594338902674,0.385481040665292,0.041771572442206306,0.21000228885328376,0.03871976806286703,-0.05321583886472858,-0.12111848630502742,0.05016403448538931
1778211056337351464,1778211056344751715,-0.1661326009002817,0.08564126039520836,0.2821011673151741,0.07534142061493831,-0.5037384603646906,0.005531395437552433,0.057030594338902674,0.385481040665292,0.041771572442206306,0.21000228885328376,0.03871976806286703,-0.05321583886472858,-0.12111848630502742,0.05016403448538931
1778211056358068352,1778211056364702077,-0.1661326009002817,0.08525978484779095,0.2821011673151741,0.07534142061493831,-0.5037384603646906,0.005531395437552433,0.057030594338902674,0.385481040665292,0.041771572442206306,0.21038376440070117,0.03871976806286703,-0.05321583886472858,-0.12149996185244483,0.05016403448538931
1778211056378688802,1778211056384687063,-0.1661326009002817,0.08525978484779095,0.2821011673151741,0.07534142061493831,-0.5037384603646906,0.005531395437552433,0.057030594338902674,0.385481040665292,0.041771572442206306,0.21038376440070117,0.03833829251544962,-0.05321583886472858,-0.12149996185244483,0.05016403448538931
1778211056399574890,1778211056404846929,-0.1661326009002817,0.08525978484779095,0.2821011673151741,0.07534142061493831,-0.5037384603646906,0.005531395437552433,0.057030594338902674,0.3858625162127094,0.041771572442206306,0.21076523994811858,0.03833829251544962,-0.05321583886472858,-0.12226291294727964,0.05016403448538931
1778211056419908137,1778211056424785770,-0.1661326009002817,0.08525978484779095,0.2821011673151741,0.07572289616235572,-0.5037384603646906,0.005531395437552433,0.05741206988632008,0.3862439917601268,0.041771572442206306,0.21076523994811858,0.03871976806286703,-0.05321583886472858,-0.12340733958953187,0.05016403448538931
1778211056441068905,1778211056444716035,-0.1661326009002817,0.08525978484779095,0.2821011673151741,0.07572289616235572,-0.5037384603646906,0.005531395437552433,0.0581750209811549,0.3862439917601268,0.041771572442206306,0.21076523994811858,0.03871976806286703,-0.05321583886472858,-0.12417029068436669,0.05016403448538931
1778211056461504047,1778211056464731708,-0.1661326009002817,0.08525978484779095,0.2821011673151741,0.07572289616235572,-0.5037384603646906,0.005531395437552433,0.060845349813076766,0.3862439917601268,0.041771572442206306,0.21076523994811858,0.03871976806286703,-0.05321583886472858,-0.12417029068436669,0.05016403448538931
1778211056481220453,1778211056484740660,-0.1661326009002817,0.08525978484779095,0.2821011673151741,0.07572289616235572,-0.5037384603646906,0.005531395437552433,0.061226825360494175,0.3862439917601268,0.041771572442206306,0.21076523994811858,0.03871976806286703,-0.05321583886472858,-0.1245517662317841,0.05016403448538931
1778211056501652354,1778211056504819636,-0.1661326009002817,0.08525978484779095,0.2821011673151741,0.07572289616235572,-0.5037384603646906,0.005531395437552433,0.061226825360494175,0.3862439917601268,0.041771572442206306,0.21076523994811858,0.03871976806286703,-0.05321583886472858,-0.1245517662317841,0.05016403448538931
1778211056521902409,1778211056524690702,-0.1661326009002817,0.08525978484779095,0.2821011673151741,0.07572289616235572,-0.5037384603646906,0.005531395437552433,0.061226825360494175,0.3862439917601268,0.041771572442206306,0.21076523994811858,0.03833829251544962,-0.05321583886472858,-0.1245517662317841,0.05016403448538931
1778211056532722878,1778211056544838026,-0.1661326009002817,0.08525978484779095,0.2821011673151741,0.07572289616235572,-0.5037384603646906,0.005531395437552433,0.061226825360494175,0.3862439917601268,0.041771572442206306,0.21076523994811858,0.03833829251544962,-0.05321583886472858,-0.1245517662317841,0.05016403448538931
1778211056558234480,1778211056564786717,-0.1661326009002817,0.08525978484779095,0.2824826428625915,0.07572289616235572,-0.5037384603646906,0.005531395437552433,0.060845349813076766,0.3862439917601268,0.041771572442206306,0.21076523994811858,0.03833829251544962,-0.05321583886472858,-0.1245517662317841,0.05016403448538931
1778211056577284078,1778211056584791509,-0.1661326009002817,0.08525978484779095,0.2824826428625915,0.07572289616235572,-0.5037384603646906,0.005531395437552433,0.060845349813076766,0.3866254673075442,0.041771572442206306,0.21114671549553599,0.03871976806286703,-0.05321583886472858,-0.1245517662317841,0.05016403448538931
1778211056603682939,1778211056604688367,-0.1665140764476991,0.08525978484779095,0.28362706950484373,0.07572289616235572,-0.5037384603646906,0.005531395437552433,0.061226825360494175,0.38776989394979644,0.041771572442206306,0.2119096665903708,0.03871976806286703,-0.05321583886472858,-0.1245517662317841,0.05016403448538931
1778211056613267566,1778211056624689881,-0.1665140764476991,0.08525978484779095,0.28439002059967855,0.07572289616235572,-0.5037384603646906,0.005531395437552433,0.061226825360494175,0.38853284504463126,0.041771572442206306,0.21305409323262303,0.03871976806286703,-0.05321583886472858,-0.1245517662317841,0.05016403448538931
1778211056635459053,1778211056644785580,-0.1665140764476991,0.08525978484779095,0.2859159227893482,0.07572289616235572,-0.5037384603646906,0.005531395437552433,0.060845349813076766,0.3919661249713915,0.041771572442206306,0.21381704432745785,0.03871976806286703,-0.05321583886472858,-0.12493324177920151,0.05016403448538931
1778211056656145557,1778211056664844299,-0.1665140764476991,0.08564126039520836,0.2870603494316004,0.07572289616235572,-0.5037384603646906,0.005531395437552433,0.060845349813076766,0.39349202716106113,0.041771572442206306,0.2157244220645449,0.03833829251544962,-0.05321583886472858,-0.12493324177920151,0.05016403448538931
1778211056682440307,1778211056684757353,-0.1661326009002817,0.08564126039520836,0.2870603494316004,0.07572289616235572,-0.5037384603646906,0.005531395437552433,0.060845349813076766,0.3953994048981482,0.041771572442206306,0.21648737315937971,0.03871976806286703,-0.05321583886472858,-0.12493324177920151,0.05016403448538931
1778211056696066137,1778211056704759615,-0.1661326009002817,0.08564126039520836,0.2870603494316004,0.07572289616235572,-0.5033569848172732,0.005531395437552433,0.060845349813076766,0.3957808804455656,0.041771572442206306,0.21686884870679712,0.03871976806286703,-0.05321583886472858,-0.12493324177920151,0.05016403448538931
1778211056716789754,1778211056724671513,-0.1661326009002817,0.08564126039520836,0.28820477607385264,0.07572289616235572,-0.5037384603646906,0.005531395437552433,0.061226825360494175,0.3957808804455656,0.0413900968947889,0.21725032425421453,0.03833829251544962,-0.05359731441214599,-0.12531471732661892,0.05016403448538931
1778211056737768321,1778211056744815372,-0.1665140764476991,0.08564126039520836,0.28896772716868746,0.07572289616235572,-0.5033569848172732,0.005531395437552433,0.061226825360494175,0.3957808804455656,0.04062714579995408,0.21877622644388417,0.03871976806286703,-0.05321583886472858,-0.12607766842145374,0.05016403448538931
1778211056759120473,1778211056764735358,-0.1665140764476991,0.08564126039520836,0.28896772716868746,0.07572289616235572,-0.5033569848172732,0.005531395437552433,0.061226825360494175,0.3957808804455656,0.037575341420614805,0.21915770199130158,0.03871976806286703,-0.05359731441214599,-0.12798504615854078,0.05016403448538931
1778211056778955533,1778211056784781998,-0.1665140764476991,0.08564126039520836,0.28896772716868746,0.07572289616235572,-0.5029755092698558,0.005531395437552433,0.061226825360494175,0.3957808804455656,0.03604943923094517,0.219539177538719,0.03871976806286703,-0.05359731441214599,-0.1283665217059582,0.05016403448538931
1778211056799474018,1778211056804790849,-0.1665140764476991,0.08564126039520836,0.28896772716868746,0.07572289616235572,-0.5025940337224384,0.005531395437552433,0.061608300907911584,0.3957808804455656,0.03490501258869294,0.2199206530861364,0.03871976806286703,-0.05359731441214599,-0.1283665217059582,0.05016403448538931
1778211056820054283,1778211056824694248,-0.1665140764476991,0.08564126039520836,0.28896772716868746,0.07610437170977313,-0.4999237048905165,0.005531395437552433,0.06198977645532899,0.3957808804455656,0.03490501258869294,0.22068360418097122,0.03833829251544962,-0.05359731441214599,-0.1287479972533756,0.05016403448538931
1778211056840559921,1778211056844720255,-0.1665140764476991,0.08564126039520836,0.28896772716868746,0.07572289616235572,-0.4991607537956817,0.005531395437552433,0.06313420309758122,0.3957808804455656,0.03490501258869294,0.22144655527580603,0.03871976806286703,-0.05359731441214599,-0.1287479972533756,0.05016403448538931
1778211056861673773,1778211056864682717,-0.1665140764476991,0.08564126039520836,0.28896772716868746,0.07572289616235572,-0.4983978027008469,0.005531395437552433,0.06313420309758122,0.3957808804455656,0.03452353704127553,0.22182803082322344,0.03871976806286703,-0.05359731441214599,-0.1287479972533756,0.05016403448538931
1778211056882499076,1778211056884701478,-0.1665140764476991,0.08564126039520836,0.28896772716868746,0.07610437170977313,-0.49649042496375984,0.005531395437552433,0.06351567864499863,0.3957808804455656,0.03490501258869294,0.22182803082322344,0.03833829251544962,-0.05359731441214599,-0.1287479972533756,0.05016403448538931
1778211056902480768,1778211056904683292,-0.1665140764476991,0.08564126039520836,0.28896772716868746,0.07610437170977313,-0.4961089494163424,0.005531395437552433,0.06389715419241604,0.3957808804455656,0.03452353704127553,0.22182803082322344,0.03871976806286703,-0.05359731441214599,-0.1287479972533756,0.05016403448538931
1778211056923043613,1778211056924672487,-0.1665140764476991,0.08564126039520836,0.28896772716868746,0.07610437170977313,-0.495727473868925,0.005531395437552433,0.06351567864499863,0.3957808804455656,0.03452353704127553,0.22182803082322344,0.03833829251544962,-0.05359731441214599,-0.129129472800793,0.05016403448538931
1778211056942521545,1778211056944686360,-0.1665140764476991,0.08564126039520836,0.28896772716868746,0.07610437170977313,-0.4949645227740902,0.005531395437552433,0.06351567864499863,0.3957808804455656,0.03452353704127553,0.22182803082322344,0.03871976806286703,-0.05359731441214599,-0.129129472800793,0.05016403448538931
1778211056952242860,1778211056964689719,-0.1665140764476991,0.08564126039520836,0.28896772716868746,0.07610437170977313,-0.49267566948958574,0.005531395437552433,0.06351567864499863,0.3957808804455656,0.03452353704127553,0.22182803082322344,0.03833829251544962,-0.05359731441214599,-0.129129472800793,0.05016403448538931
1778211056975421157,1778211056984761328,-0.1665140764476991,0.08564126039520836,0.28896772716868746,0.07610437170977313,-0.48809796292057683,0.005531395437552433,0.06351567864499863,0.396162355992983,0.03414206149385812,0.22182803082322344,0.03833829251544962,-0.05436026550698081,-0.1287479972533756,0.05016403448538931
1778211057002206032,1778211057004705226,-0.1665140764476991,0.08564126039520836,0.28896772716868746,0.07610437170977313,-0.4877164873731594,0.005531395437552433,0.06351567864499863,0.39768825818265263,0.03414206149385812,0.22182803082322344,0.03833829251544962,-0.05474174105439822,-0.129129472800793,0.05016403448538931
1778211057016192229,1778211057024687574,-0.1665140764476991,0.08564126039520836,0.28896772716868746,0.07610437170977313,-0.4869535362783246,0.005531395437552433,0.06351567864499863,0.39768825818265263,0.03376058594644071,0.22182803082322344,0.03833829251544962,-0.05512321660181563,-0.129129472800793,0.05016403448538931
1778211057035961631,1778211057044672176,-0.1665140764476991,0.08564126039520836,0.28896772716868746,0.07610437170977313,-0.48504615854123756,0.005531395437552433,0.06351567864499863,0.39768825818265263,0.03185320820935367,0.22182803082322344,0.03833829251544962,-0.05512321660181563,-0.12951094834821042,0.05016403448538931
1778211057056550620,1778211057064809051,-0.1665140764476991,0.08564126039520836,0.28896772716868746,0.07648584725719054,-0.48504615854123756,0.005531395437552433,0.06351567864499863,0.39768825818265263,0.03032730601968403,0.22182803082322344,0.03833829251544962,-0.05512321660181563,-0.13103685053788006,0.05016403448538931
1778211057077005462,1778211057084796922,-0.1665140764476991,0.08564126039520836,0.28896772716868746,0.07648584725719054,-0.48504615854123756,0.005531395437552433,0.06351567864499863,0.39768825818265263,0.02994583047226662,0.22182803082322344,0.03871976806286703,-0.05512321660181563,-0.1329442282749671,0.05016403448538931
1778211057097795141,1778211057104733005,-0.1665140764476991,0.08564126039520836,0.28896772716868746,0.07648584725719054,-0.48504615854123756,0.005531395437552433,0.06351567864499863,0.39768825818265263,0.027656977187762166,0.22182803082322344,0.03871976806286703,-0.05512321660181563,-0.1329442282749671,0.05016403448538931
1778211057118424100,1778211057124728746,-0.1665140764476991,0.08564126039520836,0.28896772716868746,0.07686732280460795,-0.48504615854123756,0.005531395437552433,0.06351567864499863,0.39768825818265263,0.027275501640344757,0.22182803082322344,0.03833829251544962,-0.05512321660181563,-0.1333257038223845,0.05016403448538931
1778211057138953865,1778211057144692138,-0.1665140764476991,0.08564126039520836,0.28896772716868746,0.07839322499427759,-0.48504615854123756,0.005531395437552433,0.06351567864499863,0.39768825818265263,0.027275501640344757,0.22182803082322344,0.03833829251544962,-0.05512321660181563,-0.13485160601205415,0.05016403448538931
1778211057159555003,1778211057164691920,-0.1665140764476991,0.08564126039520836,0.28896772716868746,0.078774700541695,-0.48466468299382015,0.005531395437552433,0.06351567864499863,0.39768825818265263,0.027275501640344757,0.22182803082322344,0.03833829251544962,-0.05512321660181563,-0.13523308155947156,0.05016403448538931
1778211057180353283,1778211057184674471,-0.1665140764476991,0.08564126039520836,0.28896772716868746,0.0791561760891124,-0.48504615854123756,0.005531395437552433,0.06351567864499863,0.39768825818265263,0.027275501640344757,0.22182803082322344,0.03833829251544962,-0.05512321660181563,-0.13523308155947156,0.05016403448538931
1778211057200547642,1778211057204706275,-0.1665140764476991,0.08564126039520836,0.28896772716868746,0.0791561760891124,-0.48466468299382015,0.005531395437552433,0.06351567864499863,0.39768825818265263,0.026894026092927348,0.22182803082322344,0.03833829251544962,-0.05512321660181563,-0.13561455710688897,0.05016403448538931
1778211057221607250,1778211057224677651,-0.1665140764476991,0.08564126039520836,0.28896772716868746,0.0791561760891124,-0.48428320744640274,0.005531395437552433,0.06351567864499863,0.39768825818265263,0.026894026092927348,0.22182803082322344,0.03833829251544962,-0.05512321660181563,-0.13561455710688897,0.05016403448538931
1778211057236554087,1778211057244689470,-0.1665140764476991,0.08564126039520836,0.28896772716868746,0.0791561760891124,-0.4827573052567331,0.005531395437552433,0.06351567864499863,0.39768825818265263,0.026894026092927348,0.22182803082322344,0.03833829251544962,-0.05512321660181563,-0.13561455710688897,0.05016403448538931
1778211057254337635,1778211057264830271,-0.1665140764476991,0.08564126039520836,0.28896772716868746,0.0791561760891124,-0.4816128786144809,0.005531395437552433,0.06351567864499863,0.39768825818265263,0.026894026092927348,0.22182803082322344,0.03833829251544962,-0.05512321660181563,-0.13561455710688897,0.05016403448538931
1778211057277627045,1778211057284696055,-0.1665140764476991,0.08564126039520836,0.28896772716868746,0.0791561760891124,-0.48123140306706347,0.005531395437552433,0.06351567864499863,0.39768825818265263,0.026894026092927348,0.22182803082322344,0.03833829251544962,-0.05512321660181563,-0.13561455710688897,0.05016403448538931
1778211057298075186,1778211057304774347,-0.1665140764476991,0.08564126039520836,0.28896772716868746,0.0791561760891124,-0.48123140306706347,0.005531395437552433,0.06351567864499863,0.39768825818265263,0.026894026092927348,0.22182803082322344,0.03871976806286703,-0.05512321660181563,-0.13561455710688897,0.05016403448538931
1778211057319071807,1778211057324747250,-0.1665140764476991,0.08564126039520836,0.28896772716868746,0.0791561760891124,-0.48084992751964606,0.005531395437552433,0.06351567864499863,0.39768825818265263,0.02651255054550994,0.22182803082322344,0.03871976806286703,-0.05512321660181563,-0.13561455710688897,0.05016403448538931
1778211057339157466,1778211057344697870,-0.1665140764476991,0.08564126039520836,0.28896772716868746,0.0791561760891124,-0.48084992751964606,0.005531395437552433,0.06351567864499863,0.39768825818265263,0.02651255054550994,0.22182803082322344,0.03833829251544962,-0.05512321660181563,-0.13561455710688897,0.05016403448538931
1778211057360345663,1778211057364681456,-0.1665140764476991,0.08564126039520836,0.28896772716868746,0.0791561760891124,-0.48008697642481124,0.005531395437552433,0.06351567864499863,0.39768825818265263,0.02651255054550994,0.22182803082322344,0.03871976806286703,-0.05512321660181563,-0.13599603265430638,0.05016403448538931
1778211057382169255,1778211057384708928,-0.1665140764476991,0.08564126039520836,0.28896772716868746,0.0791561760891124,-0.4781795986877242,0.005531395437552433,0.06351567864499863,0.39768825818265263,0.02613107499809253,0.22182803082322344,0.03871976806286703,-0.05512321660181563,-0.13637750820172378,0.05016403448538931
1778211057395621451,1778211057404695348,-0.1665140764476991,0.08564126039520836,0.28896772716868746,0.0791561760891124,-0.4777981231403068,0.005531395437552433,0.06351567864499863,0.39768825818265263,0.02613107499809253,0.22182803082322344,0.03871976806286703,-0.05512321660181563,-0.13637750820172378,0.05016403448538931
1778211057416095108,1778211057424673958,-0.1665140764476991,0.08564126039520836,0.28896772716868746,0.0791561760891124,-0.47703517204547197,0.005531395437552433,0.06351567864499863,0.39768825818265263,0.02574959945067512,0.22182803082322344,0.03871976806286703,-0.05512321660181563,-0.13637750820172378,0.05016403448538931
1778211057437074768,1778211057444707570,-0.1665140764476991,0.08564126039520836,0.28896772716868746,0.0791561760891124,-0.47627222095063715,0.005531395437552433,0.06351567864499863,0.39768825818265263,0.024223697261005483,0.22182803082322344,0.03871976806286703,-0.05512321660181563,-0.1367589837491412,0.05054551003280672
1778211057457989093,1778211057464702845,-0.1665140764476991,0.08564126039520836,0.28896772716868746,0.0791561760891124,-0.47245746547646306,0.005531395437552433,0.06351567864499863,0.39768825818265263,0.023460746166170665,0.22182803082322344,0.03833829251544962,-0.05512321660181563,-0.1371404592965586,0.05054551003280672
1778211057478722144,1778211057484764957,-0.1665140764476991,0.08564126039520836,0.28896772716868746,0.07953765163652982,-0.4697871366445412,0.005531395437552433,0.06351567864499863,0.39845120927748745,0.023079270618753256,0.22182803082322344,0.03871976806286703,-0.05512321660181563,-0.137521934843976,0.05054551003280672
1778211057499104002,1778211057504730233,-0.1665140764476991,0.08564126039520836,0.28896772716868746,0.07953765163652982,-0.4694056610971238,0.005531395437552433,0.06351567864499863,0.39883268482490486,0.023079270618753256,0.22182803082322344,0.03871976806286703,-0.05512321660181563,-0.13904783703364565,0.05054551003280672
1778211057520291864,1778211057524692441,-0.1665140764476991,0.08564126039520836,0.28896772716868746,0.07953765163652982,-0.46864271000228896,0.005531395437552433,0.06351567864499863,0.39883268482490486,0.022697795071335847,0.22182803082322344,0.03871976806286703,-0.05512321660181563,-0.14019226367589788,0.05054551003280672
1778211057541317368,1778211057544708567,-0.1665140764476991,0.08564126039520836,0.28896772716868746,0.07953765163652982,-0.4663538567177845,0.005531395437552433,0.06351567864499863,0.39883268482490486,0.022697795071335847,0.22144655527580603,0.03833829251544962,-0.05512321660181563,-0.13981078812848047,0.05054551003280672
1778211057561488638,1778211057564675817,-0.1665140764476991,0.08564126039520836,0.28896772716868746,0.07953765163652982,-0.4655909056229497,0.005531395437552433,0.06351567864499863,0.39883268482490486,0.02193484397650103,0.22182803082322344,0.03871976806286703,-0.05512321660181563,-0.13981078812848047,0.05054551003280672
1778211057581941300,1778211057584723728,-0.1665140764476991,0.08564126039520836,0.28896772716868746,0.07953765163652982,-0.4652094300755323,0.005531395437552433,0.06351567864499863,0.39883268482490486,0.019264515144579164,0.22144655527580603,0.03833829251544962,-0.05512321660181563,-0.13981078812848047,0.05054551003280672
1778211057593627359,1778211057604765514,-0.1665140764476991,0.08564126039520836,0.28896772716868746,0.07953765163652982,-0.46406500343328005,0.005531395437552433,0.06351567864499863,0.39883268482490486,0.018883039597161755,0.22182803082322344,0.03871976806286703,-0.05512321660181563,-0.13981078812848047,0.05054551003280672
1778211057623345292,1778211057624682067,-0.1665140764476991,0.08564126039520836,0.28896772716868746,0.07953765163652982,-0.4625391012436104,0.005531395437552433,0.06351567864499863,0.39883268482490486,0.018120088502326936,0.22182803082322344,0.03833829251544962,-0.05512321660181563,-0.13981078812848047,0.05054551003280672
1778211057632858001,1778211057644731203,-0.1665140764476991,0.08564126039520836,0.28896772716868746,0.07991912718394723,-0.4625391012436104,0.005531395437552433,0.06351567864499863,0.39883268482490486,0.017738612954909527,0.22182803082322344,0.03871976806286703,-0.05512321660181563,-0.14019226367589788,0.05054551003280672
1778211057656154326,1778211057664689770,-0.1665140764476991,0.08564126039520836,0.28896772716868746,0.07953765163652982,-0.4625391012436104,0.005531395437552433,0.06351567864499863,0.39883268482490486,0.01583123521782248,0.22182803082322344,0.03833829251544962,-0.05512321660181563,-0.13981078812848047,0.05054551003280672
1778211057682504318,1778211057684762628,-0.1665140764476991,0.08564126039520836,0.28896772716868746,0.07953765163652982,-0.4625391012436104,0.005531395437552433,0.06351567864499863,0.39883268482490486,0.01583123521782248,0.22182803082322344,0.03871976806286703,-0.05512321660181563,-0.14019226367589788,0.05054551003280672
1778211057692714408,1778211057704799836,-0.1665140764476991,0.08564126039520836,0.28896772716868746,0.07953765163652982,-0.4625391012436104,0.005531395437552433,0.06351567864499863,0.39883268482490486,0.015449759670405072,0.22182803082322344,0.03871976806286703,-0.05512321660181563,-0.14019226367589788,0.05054551003280672
1778211057723059964,1778211057724700210,-0.1665140764476991,0.08564126039520836,0.28896772716868746,0.07953765163652982,-0.4625391012436104,0.005531395437552433,0.06351567864499863,0.39883268482490486,0.014686808575570254,0.22144655527580603,0.03871976806286703,-0.05512321660181563,-0.14019226367589788,0.05054551003280672
1778211057744303172,1778211057744659377,-0.1665140764476991,0.08564126039520836,0.28896772716868746,0.07953765163652982,-0.4625391012436104,0.005531395437552433,0.06351567864499863,0.39883268482490486,0.012779430838483208,0.22144655527580603,0.03833829251544962,-0.05512321660181563,-0.14057373922331529,0.05054551003280672
1778211057755310161,1778211057764775127,-0.1665140764476991,0.08564126039520836,0.28896772716868746,0.07953765163652982,-0.4625391012436104,0.005531395437552433,0.06351567864499863,0.39883268482490486,0.01163500419623098,0.22144655527580603,0.03871976806286703,-0.05512321660181563,-0.1409552147707327,0.05054551003280672
1778211057782210463,1778211057784687327,-0.1665140764476991,0.08564126039520836,0.28896772716868746,0.07953765163652982,-0.4625391012436104,0.005531395437552433,0.06389715419241604,0.39883268482490486,0.010490577553978753,0.22182803082322344,0.03871976806286703,-0.05512321660181563,-0.14286259250781974,0.05054551003280672
1778211057792529696,1778211057804761500,-0.1665140764476991,0.08564126039520836,0.28896772716868746,0.07953765163652982,-0.4625391012436104,0.005531395437552433,0.06351567864499863,0.39883268482490486,0.009727626459143934,0.22182803082322344,0.03871976806286703,-0.05512321660181563,-0.14286259250781974,0.05054551003280672
1778211057816368046,1778211057824733299,-0.1665140764476991,0.08564126039520836,0.28896772716868746,0.07991912718394723,-0.4625391012436104,0.005531395437552433,0.06389715419241604,0.3995956359197397,0.008583199816891707,0.22182803082322344,0.03833829251544962,-0.05512321660181563,-0.14286259250781974,0.05054551003280672
1778211057836913154,1778211057844692026,-0.1665140764476991,0.08564126039520836,0.28896772716868746,0.07991912718394723,-0.4625391012436104,0.005531395437552433,0.06389715419241604,0.3995956359197397,0.008201724269474298,0.22182803082322344,0.03871976806286703,-0.05512321660181563,-0.14324406805523715,0.05054551003280672
1778211057857491315,1778211057864676263,-0.1665140764476991,0.08564126039520836,0.28896772716868746,0.07953765163652982,-0.4625391012436104,0.005531395437552433,0.06389715419241604,0.3995956359197397,0.008201724269474298,0.22182803082322344,0.03833829251544962,-0.05512321660181563,-0.14324406805523715,0.05054551003280672
1778211057877925760,1778211057884767868,-0.1665140764476991,0.08564126039520836,0.28896772716868746,0.07991912718394723,-0.4625391012436104,0.005531395437552433,0.06389715419241604,0.3995956359197397,0.008201724269474298,0.22182803082322344,0.03871976806286703,-0.05512321660181563,-0.14324406805523715,0.05054551003280672
1778211057898744304,1778211057904773104,-0.1665140764476991,0.08564126039520836,0.28896772716868746,0.07953765163652982,-0.4625391012436104,0.005531395437552433,0.06389715419241604,0.4007400625619919,0.008201724269474298,0.22182803082322344,0.03833829251544962,-0.05512321660181563,-0.14324406805523715,0.05054551003280672
1778211057918361273,1778211057924709353,-0.1665140764476991,0.08564126039520836,0.28896772716868746,0.07991912718394723,-0.4625391012436104,0.005531395437552433,0.06389715419241604,0.40264744029907895,0.008201724269474298,0.22182803082322344,0.03871976806286703,-0.05512321660181563,-0.14324406805523715,0.05054551003280672
1778211057939349856,1778211057944687242,-0.1665140764476991,0.08564126039520836,0.28896772716868746,0.07991912718394723,-0.4625391012436104,0.005531395437552433,0.06427862973983345,0.4037918669413312,0.008201724269474298,0.22182803082322344,0.03871976806286703,-0.05512321660181563,-0.14324406805523715,0.05054551003280672
1778211057959566960,1778211057964679449,-0.1665140764476991,0.08564126039520836,0.28896772716868746,0.07991912718394723,-0.4625391012436104,0.005531395437552433,0.06389715419241604,0.4041733424887486,0.008201724269474298,0.22182803082322344,0.03871976806286703,-0.05512321660181563,-0.14324406805523715,0.05092698558022413
1778211057979679937,1778211057984769932,-0.1665140764476991,0.08564126039520836,0.28896772716868746,0.07991912718394723,-0.4625391012436104,0.005531395437552433,0.06389715419241604,0.4041733424887486,0.008201724269474298,0.22144655527580603,0.03871976806286703,-0.05512321660181563,-0.14324406805523715,0.05092698558022413
1778211057992718001,1778211058004787998,-0.1665140764476991,0.08564126039520836,0.28896772716868746,0.07991912718394723,-0.4625391012436104,0.005531395437552433,0.06389715419241604,0.4041733424887486,0.008201724269474298,0.22144655527580603,0.03833829251544962,-0.05512321660181563,-0.14324406805523715,0.05092698558022413
1778211058016526437,1778211058024790123,-0.1665140764476991,0.08564126039520836,0.28896772716868746,0.07991912718394723,-0.4625391012436104,0.005531395437552433,0.06427862973983345,0.4056992446784182,0.008201724269474298,0.22144655527580603,0.03871976806286703,-0.05512321660181563,-0.14362554360265456,0.05054551003280672
1778211058036687679,1778211058044710775,-0.1665140764476991,0.08564126039520836,0.28896772716868746,0.07991912718394723,-0.462157625696193,0.005531395437552433,0.06389715419241604,0.40608072022583563,0.008201724269474298,0.22144655527580603,0.03871976806286703,-0.05512321660181563,-0.14362554360265456,0.05092698558022413
1778211058056955250,1778211058064724589,-0.1665140764476991,0.08564126039520836,0.28896772716868746,0.07991912718394723,-0.462157625696193,0.005531395437552433,0.06427862973983345,0.40608072022583563,0.008201724269474298,0.22144655527580603,0.03871976806286703,-0.05512321660181563,-0.14400701915007197,0.05092698558022413
1778211058077733685,1778211058084806695,-0.1665140764476991,0.08564126039520836,0.28896772716868746,0.07991912718394723,-0.462157625696193,0.005531395437552433,0.06389715419241604,0.40608072022583563,0.008201724269474298,0.22144655527580603,0.03871976806286703,-0.05512321660181563,-0.14400701915007197,0.05092698558022413
1778211058103610688,1778211058104678220,-0.1665140764476991,0.08564126039520836,0.28896772716868746,0.07991912718394723,-0.462157625696193,0.005531395437552433,0.06427862973983345,0.40608072022583563,0.008201724269474298,0.22144655527580603,0.03871976806286703,-0.05512321660181563,-0.14400701915007197,0.05092698558022413
1778211058113919754,1778211058124741575,-0.1665140764476991,0.08564126039520836,0.28896772716868746,0.07991912718394723,-0.462157625696193,0.005531395437552433,0.06427862973983345,0.40608072022583563,0.008201724269474298,0.22182803082322344,0.03833829251544962,-0.05512321660181563,-0.14400701915007197,0.05092698558022413
1778211058137881306,1778211058144683609,-0.1665140764476991,0.08564126039520836,0.28896772716868746,0.07991912718394723,-0.462157625696193,0.005531395437552433,0.06427862973983345,0.40608072022583563,0.008201724269474298,0.22182803082322344,0.03871976806286703,-0.05512321660181563,-0.1451514457923242,0.05092698558022413
1778211058158346303,1778211058164713020,-0.1665140764476991,0.08564126039520836,0.2904936293583571,0.07991912718394723,-0.462157625696193,0.005531395437552433,0.06427862973983345,0.40608072022583563,0.008201724269474298,0.22182803082322344,0.03871976806286703,-0.05512321660181563,-0.14744029907682865,0.05092698558022413
1778211058178972716,1778211058184769920,-0.16689555199511652,0.08564126039520836,0.29201953154802673,0.07991912718394723,-0.462157625696193,0.005531395437552433,0.06427862973983345,0.40608072022583563,0.007820248722056888,0.22144655527580603,0.03871976806286703,-0.05512321660181563,-0.14820325017166347,0.05092698558022413
1778211058200961074,1778211058204708666,-0.16689555199511652,0.08564126039520836,0.29354543373769637,0.07991912718394723,-0.462157625696193,0.005531395437552433,0.06389715419241604,0.40608072022583563,0.008201724269474298,0.22144655527580603,0.03871976806286703,-0.05512321660181563,-0.14858472571908088,0.05092698558022413
1778211058220745811,1778211058224691424,-0.16689555199511652,0.08564126039520836,0.2939269092851138,0.07991912718394723,-0.462157625696193,0.005531395437552433,0.06427862973983345,0.40608072022583563,0.008201724269474298,0.22144655527580603,0.03871976806286703,-0.05512321660181563,-0.1493476768139157,0.05092698558022413
1778211058241262041,1778211058244709944,-0.1665140764476991,0.08564126039520836,0.2943083848325312,0.07991912718394723,-0.462157625696193,0.005531395437552433,0.06389715419241604,0.40608072022583563,0.008201724269474298,0.22144655527580603,0.03871976806286703,-0.05512321660181563,-0.15011062790875052,0.05092698558022413
1778211058261558605,1778211058264679195,-0.1665140764476991,0.08564126039520836,0.2958342870222008,0.07991912718394723,-0.462157625696193,0.005531395437552433,0.06389715419241604,0.40608072022583563,0.008201724269474298,0.22144655527580603,0.03871976806286703,-0.05512321660181563,-0.15011062790875052,0.05092698558022413
1778211058282297793,1778211058284734647,-0.1665140764476991,0.08564126039520836,0.29659723811703564,0.07991912718394723,-0.462157625696193,0.005531395437552433,0.06427862973983345,0.40608072022583563,0.008201724269474298,0.22144655527580603,0.03871976806286703,-0.05512321660181563,-0.15011062790875052,0.05092698558022413
1778211058303027018,1778211058304712773,-0.1665140764476991,0.08564126039520836,0.29659723811703564,0.07991912718394723,-0.462157625696193,0.005531395437552433,0.06427862973983345,0.40608072022583563,0.007820248722056888,0.22144655527580603,0.03833829251544962,-0.05512321660181563,-0.15049210345616792,0.05092698558022413
1778211058323563956,1778211058324680986,-0.1665140764476991,0.08564126039520836,0.29659723811703564,0.07991912718394723,-0.462157625696193,0.005531395437552433,0.06427862973983345,0.40608072022583563,0.007820248722056888,0.22144655527580603,0.03833829251544962,-0.05512321660181563,-0.15049210345616792,0.05092698558022413
1778211058343888953,1778211058344647390,-0.1665140764476991,0.08564126039520836,0.29659723811703564,0.07991912718394723,-0.462157625696193,0.005531395437552433,0.06427862973983345,0.40608072022583563,0.008201724269474298,0.22144655527580603,0.03871976806286703,-0.05512321660181563,-0.15049210345616792,0.05092698558022413
1778211058354693062,1778211058364773683,-0.16689555199511652,0.08564126039520836,0.29659723811703564,0.07991912718394723,-0.462157625696193,0.005531395437552433,0.06427862973983345,0.40608072022583563,0.008201724269474298,0.22144655527580603,0.03871976806286703,-0.05512321660181563,-0.15049210345616792,0.05092698558022413
1778211058374284319,1778211058384783029,-0.1665140764476991,0.08564126039520836,0.29659723811703564,0.07991912718394723,-0.462157625696193,0.005531395437552433,0.06427862973983345,0.40608072022583563,0.007820248722056888,0.22182803082322344,0.03871976806286703,-0.05512321660181563,-0.15049210345616792,0.05092698558022413
1778211058395409579,1778211058404769938,-0.16689555199511652,0.08564126039520836,0.29659723811703564,0.07991912718394723,-0.462157625696193,0.005531395437552433,0.06427862973983345,0.40608072022583563,0.007820248722056888,0.22144655527580603,0.03871976806286703,-0.05512321660181563,-0.15049210345616792,0.05092698558022413
1778211058415427283,1778211058424845866,-0.16689555199511652,0.08564126039520836,0.29659723811703564,0.07991912718394723,-0.462157625696193,0.005531395437552433,0.06389715419241604,0.40608072022583563,0.007820248722056888,0.22144655527580603,0.03871976806286703,-0.05512321660181563,-0.15087357900358533,0.05092698558022413
1778211058436701848,1778211058444705181,-0.16689555199511652,0.08564126039520836,0.29659723811703564,0.07991912718394723,-0.462157625696193,0.005531395437552433,0.06389715419241604,0.40608072022583563,0.007820248722056888,0.22144655527580603,0.03871976806286703,-0.05512321660181563,-0.15087357900358533,0.05092698558022413
1778211058457552626,1778211058464683121,-0.16689555199511652,0.08564126039520836,0.29659723811703564,0.07991912718394723,-0.462157625696193,0.005531395437552433,0.06389715419241604,0.40608072022583563,0.007820248722056888,0.22144655527580603,0.03871976806286703,-0.05512321660181563,-0.15087357900358533,0.05092698558022413
1778211058478101311,1778211058484756951,-0.1665140764476991,0.08564126039520836,0.29659723811703564,0.07991912718394723,-0.462157625696193,0.005531395437552433,0.06427862973983345,0.40608072022583563,0.008201724269474298,0.22144655527580603,0.03871976806286703,-0.05512321660181563,-0.15087357900358533,0.05092698558022413
1778211058499417204,1778211058504719986,-0.1665140764476991,0.08564126039520836,0.29659723811703564,0.07991912718394723,-0.462157625696193,0.005531395437552433,0.06427862973983345,0.40608072022583563,0.007820248722056888,0.22144655527580603,0.03871976806286703,-0.05512321660181563,-0.15087357900358533,0.051308461127641536
1778211058519353701,1778211058524683063,-0.1665140764476991,0.08564126039520836,0.29659723811703564,0.07991912718394723,-0.462157625696193,0.005531395437552433,0.06427862973983345,0.40608072022583563,0.007820248722056888,0.22144655527580603,0.03871976806286703,-0.05512321660181563,-0.15087357900358533,0.051308461127641536
1778211058535114302,1778211058544758528,-0.1665140764476991,0.08564126039520836,0.29659723811703564,0.07991912718394723,-0.462157625696193,0.005531395437552433,0.06389715419241604,0.40608072022583563,0.007820248722056888,0.22144655527580603,0.03871976806286703,-0.05512321660181563,-0.15087357900358533,0.051308461127641536
1778211058558483621,1778211058564701173,-0.16689555199511652,0.08564126039520836,0.29659723811703564,0.07991912718394723,-0.462157625696193,0.005531395437552433,0.06389715419241604,0.40608072022583563,0.007820248722056888,0.22144655527580603,0.03871976806286703,-0.05512321660181563,-0.15087357900358533,0.051308461127641536
1778211058577925000,1778211058584925922,-0.16689555199511652,0.08564126039520836,0.29659723811703564,0.07953765163652982,-0.462157625696193,0.005531395437552433,0.06389715419241604,0.40608072022583563,0.007820248722056888,0.22144655527580603,0.03871976806286703,-0.05512321660181563,-0.15087357900358533,0.051308461127641536
1778211058602935796,1778211058604677923,-0.16689555199511652,0.08564126039520836,0.29659723811703564,0.07991912718394723,-0.4617761501487756,0.005531395437552433,0.06389715419241604,0.40608072022583563,0.007820248722056888,0.22144655527580603,0.03871976806286703,-0.05512321660181563,-0.15087357900358533,0.051308461127641536
1778211058615166850,1778211058624707703,-0.16689555199511652,0.08564126039520836,0.29659723811703564,0.07991912718394723,-0.4617761501487756,0.005531395437552433,0.06389715419241604,0.40608072022583563,0.007820248722056888,0.22144655527580603,0.03871976806286703,-0.05512321660181563,-0.15125505455100274,0.051308461127641536
1778211058642409297,1778211058644693159,-0.1665140764476991,0.08564126039520836,0.29659723811703564,0.07991912718394723,-0.4617761501487756,0.005531395437552433,0.06389715419241604,0.40608072022583563,0.007820248722056888,0.22144655527580603,0.03871976806286703,-0.05512321660181563,-0.15125505455100274,0.051308461127641536
1778211058652542450,1778211058664933386,-0.1665140764476991,0.08564126039520836,0.29659723811703564,0.07991912718394723,-0.4617761501487756,0.005531395437552433,0.06389715419241604,0.40608072022583563,0.007820248722056888,0.22144655527580603,0.03871976806286703,-0.05512321660181563,-0.15125505455100274,0.051308461127641536
1778211058676268554,1778211058684802608,-0.1665140764476991,0.08564126039520836,0.29659723811703564,0.07991912718394723,-0.4617761501487756,0.005531395437552433,0.06389715419241604,0.40608072022583563,0.007820248722056888,0.22144655527580603,0.03833829251544962,-0.05512321660181563,-0.15125505455100274,0.051308461127641536
1778211058697388146,1778211058704776120,-0.1665140764476991,0.08564126039520836,0.29659723811703564,0.07953765163652982,-0.4617761501487756,0.005531395437552433,0.06389715419241604,0.40608072022583563,0.007820248722056888,0.22182803082322344,0.03833829251544962,-0.05512321660181563,-0.15163653009842015,0.051308461127641536
1778211058717214966,1778211058724756158,-0.16689555199511652,0.08564126039520836,0.29659723811703564,0.07991912718394723,-0.4617761501487756,0.005531395437552433,0.06389715419241604,0.40608072022583563,0.007820248722056888,0.22144655527580603,0.03871976806286703,-0.05512321660181563,-0.15201800564583756,0.051308461127641536
1778211058742717656,1778211058744686224,-0.1665140764476991,0.08564126039520836,0.29659723811703564,0.07991912718394723,-0.4617761501487756,0.005531395437552433,0.06389715419241604,0.40608072022583563,0.007820248722056888,0.22144655527580603,0.03871976806286703,-0.05512321660181563,-0.1535439078355072,0.051308461127641536
1778211058763906003,1778211058764672165,-0.1665140764476991,0.08564126039520836,0.29659723811703564,0.07991912718394723,-0.4613946746013582,0.005531395437552433,0.06389715419241604,0.40608072022583563,0.007820248722056888,0.22144655527580603,0.03871976806286703,-0.05512321660181563,-0.15468833447775943,0.051689936675058945
1778211058782188951,1778211058784730257,-0.1665140764476991,0.08564126039520836,0.29659723811703564,0.07991912718394723,-0.4617761501487756,0.005531395437552433,0.06389715419241604,0.40608072022583563,0.007820248722056888,0.22144655527580603,0.03833829251544962,-0.05512321660181563,-0.15468833447775943,0.051689936675058945
1778211058794975740,1778211058804671839,-0.1665140764476991,0.08564126039520836,0.29659723811703564,0.07991912718394723,-0.4617761501487756,0.005531395437552433,0.06389715419241604,0.40608072022583563,0.007820248722056888,0.22144655527580603,0.03833829251544962,-0.05512321660181563,-0.15506981002517684,0.051689936675058945
1778211058815313143,1778211058824826256,-0.16689555199511652,0.08564126039520836,0.29659723811703564,0.07991912718394723,-0.4613946746013582,0.005531395437552433,0.06389715419241604,0.40608072022583563,0.007820248722056888,0.22144655527580603,0.03871976806286703,-0.05512321660181563,-0.15621423666742906,0.051689936675058945
1778211058835931713,1778211058844705104,-0.1665140764476991,0.08564126039520836,0.29736018921187046,0.07991912718394723,-0.4613946746013582,0.005531395437552433,0.06389715419241604,0.40608072022583563,0.007820248722056888,0.22144655527580603,0.03833829251544962,-0.05512321660181563,-0.15926604104676834,0.051689936675058945
1778211058862276582,1778211058864706792,-0.16689555199511652,0.08564126039520836,0.2985046158541227,0.07991912718394723,-0.4613946746013582,0.005531395437552433,0.06389715419241604,0.40608072022583563,0.007820248722056888,0.22144655527580603,0.03833829251544962,-0.05512321660181563,-0.16079194323643797,0.051689936675058945
1778211058881352492,1778211058884833694,-0.16689555199511652,0.08564126039520836,0.2985046158541227,0.07991912718394723,-0.4613946746013582,0.005531395437552433,0.06427862973983345,0.40608072022583563,0.007820248722056888,0.22144655527580603,0.03871976806286703,-0.05512321660181563,-0.1615548943312728,0.051689936675058945
1778211058902765223,1778211058904672026,-0.16689555199511652,0.08564126039520836,0.2985046158541227,0.07991912718394723,-0.4613946746013582,0.005531395437552433,0.06427862973983345,0.40608072022583563,0.007438773174639479,0.22144655527580603,0.03871976806286703,-0.05512321660181563,-0.1615548943312728,0.051689936675058945
1778211058914925001,1778211058924956340,-0.16689555199511652,0.08564126039520836,0.2985046158541227,0.07991912718394723,-0.4613946746013582,0.005531395437552433,0.06427862973983345,0.40608072022583563,0.007438773174639479,0.22144655527580603,0.03871976806286703,-0.05512321660181563,-0.1619363698786902,0.051689936675058945
1778211058942672018,1778211058944673955,-0.16689555199511652,0.08564126039520836,0.2985046158541227,0.07991912718394723,-0.4610131990539408,0.005531395437552433,0.06389715419241604,0.40608072022583563,0.007438773174639479,0.22144655527580603,0.03871976806286703,-0.05512321660181563,-0.1619363698786902,0.052071412222476354
1778211058955534877,1778211058964713100,-0.16689555199511652,0.08564126039520836,0.2985046158541227,0.07991912718394723,-0.46025024795910596,0.005531395437552433,0.06389715419241604,0.40608072022583563,0.007438773174639479,0.22144655527580603,0.03871976806286703,-0.05512321660181563,-0.1619363698786902,0.052071412222476354
1778211058976988486,1778211058984698175,-0.16689555199511652,0.08564126039520836,0.2985046158541227,0.07991912718394723,-0.45948729686427114,0.005531395437552433,0.06389715419241604,0.40608072022583563,0.007438773174639479,0.22144655527580603,0.03871976806286703,-0.05512321660181563,-0.1619363698786902,0.05245288776989376
1778211058997282412,1778211059004800006,-0.16689555199511652,0.08564126039520836,0.2985046158541227,0.07991912718394723,-0.45948729686427114,0.005531395437552433,0.06389715419241604,0.40608072022583563,0.007438773174639479,0.22144655527580603,0.03871976806286703,-0.05512321660181563,-0.1619363698786902,0.05245288776989376
1778211059018440131,1778211059024741443,-0.16689555199511652,0.08564126039520836,0.2985046158541227,0.07991912718394723,-0.45910582131685373,0.005531395437552433,0.06389715419241604,0.40608072022583563,0.007438773174639479,0.22144655527580603,0.03871976806286703,-0.05512321660181563,-0.1619363698786902,0.05283436331731117
1778211059039430245,1778211059044732783,-0.16689555199511652,0.08564126039520836,0.2985046158541227,0.07991912718394723,-0.45948729686427114,0.005531395437552433,0.06427862973983345,0.40608072022583563,0.007438773174639479,0.22144655527580603,0.03833829251544962,-0.05512321660181563,-0.1619363698786902,0.0539787899595634
1778211059060160299,1778211059064678775,-0.16689555199511652,0.08564126039520836,0.2985046158541227,0.07991912718394723,-0.45948729686427114,0.005531395437552433,0.06427862973983345,0.40608072022583563,0.007438773174639479,0.22144655527580603,0.03871976806286703,-0.05512321660181563,-0.1619363698786902,0.05474174105439822
1778211059080152933,1778211059084724112,-0.16689555199511652,0.08564126039520836,0.2985046158541227,0.07991912718394723,-0.45910582131685373,0.005531395437552433,0.06427862973983345,0.40608072022583563,0.007438773174639479,0.22144655527580603,0.03833829251544962,-0.05512321660181563,-0.1619363698786902,0.05474174105439822
1778211059100754688,1778211059104721854,-0.16689555199511652,0.08564126039520836,0.2985046158541227,0.07991912718394723,-0.45910582131685373,0.005531395437552433,0.06427862973983345,0.40608072022583563,0.007438773174639479,0.22144655527580603,0.03833829251544962,-0.05512321660181563,-0.1619363698786902,0.05512321660181563
1778211059120825111,1778211059124678285,-0.16689555199511652,0.08564126039520836,0.2985046158541227,0.07991912718394723,-0.45910582131685373,0.005531395437552433,0.06389715419241604,0.40608072022583563,0.007438773174639479,0.22144655527580603,0.03833829251544962,-0.05512321660181563,-0.1619363698786902,0.05512321660181563
1778211059136331090,1778211059144732902,-0.16689555199511652,0.08564126039520836,0.2985046158541227,0.07991912718394723,-0.45910582131685373,0.005531395437552433,0.06427862973983345,0.40608072022583563,0.007438773174639479,0.22144655527580603,0.03833829251544962,-0.05512321660181563,-0.1619363698786902,0.05512321660181563
1778211059156929971,1778211059164708586,-0.16689555199511652,0.08564126039520836,0.2985046158541227,0.07991912718394723,-0.45910582131685373,0.005531395437552433,0.06427862973983345,0.40608072022583563,0.00705729762722207,0.22144655527580603,0.03871976806286703,-0.05512321660181563,-0.1619363698786902,0.05512321660181563
1778211059177667435,1778211059184762388,-0.16689555199511652,0.08564126039520836,0.2985046158541227,0.07991912718394723,-0.45910582131685373,0.005531395437552433,0.06427862973983345,0.40646219577325304,0.00705729762722207,0.22144655527580603,0.03871976806286703,-0.05512321660181563,-0.1619363698786902,0.05512321660181563
1778211059197822312,1778211059204670102,-0.16689555199511652,0.08564126039520836,0.2985046158541227,0.07991912718394723,-0.4587243457694363,0.005531395437552433,0.06427862973983345,0.4079880979629227,0.00705729762722207,0.22144655527580603,0.03833829251544962,-0.05512321660181563,-0.1619363698786902,0.05512321660181563
1778211059218538849,1778211059224725834,-0.16689555199511652,0.08564126039520836,0.2985046158541227,0.07991912718394723,-0.4587243457694363,0.005531395437552433,0.06389715419241604,0.4079880979629227,0.00705729762722207,0.22182803082322344,0.03871976806286703,-0.05512321660181563,-0.1619363698786902,0.05512321660181563
1778211059239607539,1778211059244708197,-0.16689555199511652,0.08564126039520836,0.2985046158541227,0.07991912718394723,-0.4587243457694363,0.005531395437552433,0.06427862973983345,0.4079880979629227,0.006675822079804661,0.22144655527580603,0.03871976806286703,-0.05512321660181563,-0.1623178454261076,0.05512321660181563
1778211059254876127,1778211059264693908,-0.16689555199511652,0.08564126039520836,0.2985046158541227,0.07991912718394723,-0.4587243457694363,0.005531395437552433,0.06427862973983345,0.4079880979629227,0.005912870984969842,0.22144655527580603,0.03833829251544962,-0.05512321660181563,-0.1619363698786902,0.05512321660181563
1778211059278737958,1778211059284672938,-0.16689555199511652,0.08564126039520836,0.2985046158541227,0.07953765163652982,-0.4587243457694363,0.005531395437552433,0.06427862973983345,0.4079880979629227,0.0040054932478827965,0.22144655527580603,0.03871976806286703,-0.05512321660181563,-0.1623178454261076,0.05512321660181563
1778211059299292201,1778211059304702047,-0.16689555199511652,0.08564126039520836,0.2985046158541227,0.07991912718394723,-0.4587243457694363,0.005531395437552433,0.06427862973983345,0.4087510490577575,0.0040054932478827965,0.22144655527580603,0.03871976806286703,-0.05512321660181563,-0.1619363698786902,0.05512321660181563
1778211059320752318,1778211059324695780,-0.16689555199511652,0.08564126039520836,0.2985046158541227,0.07953765163652982,-0.4587243457694363,0.005531395437552433,0.06427862973983345,0.4091325246051749,0.0036240177004653873,0.22144655527580603,0.03871976806286703,-0.05512321660181563,-0.1623178454261076,0.05512321660181563
1778211059341655351,1778211059344680258,-0.16689555199511652,0.08564126039520836,0.2985046158541227,0.07953765163652982,-0.4587243457694363,0.005531395437552433,0.06427862973983345,0.4091325246051749,0.0036240177004653873,0.22144655527580603,0.03833829251544962,-0.05512321660181563,-0.1623178454261076,0.05512321660181563
1778211059361834869,1778211059364739306,-0.16689555199511652,0.08564126039520836,0.2985046158541227,0.07991912718394723,-0.4587243457694363,0.005531395437552433,0.06427862973983345,0.4091325246051749,0.0036240177004653873,0.22144655527580603,0.03871976806286703,-0.05512321660181563,-0.1623178454261076,0.05512321660181563
1778211059382756791,1778211059384687789,-0.16689555199511652,0.08564126039520836,0.2985046158541227,0.07953765163652982,-0.4587243457694363,0.005531395437552433,0.06427862973983345,0.4091325246051749,0.0036240177004653873,0.22144655527580603,0.03871976806286703,-0.05512321660181563,-0.1623178454261076,0.05512321660181563
1778211059403486876,1778211059404680012,-0.16689555199511652,0.08564126039520836,0.2985046158541227,0.07953765163652982,-0.4587243457694363,0.005531395437552433,0.06427862973983345,0.4087510490577575,0.0036240177004653873,0.22144655527580603,0.03871976806286703,-0.05512321660181563,-0.16269932097352502,0.05512321660181563
1778211059423760738,1778211059424674676,-0.16689555199511652,0.08564126039520836,0.2985046158541227,0.07953765163652982,-0.4587243457694363,0.005531395437552433,0.06427862973983345,0.4091325246051749,0.0036240177004653873,0.22144655527580603,0.03871976806286703,-0.05512321660181563,-0.16346227206835984,0.05512321660181563
1778211059434620767,1778211059444743392,-0.16689555199511652,0.08564126039520836,0.2985046158541227,0.07991912718394723,-0.4587243457694363,0.005531395437552433,0.06427862973983345,0.4091325246051749,0.0036240177004653873,0.22144655527580603,0.03871976806286703,-0.05512321660181563,-0.16460669871061206,0.05512321660181563
1778211059459428646,1778211059464740334,-0.16689555199511652,0.08564126039520836,0.2985046158541227,0.07991912718394723,-0.4587243457694363,0.005531395437552433,0.06427862973983345,0.4087510490577575,0.0036240177004653873,0.22144655527580603,0.03871976806286703,-0.05512321660181563,-0.16536964980544688,0.05512321660181563
1778211059483426662,1778211059484679293,-0.16689555199511652,0.08564126039520836,0.2985046158541227,0.07953765163652982,-0.4587243457694363,0.005531395437552433,0.06427862973983345,0.4091325246051749,0.003242542153047978,0.22144655527580603,0.03871976806286703,-0.05512321660181563,-0.16536964980544688,0.05512321660181563
1778211059503862391,1778211059504682176,-0.16689555199511652,0.08564126039520836,0.2985046158541227,0.07953765163652982,-0.4587243457694363,0.005531395437552433,0.06427862973983345,0.4091325246051749,0.003242542153047978,0.22144655527580603,0.03871976806286703,-0.05512321660181563,-0.16536964980544688,0.05512321660181563
1778211059524426685,1778211059524921441,-0.16689555199511652,0.08564126039520836,0.2985046158541227,0.07953765163652982,-0.4583428702220189,0.005531395437552433,0.06427862973983345,0.4091325246051749,0.002861066605630569,0.22144655527580603,0.03871976806286703,-0.05512321660181563,-0.16498817425802947,0.05512321660181563
1778211059534595298,1778211059544717114,-0.16689555199511652,0.08564126039520836,0.2985046158541227,0.07991912718394723,-0.4587243457694363,0.005531395437552433,0.06427862973983345,0.4091325246051749,0.0024795910582131597,0.22144655527580603,0.03871976806286703,-0.05512321660181563,-0.16536964980544688,0.05512321660181563
1778211059555882772,1778211059564698187,-0.16689555199511652,0.08564126039520836,0.2985046158541227,0.07991912718394723,-0.4583428702220189,0.005531395437552433,0.06427862973983345,0.4091325246051749,0.000953688868543523,0.22144655527580603,0.03871976806286703,-0.05512321660181563,-0.16498817425802947,0.05512321660181563
1778211059576405027,1778211059584746484,-0.16689555199511652,0.08564126039520836,0.2992675669489575,0.07991912718394723,-0.4583428702220189,0.005531395437552433,0.06427862973983345,0.4091325246051749,0.000953688868543523,0.22144655527580603,0.03833829251544962,-0.05512321660181563,-0.16536964980544688,0.05512321660181563
1778211059601256164,1778211059604715483,-0.16689555199511652,0.08564126039520836,0.30041199359120974,0.07953765163652982,-0.4583428702220189,0.005531395437552433,0.06427862973983345,0.4091325246051749,0.0005722133211261138,0.22144655527580603,0.03871976806286703,-0.05512321660181563,-0.16536964980544688,0.05512321660181563
1778211059612805286,1778211059624692577,-0.16689555199511652,0.08564126039520836,0.30041199359120974,0.07991912718394723,-0.4587243457694363,0.005531395437552433,0.06427862973983345,0.4091325246051749,0.0005722133211261138,0.22144655527580603,0.03871976806286703,-0.05512321660181563,-0.16536964980544688,0.05512321660181563
1778211059639705507,1778211059644847076,-0.16689555199511652,0.08564126039520836,0.30041199359120974,0.07991912718394723,-0.4583428702220189,0.005531395437552433,0.06427862973983345,0.4091325246051749,0.0005722133211261138,0.22144655527580603,0.03871976806286703,-0.05512321660181563,-0.16536964980544688,0.05512321660181563
1778211059654815430,1778211059664716699,-0.16689555199511652,0.08564126039520836,0.30041199359120974,0.07953765163652982,-0.4583428702220189,0.005531395437552433,0.06427862973983345,0.4091325246051749,0.0005722133211261138,0.22144655527580603,0.03871976806286703,-0.05512321660181563,-0.16536964980544688,0.05512321660181563
