ros_timestamp_ns,system_timestamp_ns,openarm_right_joint1,openarm_right_joint3,openarm_right_joint4,openarm_left_joint6,openarm_left_joint5,openarm_left_joint2,openarm_left_joint7,openarm_left_joint4,openarm_right_joint5,openarm_left_joint1,openarm_right_joint2,openarm_left_joint3,openarm_right_joint7,openarm_right_joint6
1778211145720769075,1778211145723456466,0.03833829251544962,0.010872053101396162,0.23174639505607608,-0.3488593881132225,0.07839322499427759,-0.04482337682154558,0.31834134431982797,0.4087510490577575,-0.3664072632944233,0.07267109178301645,0.04901960784313708,-0.03376058594644071,-0.11806668192568814,0.12989242389562783
1778211145732867305,1778211145743536606,0.03871976806286703,0.010872053101396162,0.23174639505607608,-0.3492408636606399,0.078774700541695,-0.04482337682154558,0.31834134431982797,0.4087510490577575,-0.3664072632944233,0.07267109178301645,0.04940108339055449,-0.03376058594644071,-0.11806668192568814,0.13027389944304524
1778211145761344418,1778211145763456877,0.03871976806286703,0.010872053101396162,0.23174639505607608,-0.3492408636606399,0.078774700541695,-0.04482337682154558,0.31834134431982797,0.4091325246051749,-0.3664072632944233,0.07267109178301645,0.05016403448538931,-0.03376058594644071,-0.11806668192568814,0.13027389944304524
1778211145782536384,1778211145783454750,0.03871976806286703,0.010872053101396162,0.23174639505607608,-0.3492408636606399,0.07839322499427759,-0.04482337682154558,0.31834134431982797,0.4091325246051749,-0.3664072632944233,0.07267109178301645,0.05092698558022413,-0.03376058594644071,-0.11768520637827073,0.12989242389562783
1778211145794062884,1778211145803467381,0.03871976806286703,0.010872053101396162,0.23174639505607608,-0.3492408636606399,0.078774700541695,-0.04482337682154558,0.31795986877241056,0.4091325246051749,-0.3664072632944233,0.07267109178301645,0.051689936675058945,-0.03376058594644071,-0.11768520637827073,0.12989242389562783
1778211145822295837,1778211145823471063,0.03871976806286703,0.011253528648813571,0.23174639505607608,-0.3492408636606399,0.07839322499427759,-0.04482337682154558,0.31795986877241056,0.4087510490577575,-0.3664072632944233,0.07267109178301645,0.05283436331731117,-0.03376058594644071,-0.1161593041886011,0.12989242389562783
1778211145836368314,1778211145843598183,0.03871976806286703,0.011253528648813571,0.23174639505607608,-0.3492408636606399,0.07839322499427759,-0.04482337682154558,0.31834134431982797,0.4087510490577575,-0.3664072632944233,0.07267109178301645,0.05283436331731117,-0.03376058594644071,-0.11577782864118369,0.12989242389562783
1778211145856227113,1778211145863578401,0.03871976806286703,0.011253528648813571,0.23174639505607608,-0.3492408636606399,0.07801174944686018,-0.04482337682154558,0.31795986877241056,0.4087510490577575,-0.3664072632944233,0.07267109178301645,0.05283436331731117,-0.03376058594644071,-0.11577782864118369,0.12989242389562783
1778211145876772459,1778211145883538863,0.03871976806286703,0.012397955291065799,0.2321278706034935,-0.3492408636606399,0.07801174944686018,-0.04482337682154558,0.31834134431982797,0.4087510490577575,-0.3667887388418407,0.07267109178301645,0.05321583886472858,-0.03376058594644071,-0.11577782864118369,0.12989242389562783
1778211145898058680,1778211145903545584,0.03871976806286703,0.014305333028152845,0.2321278706034935,-0.3492408636606399,0.07801174944686018,-0.04482337682154558,0.31834134431982797,0.4087510490577575,-0.3667887388418407,0.07267109178301645,0.05283436331731117,-0.03528648813611035,-0.11577782864118369,0.13027389944304524
1778211145918516558,1778211145923495014,0.03833829251544962,0.01621271076523989,0.2321278706034935,-0.3492408636606399,0.07801174944686018,-0.04482337682154558,0.31834134431982797,0.4087510490577575,-0.3667887388418407,0.07305256733043386,0.05283436331731117,-0.03681239032577999,-0.11539635309376628,0.13027389944304524
1778211145938452920,1778211145943484144,0.03833829251544962,0.017738612954909527,0.2321278706034935,-0.3492408636606399,0.07801174944686018,-0.04482337682154558,0.31834134431982797,0.4087510490577575,-0.3671702143892581,0.07381551842526868,0.05245288776989376,-0.03871976806286703,-0.11425192645151405,0.13027389944304524
1778211145959773566,1778211145963528983,0.03833829251544962,0.0207904173342488,0.2325093461509109,-0.3492408636606399,0.07763027389944277,-0.04482337682154558,0.31795986877241056,0.4087510490577575,-0.3671702143892581,0.0745784695201035,0.05283436331731117,-0.03986419470511926,-0.11158159761959219,0.13027389944304524
1778211145979453549,1778211145983497752,0.037956816968032214,0.022697795071335847,0.23479819943541536,-0.3492408636606399,0.07763027389944277,-0.04482337682154558,0.31834134431982797,0.4087510490577575,-0.36755168993667553,0.0745784695201035,0.05283436331731117,-0.0413900968947889,-0.10852979324025291,0.13027389944304524
1778211145992203698,1778211146003580110,0.037956816968032214,0.024986648355840302,0.23746852826733722,-0.3492408636606399,0.07763027389944277,-0.04482337682154558,0.31795986877241056,0.4087510490577575,-0.36984054322118,0.0745784695201035,0.05283436331731117,-0.042153047989623715,-0.1081483176928355,0.13027389944304524
1778211146015205766,1778211146023551187,0.037193865873197396,0.03032730601968403,0.24166475928892872,-0.3492408636606399,0.07763027389944277,-0.04482337682154558,0.31834134431982797,0.4087510490577575,-0.3740367742427715,0.0745784695201035,0.05283436331731117,-0.042915999084458534,-0.10509651331349623,0.13065537499046265
1778211146035665164,1778211146043467701,0.03604943923094517,0.037193865873197396,0.24586099031052022,-0.3492408636606399,0.07724879835202536,-0.04482337682154558,0.31834134431982797,0.4087510490577575,-0.37670710307469335,0.0745784695201035,0.05245288776989376,-0.042915999084458534,-0.10433356221866141,0.13141832608529747
1778211146056365069,1778211146063673432,0.03566796368352776,0.04520485236896299,0.25120164797436395,-0.3492408636606399,0.07724879835202536,-0.04482337682154558,0.31834134431982797,0.4087510490577575,-0.3797589074540326,0.0749599450675209,0.05245288776989376,-0.04329747463187594,-0.10433356221866141,0.13408865491721933
1778211146077656438,1778211146083532141,0.03528648813611035,0.055886167696650446,0.2565423056382077,-0.3492408636606399,0.07724879835202536,-0.04482337682154558,0.31834134431982797,0.4087510490577575,-0.3835736629282067,0.0749599450675209,0.05283436331731117,-0.04482337682154558,-0.10585946440833105,0.13981078812848047
1778211146097460409,1778211146103572840,0.03528648813611035,0.06275272755016381,0.26417181658655586,-0.3492408636606399,0.07724879835202536,-0.04482337682154558,0.31834134431982797,0.4087510490577575,-0.386625467307546,0.0749599450675209,0.05283436331731117,-0.046730754558632626,-0.12111848630502742,0.1535439078355072
1778211146118595801,1778211146123497774,0.03528648813611035,0.07534142061493831,0.2729457541771563,-0.3492408636606399,0.07763027389944277,-0.04482337682154558,0.3187228198672454,0.4087510490577575,-0.3904402227817201,0.0749599450675209,0.05283436331731117,-0.04825665674830226,-0.1455329213397416,0.16956588082703838
1778211146138267006,1778211146143503100,0.03490501258869294,0.08411535820553873,0.28515297169451337,-0.3492408636606399,0.07724879835202536,-0.04482337682154558,0.3187228198672454,0.4087510490577575,-0.39768825818265086,0.0749599450675209,0.05245288776989376,-0.04863813229571967,-0.18863965819790884,0.1955062180514222
1778211146153131997,1778211146163552018,0.032997634851605895,0.09403372243839137,0.2988860914015401,-0.3492408636606399,0.07801174944686018,-0.04482337682154558,0.3194857709620802,0.4087510490577575,-0.40226596475165977,0.0749599450675209,0.052071412222476354,-0.04863813229571967,-0.23289082169833009,0.2153429465171275
1778211146182475864,1778211146183455699,0.02994583047226662,0.11005569542992255,0.32558937972075874,-0.3492408636606399,0.07839322499427759,-0.04482337682154558,0.3194857709620802,0.4087510490577575,-0.4163805600061039,0.0749599450675209,0.051689936675058945,-0.04863813229571967,-0.2885862516212718,0.24967574578469431
1778211146194687297,1778211146203550095,0.02536812390325771,0.11310749980926182,0.3324559395742721,-0.3492408636606399,0.07839322499427759,-0.04482337682154558,0.3194857709620802,0.4087510490577575,-0.41905088883802577,0.0749599450675209,0.051689936675058945,-0.04863813229571967,-0.29278248264286333,0.2569237811856251
1778211146222747513,1778211146223451502,0.015449759670405072,0.11997405966277519,0.35420004577706443,-0.3492408636606399,0.078774700541695,-0.04482337682154558,0.32139314869916724,0.4087510490577575,-0.42324711985961727,0.0749599450675209,0.052071412222476354,-0.04863813229571967,-0.29354543373769815,0.2748531319142433
1778211146232362557,1778211146243553916,0.012397955291065799,0.12149996185244483,0.3618295567254126,-0.3492408636606399,0.078774700541695,-0.04482337682154558,0.32253757534141947,0.4087510490577575,-0.4243915465018695,0.0749599450675209,0.05245288776989376,-0.04863813229571967,-0.2946898603799504,0.2790493629358348
1778211146255987092,1778211146263639538,0.0020981155107957505,0.12493324177920151,0.37556267643243935,-0.3492408636606399,0.0791561760891124,-0.04482337682154558,0.32253757534141947,0.4091325246051749,-0.42629892423895654,0.0749599450675209,0.05245288776989376,-0.04863813229571967,-0.29812314030670706,0.29736018921187046
1778211146276623452,1778211146283495472,-0.004386968795300206,0.12798504615854078,0.3870069428549616,-0.3492408636606399,0.07953765163652982,-0.04482337682154558,0.32253757534141947,0.4098954757000097,-0.4247730220492869,0.0749599450675209,0.05245288776989376,-0.04863813229571967,-0.29850461585412447,0.31338216220340165
1778211146297087675,1778211146303541180,-0.01163500419623098,0.13027389944304524,0.3953994048981482,-0.3492408636606399,0.08068207827878204,-0.04482337682154558,0.3229190508888369,0.41142137788967936,-0.4205767910276954,0.0749599450675209,0.05245288776989376,-0.04863813229571967,-0.29621576256962,0.3248264286259239
1778211146317753792,1778211146323456583,-0.017738612954909527,0.1325627527275497,0.4007400625619919,-0.3492408636606399,0.08411535820553873,-0.04482337682154558,0.3229190508888369,0.4137102311741838,-0.41752498664835613,0.0749599450675209,0.05245288776989376,-0.04863813229571967,-0.2882047760738544,0.33360036621652434
1778211146338333089,1778211146343461794,-0.022316319523918438,0.13370717936980192,0.4037918669413312,-0.3492408636606399,0.08793011367971282,-0.04482337682154558,0.3240634775310891,0.41561760891127086,-0.4152361333638517,0.07572289616235572,0.05245288776989376,-0.04863813229571967,-0.2786678873884192,0.3408484016174551
1778211146358812588,1778211146363525169,-0.026894026092927348,0.13370717936980192,0.4049362935835834,-0.3492408636606399,0.08831158922713023,-0.04482337682154558,0.32520790417334133,0.41561760891127086,-0.4152361333638517,0.07724879835202536,0.052071412222476354,-0.04863813229571967,-0.27256427862974064,0.34695201037613366
1778211146379419688,1778211146383505139,-0.029182879377431803,0.13370717936980192,0.40608072022583563,-0.3492408636606399,0.09021896696421727,-0.04482337682154558,0.32520790417334133,0.41561760891127086,-0.41828793774319095,0.07724879835202536,0.051308461127641536,-0.04863813229571967,-0.2698939497978188,0.3561074235141515
1778211146399930727,1778211146403477297,-0.033379110399023304,0.13447013046463674,0.4083695735103401,-0.3492408636606399,0.09060044251163468,-0.04482337682154558,0.32558937972075874,0.41561760891127086,-0.42286564431219986,0.07724879835202536,0.051308461127641536,-0.04863813229571967,-0.2744716563668277,0.3652628366521693
1778211146421030364,1778211146423453543,-0.03490501258869294,0.13637750820172378,0.41180285343709677,-0.3492408636606399,0.09060044251163468,-0.04482337682154558,0.32558937972075874,0.41561760891127086,-0.428587777523461,0.07724879835202536,0.05054551003280672,-0.04863813229571967,-0.2801937895780888,0.37479972533760453
1778211146441344802,1778211146443475743,-0.03643091477836258,0.13828488593881083,0.4137102311741838,-0.3492408636606399,0.09060044251163468,-0.04482337682154558,0.32558937972075874,0.41561760891127086,-0.4373617151140614,0.07724879835202536,0.0497825589379719,-0.04863813229571967,-0.28553444724193255,0.3812848096437005
1778211146460982338,1778211146463469966,-0.03681239032577999,0.13942931258106306,0.4133287556267664,-0.3492408636606399,0.09060044251163468,-0.04482337682154558,0.32558937972075874,0.41561760891127086,-0.44651712825207923,0.07724879835202536,0.05016403448538931,-0.04863813229571967,-0.28095674067292364,0.385481040665292
1778211146476986126,1778211146483501812,-0.037193865873197396,0.13904783703364565,0.4133287556267664,-0.3492408636606399,0.09060044251163468,-0.04482337682154558,0.32558937972075874,0.41561760891127086,-0.4533836881055926,0.07724879835202536,0.05016403448538931,-0.04863813229571967,-0.2744716563668277,0.38738841840237903
1778211146500497436,1778211146503484709,-0.037193865873197396,0.13904783703364565,0.4121843289845142,-0.3492408636606399,0.09060044251163468,-0.04482337682154558,0.32558937972075874,0.41561760891127086,-0.4659723811703671,0.07724879835202536,0.05054551003280672,-0.04863813229571967,-0.26073853665980096,0.38891432059204867
1778211146521193323,1778211146523455497,-0.03643091477836258,0.13904783703364565,0.41027695124742714,-0.3492408636606399,0.09060044251163468,-0.04482337682154558,0.32558937972075874,0.41561760891127086,-0.4732204165712979,0.07724879835202536,0.05016403448538931,-0.04863813229571967,-0.25196459906920055,0.38853284504463126
1778211146541974125,1778211146543459712,-0.03566796368352776,0.13942931258106306,0.41027695124742714,-0.3492408636606399,0.09060044251163468,-0.04482337682154558,0.32558937972075874,0.41561760891127086,-0.478942549782559,0.07724879835202536,0.05016403448538931,-0.04863813229571967,-0.24929427023727868,0.38853284504463126
1778211146562577172,1778211146563457278,-0.033379110399023304,0.13942931258106306,0.4098954757000097,-0.3492408636606399,0.09060044251163468,-0.04482337682154558,0.32558937972075874,0.41561760891127086,-0.4816128786144809,0.07724879835202536,0.05016403448538931,-0.04863813229571967,-0.24776836804760904,0.3892957961394661
1778211146572868599,1778211146583570430,-0.033379110399023304,0.13942931258106306,0.4098954757000097,-0.3492408636606399,0.09060044251163468,-0.04482337682154558,0.32558937972075874,0.41561760891127086,-0.4827573052567331,0.07724879835202536,0.05016403448538931,-0.04863813229571967,-0.24776836804760904,0.3900587472343009
1778211146593039076,1778211146603510572,-0.032997634851605895,0.13942931258106306,0.4091325246051749,-0.3492408636606399,0.09060044251163468,-0.04482337682154558,0.32558937972075874,0.41561760891127086,-0.48542763408865497,0.07724879835202536,0.05016403448538931,-0.04863813229571967,-0.24814984359502645,0.3927290760662263
1778211146614515764,1778211146623474449,-0.032997634851605895,0.1409552147707327,0.4095140001525923,-0.3496223392080573,0.09060044251163468,-0.04482337682154558,0.32558937972075874,0.41561760891127086,-0.4877164873731594,0.07724879835202536,0.05016403448538931,-0.04901960784313708,-0.254253452353705,0.3969253070878178
1778211146635251425,1778211146643497200,-0.032234683756771076,0.14324406805523715,0.4095140001525923,-0.3496223392080573,0.09098191805905209,-0.04482337682154558,0.32558937972075874,0.41561760891127086,-0.48962386511024647,0.07724879835202536,0.0497825589379719,-0.0497825589379719,-0.2702754253452362,0.40188448920424413
1778211146655242688,1778211146663498496,-0.03109025711451885,0.1451514457923242,0.4098954757000097,-0.3496223392080573,0.09098191805905209,-0.04482337682154558,0.32558937972075874,0.41561760891127086,-0.4907682917524987,0.07724879835202536,0.0497825589379719,-0.051689936675058945,-0.28934920271610665,0.40684367132067045
1778211146675594670,1778211146683564827,-0.03109025711451885,0.1455329213397416,0.41065842679484454,-0.3503852903028921,0.09098191805905209,-0.04482337682154558,0.32558937972075874,0.41561760891127086,-0.4949645227740902,0.07724879835202536,0.05016403448538931,-0.0539787899595634,-0.3030823224231334,0.4121843289845142
1778211146696629457,1778211146703483704,-0.032234683756771076,0.1455329213397416,0.41065842679484454,-0.35152971694514434,0.09098191805905209,-0.04482337682154558,0.32558937972075874,0.41561760891127086,-0.49801632715342947,0.07724879835202536,0.05016403448538931,-0.05512321660181563,-0.3042267490653856,0.41447318226901864
1778211146721491177,1778211146723453860,-0.03414206149385812,0.14591439688715901,0.41065842679484454,-0.35229266803997916,0.09098191805905209,-0.04482337682154558,0.32558937972075874,0.41561760891127086,-0.49763485160601206,0.07763027389944277,0.05016403448538931,-0.05512321660181563,-0.30956740672922933,0.41523613336385345
1778211146733038872,1778211146743450654,-0.03376058594644071,0.14591439688715901,0.41027695124742714,-0.35267414358739657,0.09098191805905209,-0.04482337682154558,0.32558937972075874,0.41561760891127086,-0.49763485160601206,0.07724879835202536,0.05016403448538931,-0.05512321660181563,-0.3118562600137338,0.41561760891127086
1778211146760792599,1778211146763503054,-0.033379110399023304,0.14591439688715901,0.4091325246051749,-0.35267414358739657,0.09098191805905209,-0.04482337682154558,0.32558937972075874,0.41561760891127086,-0.49801632715342947,0.07763027389944277,0.0497825589379719,-0.05512321660181563,-0.32749675745784756,0.4175249866483579
1778211146772462779,1778211146783609713,-0.033379110399023304,0.14591439688715901,0.40608072022583563,-0.353055619134814,0.09098191805905209,-0.04482337682154558,0.32558937972075874,0.41561760891127086,-0.4983978027008469,0.07724879835202536,0.0497825589379719,-0.05512321660181563,-0.3282597085526824,0.41828793774319273
1778211146803078916,1778211146803691477,-0.03147173266193626,0.14858472571908088,0.39768825818265263,-0.353055619134814,0.09098191805905209,-0.04482337682154558,0.32558937972075874,0.41561760891127086,-0.4983978027008469,0.07724879835202536,0.0497825589379719,-0.05512321660181563,-0.3336003662165261,0.41828793774319273
1778211146812202722,1778211146823603808,-0.03109025711451885,0.15049210345616792,0.39501792935073077,-0.353055619134814,0.09098191805905209,-0.04482337682154558,0.32558937972075874,0.41561760891127086,-0.5010681315327687,0.07724879835202536,0.0497825589379719,-0.05512321660181563,-0.34313725490196134,0.41866941329061014
1778211146835836944,1778211146843660809,-0.03032730601968403,0.15697718776226388,0.39082169832913927,-0.353055619134814,0.09098191805905209,-0.04482337682154558,0.32558937972075874,0.41561760891127086,-0.5064087891966125,0.07724879835202536,0.04940108339055449,-0.05512321660181563,-0.3629739833676666,0.4205767910276972
1778211146855752919,1778211146863582706,-0.03070878156710144,0.16041046768902056,0.38738841840237903,-0.3534370946822314,0.09098191805905209,-0.04482337682154558,0.32558937972075874,0.41561760891127086,-0.5170901045242999,0.07724879835202536,0.04901960784313708,-0.05512321660181563,-0.3831921873807893,0.42324711985961905
1778211146876360254,1778211146883616535,-0.03109025711451885,0.1657511253528643,0.385481040665292,-0.3534370946822314,0.09098191805905209,-0.04482337682154558,0.32558937972075874,0.41561760891127086,-0.5289158464942396,0.07724879835202536,0.04940108339055449,-0.05512321660181563,-0.3912031738765549,0.42401007095445387
1778211146897172139,1778211146903552848,-0.03414206149385812,0.17109178301670802,0.38433661402303976,-0.3534370946822314,0.09098191805905209,-0.04482337682154558,0.32558937972075874,0.41561760891127086,-0.5384527351796748,0.07724879835202536,0.04940108339055449,-0.05512321660181563,-0.3957808804455638,0.4243915465018713
1778211146918975538,1778211146923508632,-0.03681239032577999,0.17948424505989102,0.38433661402303976,-0.3534370946822314,0.09098191805905209,-0.04482337682154558,0.32558937972075874,0.41561760891127086,-0.5468451972228578,0.07724879835202536,0.0497825589379719,-0.05512321660181563,-0.40112153810940754,0.4255359731441235
1778211146939654273,1778211146943617299,-0.037956816968032214,0.1863508049134044,0.38395513847562235,-0.3534370946822314,0.09098191805905209,-0.04482337682154558,0.32558937972075874,0.4167620355535231,-0.5502784771496145,0.07724879835202536,0.0497825589379719,-0.05512321660181563,-0.40608072022583386,0.4259174486915409
1778211146960276082,1778211146963545608,-0.03948271915770185,0.19245441367208294,0.38395513847562235,-0.3534370946822314,0.09098191805905209,-0.04482337682154558,0.32520790417334133,0.41866941329061014,-0.5498970016021971,0.07724879835202536,0.0497825589379719,-0.05512321660181563,-0.4129472800793472,0.4259174486915409
1778211146980969388,1778211146983675538,-0.03986419470511926,0.19703212024109185,0.38357366292820494,-0.3534370946822314,0.09098191805905209,-0.04482337682154558,0.32558937972075874,0.41943236438544496,-0.5491340505073623,0.07724879835202536,0.0497825589379719,-0.05512321660181563,-0.4125658045319298,0.4259174486915409
1778211147001743907,1778211147003471975,-0.03948271915770185,0.20046540016784853,0.37937743190661344,-0.3538185702296488,0.0913633936064695,-0.04482337682154558,0.32597085526817615,0.41943236438544496,-0.5464637216754404,0.07724879835202536,0.0497825589379719,-0.05512321660181563,-0.411802853437095,0.4255359731441235
1778211147022344868,1778211147023483713,-0.03871976806286703,0.20275425345235298,0.3732738231479349,-0.3538185702296488,0.0913633936064695,-0.04482337682154558,0.32520790417334133,0.41943236438544496,-0.5430304417486838,0.07724879835202536,0.0497825589379719,-0.05512321660181563,-0.4114213778896776,0.4251544975967061
1778211147042644242,1778211147043491770,-0.037575341420614805,0.20466163118944003,0.36793316548409116,-0.3542000457770662,0.0913633936064695,-0.04482337682154558,0.32558937972075874,0.41905088883802755,-0.5407415884641793,0.07724879835202536,0.0497825589379719,-0.05512321660181563,-0.4083695735103383,0.4251544975967061
1778211147053046305,1778211147063566287,-0.03643091477836258,0.20580605783169226,0.3652628366521693,-0.3545815213244836,0.0913633936064695,-0.04482337682154558,0.32558937972075874,0.41905088883802755,-0.5399786373693445,0.07724879835202536,0.0497825589379719,-0.05512321660181563,-0.4079880979629209,0.4251544975967061
1778211147073321575,1778211147083641644,-0.03643091477836258,0.2077134355687793,0.3614480811779952,-0.35610742351415325,0.0913633936064695,-0.04482337682154558,0.32558937972075874,0.41905088883802755,-0.5373083085374226,0.07724879835202536,0.04940108339055449,-0.05550469214923304,-0.4083695735103383,0.4251544975967061
1778211147094298763,1778211147103584370,-0.03643091477836258,0.20962081330586635,0.35839627679865593,-0.3568703746089881,0.0913633936064695,-0.04482337682154558,0.32558937972075874,0.41905088883802755,-0.5354009308003356,0.07724879835202536,0.04940108339055449,-0.056267643244067855,-0.40913252460517313,0.4247730220492887
1778211147115829129,1778211147123813946,-0.037193865873197396,0.2115281910429534,0.3576333257038211,-0.3576333257038229,0.09098191805905209,-0.04482337682154558,0.32558937972075874,0.41905088883802755,-0.5334935530632485,0.07724879835202536,0.04940108339055449,-0.0581750209811549,-0.4129472800793472,0.42248416876478423
1778211147140638807,1778211147143555676,-0.03871976806286703,0.21305409323262303,0.3564888990615689,-0.3576333257038229,0.0913633936064695,-0.04482337682154558,0.32558937972075874,0.41905088883802755,-0.5327306019684137,0.07724879835202536,0.04940108339055449,-0.060845349813076766,-0.4194323643854432,0.4217212176699494
1778211147153060790,1778211147163668639,-0.03871976806286703,0.21457999542229267,0.35458152132448184,-0.3576333257038229,0.0913633936064695,-0.04482337682154558,0.32558937972075874,0.41905088883802755,-0.5327306019684137,0.07724879835202536,0.04940108339055449,-0.061226825360494175,-0.42210269321736504,0.421339742122532
1778211147171702839,1778211147183584724,-0.03910124361028444,0.2161058976119623,0.3530556191348122,-0.3576333257038229,0.0913633936064695,-0.04520485236896299,0.32558937972075874,0.41905088883802755,-0.5331120775158311,0.07724879835202536,0.0497825589379719,-0.06198977645532899,-0.4240100709544521,0.41866941329061014
1778211147195218309,1778211147203613336,-0.03948271915770185,0.21877622644388417,0.35152971694514257,-0.3576333257038229,0.0913633936064695,-0.04520485236896299,0.32558937972075874,0.41905088883802755,-0.5331120775158311,0.07724879835202536,0.0497825589379719,-0.061608300907911584,-0.42286564431219986,0.4163805600061057
1778211147222613768,1778211147223817856,-0.03986419470511926,0.22106507972838862,0.3484779125658033,-0.3576333257038229,0.0913633936064695,-0.04482337682154558,0.32597085526817615,0.41905088883802755,-0.5334935530632485,0.07724879835202536,0.05016403448538931,-0.061608300907911584,-0.4121843289845124,0.412947280079349
1778211147232882034,1778211147243614588,-0.03986419470511926,0.22182803082322344,0.34618905928129884,-0.3576333257038229,0.0913633936064695,-0.04482337682154558,0.32558937972075874,0.41905088883802755,-0.5334935530632485,0.07724879835202536,0.05016403448538931,-0.061608300907911584,-0.4076066224155035,0.41027695124742714
1778211147262919645,1778211147263476439,-0.03910124361028444,0.2237354085603105,0.3412298771648725,-0.3580148012512403,0.0913633936064695,-0.04482337682154558,0.32558937972075874,0.41905088883802755,-0.5338750286106659,0.07724879835202536,0.0497825589379719,-0.061608300907911584,-0.38586251621271117,0.404554818036166
1778211147274475812,1778211147283484694,-0.03910124361028444,0.2237354085603105,0.33894102388036806,-0.3580148012512403,0.0913633936064695,-0.04482337682154558,0.32558937972075874,0.41905088883802755,-0.5338750286106659,0.07724879835202536,0.05016403448538931,-0.061608300907911584,-0.37594415197985853,0.40264744029907895
1778211147302866689,1778211147303571953,-0.03910124361028444,0.2237354085603105,0.3324559395742721,-0.3583962767986577,0.0913633936064695,-0.04482337682154558,0.32597085526817615,0.41905088883802755,-0.5327306019684137,0.07724879835202536,0.0497825589379719,-0.061608300907911584,-0.35610742351415325,0.3919661249713915
1778211147315670052,1778211147323549797,-0.03871976806286703,0.2241168841077279,0.33016708628976765,-0.3583962767986577,0.0913633936064695,-0.04482337682154558,0.32558937972075874,0.41905088883802755,-0.5334935530632485,0.07724879835202536,0.0497825589379719,-0.061608300907911584,-0.3458075837338832,0.3892957961394661
1778211147336647840,1778211147343558287,-0.03871976806286703,0.2244983596551453,0.32520790417334133,-0.3583962767986577,0.0913633936064695,-0.04482337682154558,0.32558937972075874,0.41905088883802755,-0.5315861753261615,0.07724879835202536,0.0497825589379719,-0.061608300907911584,-0.34008545052262207,0.3824292362859527
1778211147356747623,1778211147363616548,-0.03871976806286703,0.2244983596551453,0.3198672465094976,-0.3583962767986577,0.0913633936064695,-0.04520485236896299,0.32597085526817615,0.41905088883802755,-0.5338750286106659,0.07724879835202536,0.05016403448538931,-0.061608300907911584,-0.3217746242465864,0.3728923476005175
1778211147382866049,1778211147383519190,-0.03871976806286703,0.2244983596551453,0.30994888227664497,-0.3587777523460751,0.0913633936064695,-0.04520485236896299,0.32597085526817615,0.41905088883802755,-0.5323491264209963,0.07724879835202536,0.05016403448538931,-0.061608300907911584,-0.3004119935912115,0.3610666056305778
1778211147396347523,1778211147403511139,-0.03871976806286703,0.2244983596551453,0.3076600289921405,-0.3587777523460751,0.0913633936064695,-0.04482337682154558,0.32558937972075874,0.41905088883802755,-0.5331120775158311,0.07724879835202536,0.05016403448538931,-0.061608300907911584,-0.2958342870222026,0.35420004577706443
1778211147416348007,1778211147423637879,-0.03871976806286703,0.2244983596551453,0.3030823224231316,-0.3591592278934925,0.0913633936064695,-0.04482337682154558,0.32558937972075874,0.41905088883802755,-0.5331120775158311,0.07724879835202536,0.05016403448538931,-0.061608300907911584,-0.2950713359273678,0.3492408636606381
1778211147437464888,1778211147443529351,-0.03871976806286703,0.2244983596551453,0.2981231403067053,-0.35954070344090994,0.0913633936064695,-0.04482337682154558,0.32558937972075874,0.41905088883802755,-0.5342565041580833,0.07724879835202536,0.05016403448538931,-0.061608300907911584,-0.29316395819028074,0.34657053482871625
1778211147462366077,1778211147463472858,-0.03871976806286703,0.2244983596551453,0.2912565804531919,-0.35992217898832735,0.0913633936064695,-0.04482337682154558,0.32558937972075874,0.41905088883802755,-0.5354009308003356,0.07724879835202536,0.05016403448538931,-0.061608300907911584,-0.2862973983367674,0.34199282825970734
1778211147483000924,1778211147483791960,-0.03871976806286703,0.22526131074998013,0.2862973983367656,-0.35992217898832735,0.0913633936064695,-0.04482337682154558,0.32558937972075874,0.41905088883802755,-0.5403601129167619,0.07724879835202536,0.05016403448538931,-0.061608300907911584,-0.28057526512550623,0.3393224994277855
1778211147502979764,1778211147503424731,-0.03871976806286703,0.22678721293964976,0.2828641184100089,-0.35992217898832735,0.0913633936064695,-0.04520485236896299,0.32558937972075874,0.41905088883802755,-0.544174868390936,0.07724879835202536,0.05016403448538931,-0.061608300907911584,-0.2801937895780888,0.3393224994277855
1778211147522590204,1778211147523455279,-0.03871976806286703,0.2283131151293194,0.27981231403066964,-0.35992217898832735,0.0913633936064695,-0.04520485236896299,0.32558937972075874,0.41905088883802755,-0.5495155260547797,0.07724879835202536,0.0497825589379719,-0.061608300907911584,-0.2798123140306714,0.3393224994277855
1778211147532562713,1778211147543585709,-0.03871976806286703,0.2283131151293194,0.27943083848325223,-0.35992217898832735,0.0913633936064695,-0.04482337682154558,0.32558937972075874,0.41905088883802755,-0.5506599526970319,0.07724879835202536,0.0497825589379719,-0.06198977645532899,-0.2790493629358366,0.3393224994277855
1778211147562163225,1778211147563461004,-0.03910124361028444,0.2283131151293194,0.27943083848325223,-0.35992217898832735,0.0913633936064695,-0.04482337682154558,0.32558937972075874,0.41905088883802755,-0.5567635614557105,0.07724879835202536,0.05016403448538931,-0.06198977645532899,-0.2756160830090799,0.33855954833295065
1778211147572284065,1778211147583526930,-0.03910124361028444,0.2283131151293194,0.27943083848325223,-0.35992217898832735,0.0913633936064695,-0.04482337682154558,0.32558937972075874,0.41905088883802755,-0.5575265125505453,0.07724879835202536,0.05016403448538931,-0.06198977645532899,-0.2744716563668277,0.33817807278553325
1778211147596050294,1778211147603487854,-0.03871976806286703,0.2283131151293194,0.27943083848325223,-0.35992217898832735,0.0913633936064695,-0.04482337682154558,0.32558937972075874,0.41905088883802755,-0.5590524147402149,0.07724879835202536,0.05016403448538931,-0.06198977645532899,-0.27256427862974064,0.33817807278553325
1778211147616629189,1778211147623583151,-0.03833829251544962,0.2283131151293194,0.2790493629358348,-0.35992217898832735,0.0913633936064695,-0.04482337682154558,0.32558937972075874,0.41905088883802755,-0.5601968413824672,0.07724879835202536,0.05016403448538931,-0.06275272755016381,-0.2676050965133143,0.33779659723811584
1778211147637423039,1778211147643477641,-0.037575341420614805,0.227931639581902,0.2790493629358348,-0.35992217898832735,0.0913633936064695,-0.04482337682154558,0.32558937972075874,0.41905088883802755,-0.560959792477302,0.07724879835202536,0.05016403448538931,-0.06466010528725086,-0.26073853665980096,0.337033646143281
1778211147657932565,1778211147663574193,-0.03643091477836258,0.2283131151293194,0.2775234607461652,-0.35992217898832735,0.0913633936064695,-0.04482337682154558,0.32520790417334133,0.41905088883802755,-0.560959792477302,0.07724879835202536,0.05016403448538931,-0.0665674830243379,-0.2538719768062876,0.3358892195010288
1778211147679036532,1778211147683627133,-0.03528648813611035,0.2283131151293194,0.2733272297245737,-0.35992217898832735,0.0913633936064695,-0.04482337682154558,0.32520790417334133,0.41905088883802755,-0.5605783169298846,0.07724879835202536,0.05054551003280672,-0.06771190966659013,-0.2504386968795309,0.3358892195010288
1778211147698929904,1778211147703600999,-0.03376058594644071,0.2283131151293194,0.27180132753490405,-0.35992217898832735,0.0913633936064695,-0.04482337682154558,0.32520790417334133,0.41905088883802755,-0.5605783169298846,0.07724879835202536,0.05016403448538931,-0.06847486076142495,-0.24891279468986127,0.3358892195010288
1778211147719628044,1778211147723575263,-0.033379110399023304,0.2283131151293194,0.2706569008926518,-0.35992217898832735,0.0913633936064695,-0.04520485236896299,0.32520790417334133,0.41905088883802755,-0.5605783169298846,0.07724879835202536,0.05016403448538931,-0.06923781185625977,-0.24929427023727868,0.3358892195010288
1778211147740187027,1778211147743657643,-0.033379110399023304,0.22983901731898904,0.2702754253452344,-0.35992217898832735,0.0913633936064695,-0.04482337682154558,0.32520790417334133,0.41905088883802755,-0.5605783169298846,0.07724879835202536,0.05016403448538931,-0.070382238498512,-0.24853131914244386,0.3362706950484462
1778211147761208125,1778211147763493480,-0.033379110399023304,0.2325093461509109,0.2691309987029822,-0.35992217898832735,0.0913633936064695,-0.04482337682154558,0.32520790417334133,0.41905088883802755,-0.560959792477302,0.07724879835202536,0.05016403448538931,-0.07114518959334681,-0.24700541695277423,0.3362706950484462
1778211147781813390,1778211147783490293,-0.033379110399023304,0.23556115053025017,0.2687495231555648,-0.35992217898832735,0.09098191805905209,-0.04482337682154558,0.3248264286259239,0.41905088883802755,-0.560959792477302,0.07724879835202536,0.05016403448538931,-0.07114518959334681,-0.24662394140535682,0.3362706950484462
1778211147802477811,1778211147803490154,-0.03376058594644071,0.23861295490958945,0.26836804760814736,-0.35992217898832735,0.09098191805905209,-0.04482337682154558,0.3248264286259239,0.41905088883802755,-0.560959792477302,0.07724879835202536,0.05054551003280672,-0.07114518959334681,-0.24280918593118272,0.3362706950484462
1778211147822715090,1778211147823497931,-0.03376058594644071,0.24204623483634613,0.2660791943236429,-0.35992217898832735,0.09098191805905209,-0.04482337682154558,0.3248264286259239,0.41905088883802755,-0.560959792477302,0.07724879835202536,0.05092698558022413,-0.07114518959334681,-0.23479819943541713,0.3362706950484462
1778211147842762767,1778211147843596865,-0.03376058594644071,0.244716563668268,0.2626459143968862,-0.35992217898832735,0.09098191805905209,-0.04482337682154558,0.3244449530785065,0.41905088883802755,-0.5613412680247194,0.07724879835202536,0.052071412222476354,-0.07152666514076422,-0.22449835965514708,0.3358892195010288
1778211147852428289,1778211147863460281,-0.03376058594644071,0.24738689250018986,0.2618829633020514,-0.35992217898832735,0.09098191805905209,-0.04482337682154558,0.3240634775310891,0.41905088883802755,-0.560959792477302,0.07724879835202536,0.05245288776989376,-0.07190814068818163,-0.22220950637064263,0.3358892195010288
1778211147882480618,1778211147883499674,-0.03376058594644071,0.25196459906919877,0.261501487754634,-0.35992217898832735,0.09098191805905209,-0.04482337682154558,0.32177462424658465,0.41905088883802755,-0.560959792477302,0.07724879835202536,0.05245288776989376,-0.07381551842526868,-0.2130540932326248,0.335126268406194
1778211147892446596,1778211147903531980,-0.033379110399023304,0.253109025711451,0.261501487754634,-0.35992217898832735,0.09098191805905209,-0.04482337682154558,0.32177462424658465,0.41905088883802755,-0.5613412680247194,0.07724879835202536,0.05283436331731117,-0.0745784695201035,-0.21000228885328553,0.33436331731135915
1778211147922650768,1778211147923451236,-0.033379110399023304,0.25539787899595545,0.261501487754634,-0.35992217898832735,0.09098191805905209,-0.04482337682154558,0.32177462424658465,0.41905088883802755,-0.560959792477302,0.07724879835202536,0.05321583886472858,-0.07763027389944277,-0.20351720454718958,0.3313115129320199
1778211147936217578,1778211147943511967,-0.033379110399023304,0.25539787899595545,0.261501487754634,-0.35992217898832735,0.09098191805905209,-0.04482337682154558,0.32177462424658465,0.41905088883802755,-0.560959792477302,0.07724879835202536,0.05321583886472858,-0.078774700541695,-0.20160982681010253,0.33016708628976765
1778211147956605327,1778211147963456556,-0.032997634851605895,0.25539787899595545,0.2618829633020514,-0.35992217898832735,0.09098191805905209,-0.04482337682154558,0.32139314869916724,0.41905088883802755,-0.560959792477302,0.07724879835202536,0.05321583886472858,-0.08068207827878204,-0.20122835126268512,0.3271152819104284
1778211147976710600,1778211147983546610,-0.032616159304188486,0.25501640344853804,0.2622644388494688,-0.35992217898832735,0.09098191805905209,-0.04482337682154558,0.32139314869916724,0.41905088883802755,-0.560959792477302,0.07724879835202536,0.05359731441214599,-0.08258945601586909,-0.20084687571526771,0.3236820019836717
1778211147997286986,1778211148003630158,-0.032234683756771076,0.25501640344853804,0.2626459143968862,-0.35992217898832735,0.09098191805905209,-0.04482337682154558,0.32101167315174983,0.41905088883802755,-0.560959792477302,0.07724879835202536,0.05474174105439822,-0.08411535820553873,-0.1962691691462588,0.3206301976043324
1778211148017940557,1778211148023517064,-0.03147173266193626,0.25501640344853804,0.2626459143968862,-0.35992217898832735,0.0913633936064695,-0.04482337682154558,0.3206301976043324,0.41905088883802755,-0.560959792477302,0.07724879835202536,0.056267643244067855,-0.08564126039520836,-0.18978408484016107,0.3187228198672454
1778211148042724850,1778211148043457817,-0.03070878156710144,0.25501640344853804,0.2626459143968862,-0.35954070344090994,0.09594110017547841,-0.04482337682154558,0.31834134431982797,0.41905088883802755,-0.560959792477302,0.07724879835202536,0.0581750209811549,-0.08793011367971282,-0.18101014724956066,0.31414511329823647
1778211148053902619,1778211148063506465,-0.03070878156710144,0.25501640344853804,0.2626459143968862,-0.35954070344090994,0.0993743801022351,-0.04482337682154558,0.3187228198672454,0.41905088883802755,-0.560959792477302,0.07724879835202536,0.05931944762340713,-0.08831158922713023,-0.17605096513313434,0.311856260013732
1778211148082764019,1778211148083583389,-0.028038452735179575,0.2538719768062858,0.2626459143968862,-0.3591592278934925,0.11348897535667923,-0.04482337682154558,0.32101167315174983,0.41905088883802755,-0.5601968413824672,0.07724879835202536,0.06275272755016381,-0.09021896696421727,-0.16422522316319466,0.3080415045395579
1778211148095666183,1778211148103491788,-0.026894026092927348,0.2527275501640336,0.2626459143968862,-0.3587777523460751,0.12188143739986224,-0.04482337682154558,0.3233005264362543,0.41905088883802755,-0.5601968413824672,0.07724879835202536,0.06466010528725086,-0.09212634470130432,-0.16346227206835984,0.3061341268024709
1778211148115785729,1778211148123577039,-0.02193484397650103,0.24967574578469431,0.2626459143968862,-0.3583962767986577,0.1329442282749671,-0.04482337682154558,0.3271152819104284,0.41905088883802755,-0.5605783169298846,0.07724879835202536,0.06733043411917272,-0.09517814908064359,-0.16346227206835984,0.30498970016021865
1778211148142185154,1778211148143461308,-0.018120088502326936,0.24586099031052022,0.2626459143968862,-0.35648889906157066,0.1447699702449068,-0.04482337682154558,0.32673380636301097,0.41905088883802755,-0.5605783169298846,0.07724879835202536,0.070382238498512,-0.09861142900740028,-0.16346227206835984,0.30460822461280124
1778211148161359744,1778211148163477015,-0.013923857480735435,0.24395361257343318,0.2626459143968862,-0.35610742351415325,0.14782177462424606,-0.04520485236896299,0.3271152819104284,0.41905088883802755,-0.5605783169298846,0.07763027389944277,0.07267109178301645,-0.10051880674448732,-0.16002899214160315,0.303463797970549
1778211148182531096,1778211148183466509,-0.008583199816891707,0.2409018081940939,0.26379034103913845,-0.3545815213244836,0.15125505455100274,-0.0455863279163804,0.32673380636301097,0.41828793774319273,-0.5605783169298846,0.07763027389944277,0.07534142061493831,-0.103952086671244,-0.15583276112001165,0.30155642023346196
1778211148202360929,1778211148203452627,-0.005149919890135024,0.23746852826733722,0.26417181658655586,-0.35267414358739657,0.15163653009842015,-0.0455863279163804,0.32673380636301097,0.4175249866483579,-0.5605783169298846,0.07763027389944277,0.07763027389944277,-0.10585946440833105,-0.15011062790875052,0.2996490424963749
1778211148212572735,1778211148223506310,-0.002861066605630569,0.23594262607766758,0.2645532921339733,-0.35267414358739657,0.15201800564583756,-0.0455863279163804,0.32558937972075874,0.4167620355535231,-0.5605783169298846,0.07763027389944277,0.07839322499427759,-0.10700389105058328,-0.14705882352941124,0.2988860914015401
1778211148235545259,1778211148243521958,0.003242542153047978,0.23174639505607608,0.2645532921339733,-0.35191119249256175,0.15087357900358533,-0.0455863279163804,0.32520790417334133,0.41447318226901864,-0.5601968413824672,0.07801174944686018,0.08106355382619945,-0.10852979324025291,-0.13942931258106306,0.29697871366445305
1778211148262574703,1778211148263461689,0.010490577553978753,0.22640573739223235,0.26798657206072996,-0.35191119249256175,0.15087357900358533,-0.0455863279163804,0.32177462424658465,0.41180285343709677,-0.5571450370031279,0.07839322499427759,0.08335240711070391,-0.11043717097733996,-0.1329442282749671,0.2939269092851138
1778211148276196297,1778211148283561866,0.013160906385900617,0.2244983596551453,0.2695124742503996,-0.35152971694514434,0.15049210345616792,-0.0455863279163804,0.3198672465094976,0.41065842679484454,-0.5567635614557105,0.078774700541695,0.08411535820553873,-0.11120012207217478,-0.13218127718013228,0.29354543373769637
1778211148296582432,1778211148303576676,0.018501564049744346,0.21915770199130158,0.27218280308232146,-0.35152971694514434,0.15087357900358533,-0.04520485236896299,0.31719691767757574,0.41027695124742714,-0.5567635614557105,0.08068207827878204,0.08525978484779095,-0.112344548714427,-0.12798504615854078,0.2912565804531919
1778211148317332077,1778211148323605452,0.023079270618753256,0.2122911421377882,0.27523460746166073,-0.35152971694514434,0.15125505455100274,-0.0455863279163804,0.31719691767757574,0.41027695124742714,-0.5552376592660409,0.08220798046845168,0.08602273594262577,-0.11348897535667923,-0.12226291294727964,0.2901121538109397
1778211148338572522,1778211148343571879,0.028038452735179575,0.2031357289997704,0.278286411841,-0.35152971694514434,0.15506981002517684,-0.04520485236896299,0.3149080643930713,0.41027695124742714,-0.552567330434119,0.08335240711070391,0.08602273594262577,-0.11501487754634887,-0.11806668192568814,0.28934920271610487
1778211148358367902,1778211148363561634,0.03376058594644071,0.19779507133592666,0.28057526512550446,-0.35114824139772693,0.16041046768902056,-0.04520485236896299,0.31414511329823647,0.41027695124742714,-0.552567330434119,0.08640421149004318,0.08602273594262577,-0.11692225528343592,-0.11692225528343592,0.28858625162127005
1778211148379066541,1778211148383575504,0.03986419470511926,0.18978408484016107,0.2821011673151741,-0.3503852903028921,0.16956588082703838,-0.04520485236896299,0.31300068665598424,0.41065842679484454,-0.5521858548867016,0.08831158922713023,0.08602273594262577,-0.11921110856794037,-0.11425192645151405,0.28782330052643523
1778211148399427644,1778211148403499141,0.04596780346379781,0.18062867170214325,0.2824826428625915,-0.34847791256580507,0.17986572060730843,-0.04520485236896299,0.3110933089188972,0.41065842679484454,-0.5495155260547797,0.08983749141679986,0.08564126039520836,-0.12188143739986224,-0.11005569542992255,0.286678873884183
1778211148415157438,1778211148423539664,0.05016403448538931,0.17338063630121248,0.2824826428625915,-0.34771496147097025,0.19016556038757848,-0.04520485236896299,0.30918593118181015,0.41065842679484454,-0.5498970016021971,0.09250782024872173,0.08564126039520836,-0.1245517662317841,-0.1081483176928355,0.2862973983367656
1778211148441498277,1778211148443494081,0.0581750209811549,0.1619363698786902,0.2832455939574263,-0.3450446326390484,0.20504310673685744,-0.04520485236896299,0.3080415045395579,0.41065842679484454,-0.5495155260547797,0.09479667353322618,0.08564126039520836,-0.129129472800793,-0.10700389105058328,0.2859159227893482
1778211148462948397,1778211148463460449,0.06466010528725086,0.15163653009842015,0.2832455939574263,-0.344663157091631,0.22335393301289308,-0.04520485236896299,0.3080415045395579,0.41103990234226195,-0.5495155260547797,0.09822995345998287,0.08602273594262577,-0.13447013046463674,-0.103952086671244,0.2859159227893482
1778211148474669273,1778211148483776947,0.06694895857175531,0.14591439688715901,0.2832455939574263,-0.344663157091631,0.23174639505607608,-0.04520485236896299,0.3080415045395579,0.41180285343709677,-0.5495155260547797,0.10013733119706991,0.08602273594262577,-0.13904783703364565,-0.10280766002899178,0.2859159227893482
1778211148502180556,1778211148503464639,0.07343404287785127,0.12989242389562783,0.2862973983367656,-0.34428168154421357,0.2492942702372769,-0.0455863279163804,0.3080415045395579,0.4171435111009405,-0.5495155260547797,0.10433356221866141,0.08602273594262577,-0.1455329213397416,-0.09861142900740028,0.28515297169451337
1778211148512550800,1778211148523547982,0.07610437170977313,0.12417029068436669,0.28782330052643523,-0.34428168154421357,0.253109025711451,-0.0455863279163804,0.3072785534447231,0.41866941329061014,-0.5491340505073623,0.10624093995574846,0.08602273594262577,-0.14782177462424606,-0.09708552681773064,0.28515297169451337
1778211148536320373,1778211148543482900,0.08182650492103427,0.1119630731670096,0.2901121538109397,-0.34390020599679616,0.25616083009079027,-0.04596780346379781,0.3068970778973057,0.41981383993286236,-0.5487525749599449,0.10929274433508773,0.08564126039520836,-0.15239948119325497,-0.095559624628061,0.28515297169451337
1778211148556779036,1778211148563468592,0.08678568703746059,0.10013733119706991,0.2943083848325312,-0.3423743038071265,0.2565423056382077,-0.046730754558632626,0.30498970016021865,0.41981383993286236,-0.5476081483176927,0.11158159761959219,0.08564126039520836,-0.15506981002517684,-0.09288929579613914,0.2855344472419308
1778211148577314672,1778211148583532926,0.09174486915388691,0.08678568703746059,0.2981231403067053,-0.3416113527122917,0.25616083009079027,-0.047112230106050035,0.3027008468757142,0.41981383993286236,-0.5426489662012663,0.11425192645151405,0.08564126039520836,-0.1573586633096813,-0.08869306477454764,0.2855344472419308
1778211148597778917,1778211148603512692,0.09670405127031323,0.07228961623559904,0.30079346913862715,-0.3412298771648743,0.25616083009079027,-0.047493705653467444,0.30155642023346196,0.41981383993286236,-0.5388342107270923,0.11692225528343592,0.08602273594262577,-0.15964751659418575,-0.08754863813229541,0.28515297169451337
1778211148618479560,1778211148623523731,0.10242618448157437,0.05741206988632008,0.3027008468757142,-0.3408484016174569,0.25616083009079027,-0.047493705653467444,0.2996490424963749,0.41981383993286236,-0.5350194552529182,0.11959258411535778,0.08564126039520836,-0.1623178454261076,-0.08640421149004318,0.28515297169451337
1778211148639075880,1778211148643482154,0.10852979324025291,0.041771572442206306,0.30422674906538383,-0.3408484016174569,0.25616083009079027,-0.047493705653467444,0.2988860914015401,0.4201953154802798,-0.52738994430457,0.12226291294727964,0.08564126039520836,-0.16536964980544688,-0.08258945601586909,0.28515297169451337
1778211148659775031,1778211148663474692,0.11539635309376628,0.02574959945067512,0.30422674906538383,-0.3408484016174569,0.2565423056382077,-0.047493705653467444,0.2996490424963749,0.4201953154802798,-0.5201419089036392,0.1245517662317841,0.08564126039520836,-0.16880292973220357,-0.07724879835202536,0.28515297169451337
1778211148680351634,1778211148683539252,0.12149996185244483,0.009346150911726525,0.30460822461280124,-0.3408484016174569,0.25883115892271213,-0.047112230106050035,0.29736018921187046,0.4201953154802798,-0.5136568245975432,0.12760357061112337,0.08564126039520836,-0.17261768520637766,-0.07228961623559904,0.28515297169451337
1778211148700809550,1778211148703465108,0.1283665217059582,-0.008583199816891707,0.30537117570763606,-0.3408484016174569,0.2584496833752947,-0.046730754558632626,0.2954528114747834,0.4201953154802798,-0.5029755092698558,0.13065537499046265,0.08525978484779095,-0.17643244068055175,-0.06809338521400754,0.28515297169451337
1778211148722444724,1778211148723459853,0.13447013046463674,-0.032997634851605895,0.3076600289921405,-0.3408484016174569,0.2584496833752947,-0.046730754558632626,0.295071335927366,0.4205767910276972,-0.4942015716792554,0.13370717936980192,0.08525978484779095,-0.17986572060730843,-0.0661860074769205,0.2855344472419308
1778211148742509040,1778211148743451570,0.14019226367589788,-0.047112230106050035,0.3107118333714798,-0.3408484016174569,0.2584496833752947,-0.046730754558632626,0.295071335927366,0.4201953154802798,-0.4869535362783246,0.13790341039139342,0.08487830930037354,-0.18368047608148252,-0.06504158083466827,0.2855344472419308
1778211148762754706,1778211148763452591,0.14667734798199383,-0.06580453192950309,0.31300068665598424,-0.3408484016174569,0.2569237811856251,-0.046730754558632626,0.2939269092851138,0.4201953154802798,-0.478942549782559,0.1413366903181501,0.08487830930037354,-0.1867322804608218,-0.06275272755016381,0.2855344472419308
1778211148773082985,1778211148783643593,0.14858472571908088,-0.078774700541695,0.31376363775081906,-0.3404669260700395,0.25577935454337286,-0.046730754558632626,0.2943083848325312,0.4201953154802798,-0.4739833676661327,0.14324406805523715,0.08449683375295614,-0.18749523155565662,-0.0623712520027464,0.2855344472419308
1778211148802184535,1778211148803473998,0.15659571221484647,-0.10471503776607882,0.3152895399404887,-0.3404669260700395,0.25120164797436395,-0.046730754558632626,0.29354543373769637,0.41981383993286236,-0.4629205767910278,0.14858472571908088,0.08449683375295614,-0.1913099870298307,-0.06198977645532899,0.2855344472419308
1778211148814636676,1778211148823513333,0.1619363698786902,-0.12073701075761001,0.3152895399404887,-0.34008545052262207,0.25043869687952913,-0.046730754558632626,0.29278248264286155,0.4201953154802798,-0.4575799191271841,0.15201800564583756,0.08373388265812132,-0.19283588921950034,-0.06198977645532899,0.2855344472419308
1778211148842720483,1778211148843460000,0.16918440527962098,-0.14820325017166347,0.3152895399404887,-0.338178072785535,0.24395361257343318,-0.04596780346379781,0.2908751049057745,0.41981383993286236,-0.4419394216830703,0.1573586633096813,0.08258945601586909,-0.1951247425040048,-0.05970092317082454,0.2855344472419308
1778211148854915480,1778211148863473089,0.1741435873960473,-0.15888456549935093,0.3152895399404887,-0.3377965972381176,0.24242771038376354,-0.0455863279163804,0.2908751049057745,0.41943236438544496,-0.43850614175631364,0.15926604104676834,0.08258945601586909,-0.1958876935988414,-0.0581750209811549,0.2855344472419308
1778211148876228341,1778211148883530475,0.18024719615472584,-0.18444342717631734,0.3152895399404887,-0.3370336461432828,0.23937590600442427,-0.04482337682154558,0.2908751049057745,0.4175249866483579,-0.43011367971313064,0.1619363698786902,0.08258945601586909,-0.19741359578851103,-0.055886167696650446,0.2859159227893482
1778211148902348102,1778211148903493818,0.1867322804608218,-0.20962081330586813,0.3152895399404887,-0.336270695048448,0.23556115053025017,-0.04444190127412817,0.2901121538109397,0.41485465781643605,-0.41905088883802577,0.1661326009002817,0.08106355382619945,-0.19741359578851103,-0.05436026550698081,0.2859159227893482
1778211148912517962,1778211148923479724,0.19016556038757848,-0.21992065308613817,0.3152895399404887,-0.3366521705958654,0.2328908216983283,-0.04444190127412817,0.28896772716868746,0.41447318226901864,-0.41447318226901686,0.16803997863736875,0.07991912718394723,-0.19741359578851103,-0.05436026550698081,0.2859159227893482
1778211148936286543,1778211148943473951,0.19703212024109185,-0.24013885709926086,0.3152895399404887,-0.3366521705958654,0.22640573739223235,-0.04406042572671076,0.28820477607385264,0.4140917067216012,-0.40608072022583386,0.17223620965896025,0.078774700541695,-0.19741359578851103,-0.05436026550698081,0.2859159227893482
1778211148957088223,1778211148963488902,0.20275425345235298,-0.2618829633020532,0.3152895399404887,-0.33588921950103057,0.2241168841077279,-0.04329747463187594,0.2874418249790178,0.4140917067216012,-0.3984512092774857,0.17566948958571693,0.07724879835202536,-0.19741359578851103,-0.05436026550698081,0.2859159227893482
1778211148978584187,1778211148983487501,0.20962081330586635,-0.28973067826352406,0.3152895399404887,-0.3332188906691087,0.22106507972838862,-0.042153047989623715,0.2874418249790178,0.412947280079349,-0.38891432059205044,0.1787212939650562,0.07686732280460795,-0.19741359578851103,-0.05321583886472858,0.2862973983367656
1778211148998503246,1778211149003515821,0.2157244220645449,-0.30575265125505524,0.3152895399404887,-0.33169298847943907,0.21839475089646676,-0.041771572442206306,0.2859159227893482,0.41027695124742714,-0.38128480964370226,0.18101014724956066,0.07610437170977313,-0.19741359578851103,-0.05321583886472858,0.2862973983367656
1778211149019070575,1778211149023481773,0.22182803082322344,-0.327878233005265,0.3152895399404887,-0.33016708628976943,0.2157244220645449,-0.04100862134737149,0.28095674067292187,0.4079880979629227,-0.3713664454108496,0.18406195162889993,0.07343404287785127,-0.19741359578851103,-0.05283436331731117,0.2862973983367656
1778211149040061332,1778211149043459239,0.22945754177157163,-0.3496223392080573,0.3152895399404887,-0.329785610742352,0.2122911421377882,-0.03986419470511926,0.27981231403066964,0.40684367132067045,-0.3610666056305796,0.18787670710307403,0.07152666514076422,-0.19741359578851103,-0.051689936675058945,0.2862973983367656
1778211149060608452,1778211149063450502,0.23479819943541536,-0.36869611657892776,0.3152895399404887,-0.3294041351949346,0.20962081330586635,-0.037575341420614805,0.28019378957808705,0.40684367132067045,-0.3545815213244836,0.19016556038757848,0.06961928740367718,-0.19741359578851103,-0.051689936675058945,0.2862973983367656
1778211149080998532,1778211149083507570,0.2409018081940939,-0.386625467307546,0.3152895399404887,-0.327878233005265,0.20923933775844894,-0.03604943923094517,0.28019378957808705,0.40646219577325304,-0.3450446326390484,0.19321736476691775,0.06733043411917272,-0.19741359578851103,-0.051689936675058945,0.2862973983367656
1778211149101289822,1778211149103470402,0.24738689250018986,-0.40226596475165977,0.3152895399404887,-0.3255893797207605,0.20656900892652708,-0.03528648813611035,0.28019378957808705,0.4041733424887486,-0.3374151216907002,0.19588769359883962,0.06313420309758122,-0.19741359578851103,-0.051308461127641536,0.2862973983367656
1778211149122651530,1778211149123469829,0.253109025711451,-0.42172121766994763,0.3152895399404887,-0.3236820019836735,0.20237277790493557,-0.032616159304188486,0.27981231403066964,0.4015030136568267,-0.33131151293202166,0.19855802243076148,0.05970092317082454,-0.19741359578851103,-0.05092698558022413,0.286678873884183
1778211149142969578,1778211149143478214,0.25921263447012954,-0.4331654840924699,0.3152895399404887,-0.3217746242465864,0.19741359578850926,-0.03032730601968403,0.27981231403066964,0.39845120927748745,-0.3255893797207605,0.20122835126268335,0.055886167696650446,-0.19741359578851103,-0.05016403448538931,0.286678873884183
1778211149153135430,1778211149163474721,0.26302738994430364,-0.4404135194934007,0.3152895399404887,-0.3206301976043342,0.1947432669565874,-0.03032730601968403,0.2790493629358348,0.3969253070878178,-0.321393148699169,0.20275425345235298,0.0539787899595634,-0.19703212024109362,-0.05054551003280672,0.286678873884183
1778211149173974704,1778211149183469945,0.2687495231555648,-0.4545281147478448,0.3152895399404887,-0.3202487220569168,0.18978408484016107,-0.028038452735179575,0.27943083848325223,0.39349202716106113,-0.3156710154879079,0.20428015564202262,0.04940108339055449,-0.19703212024109362,-0.05092698558022413,0.286678873884183
1778211149195130591,1778211149203627771,0.2748531319142433,-0.47131303883421083,0.3152895399404887,-0.31834134431982974,0.18596932936598698,-0.02651255054550994,0.2790493629358348,0.3900587472343009,-0.30994888227664674,0.20580605783169226,0.0455863279163804,-0.19703212024109362,-0.05016403448538931,0.286678873884183
1778211149215350978,1778211149223554708,0.28057526512550446,-0.48428320744640274,0.3152895399404887,-0.3164339665827427,0.17986572060730843,-0.024605172808422893,0.27981231403066964,0.3870069428549616,-0.304608224612803,0.20885786221103153,0.041771572442206306,-0.19703212024109362,-0.05054551003280672,0.286678873884183
1778211149240516856,1778211149243454300,0.28782330052643523,-0.49725337605859465,0.3152895399404887,-0.31528953994049047,0.17109178301670802,-0.022316319523918438,0.2790493629358348,0.3824292362859527,-0.29812314030670706,0.21038376440070117,0.03643091477836258,-0.1966506446936762,-0.05016403448538931,0.286678873884183
1778211149252446887,1778211149263490167,0.2904936293583571,-0.5056458381017777,0.3152895399404887,-0.31490806439307306,0.1703288319218732,-0.02155336842908362,0.2790493629358348,0.38052185854886567,-0.29392690928511556,0.21076523994811858,0.03452353704127553,-0.1962691691462588,-0.05016403448538931,0.286678873884183
1778211149282485571,1778211149283489190,0.29774166475928787,-0.5186160067139696,0.3152895399404887,-0.31452658884565565,0.1657511253528643,-0.017738612954909527,0.27943083848325223,0.3774700541695264,-0.28934920271610665,0.21267261768520562,0.029182879377431803,-0.19321736476691775,-0.04863813229571967,0.286678873884183
1778211149292837709,1778211149303454111,0.30079346913862715,-0.5239566643778133,0.3152895399404887,-0.31414511329823824,0.16384374761577725,-0.01697566186007471,0.27981231403066964,0.377088578622109,-0.28515297169451514,0.21381704432745785,0.027275501640344757,-0.19245441367208294,-0.047493705653467444,0.286678873884183
1778211149322343586,1778211149323424209,0.30498970016021865,-0.5415045395590141,0.31795986877241056,-0.31414511329823824,0.15430685893034202,-0.01697566186007471,0.2786678873884174,0.3740367742427697,-0.27714198519874955,0.21457999542229267,0.023842221713588074,-0.1871137560082392,-0.04482337682154558,0.286678873884183
1778211149335224865,1778211149343493371,0.3068970778973057,-0.5472266727702753,0.3194857709620802,-0.31414511329823824,0.15011062790875052,-0.0165941863126573,0.2790493629358348,0.37174792095826525,-0.2744716563668277,0.2153429465171275,0.022316319523918438,-0.18482490272373475,-0.04482337682154558,0.286678873884183
1778211149356487593,1778211149363474865,0.30956740672922756,-0.5601968413824672,0.32215609979400206,-0.31414511329823824,0.1447699702449068,-0.01621271076523989,0.2786678873884174,0.370603494316013,-0.2706569008926536,0.2157244220645449,0.020027466239413982,-0.18139162279697807,-0.04482337682154558,0.286678873884183
1778211149376537636,1778211149383613377,0.3122377355611494,-0.5670634012359805,0.3233005264362543,-0.31414511329823824,0.1413366903181501,-0.013923857480735435,0.2786678873884174,0.3702220187685956,-0.2660791943236447,0.2161058976119623,0.017738612954909527,-0.1787212939650562,-0.04482337682154558,0.286678873884183
1778211149397130299,1778211149403597366,0.31376363775081906,-0.5750743877317461,0.3248264286259239,-0.31414511329823824,0.137521934843976,-0.013923857480735435,0.278286411841,0.3702220187685956,-0.262645914396888,0.21648737315937971,0.01583123521782248,-0.1749065384908821,-0.04482337682154558,0.286678873884183
1778211149417792593,1778211149423518097,0.3152895399404887,-0.5811779964904247,0.3274967574578458,-0.31414511329823824,0.1333257038223845,-0.013923857480735435,0.27523460746166073,0.3694590676737608,-0.25959411001754873,0.21686884870679712,0.014305333028152845,-0.1699473563744558,-0.04444190127412817,0.2870603494316004
1778211149443174209,1778211149443558024,0.3164339665827409,-0.5869001297016876,0.3282597085526806,-0.31414511329823824,0.12569619287403633,-0.013923857480735435,0.27256427862973887,0.3664072632944215,-0.2576867322804617,0.21725032425421453,0.01163500419623098,-0.16117341878385538,-0.04406042572671076,0.2870603494316004
1778211149452490273,1778211149463492037,0.3164339665827409,-0.5888075074387746,0.3282597085526806,-0.31414511329823824,0.11997405966277519,-0.013923857480735435,0.27256427862973887,0.3656443121995867,-0.25654230563820946,0.21725032425421453,0.010872053101396162,-0.15850308995193352,-0.04444190127412817,0.2870603494316004
1778211149482795480,1778211149483769515,0.31719691767757574,-0.5914778362706965,0.3282597085526806,-0.31414511329823824,0.1161593041886011,-0.014305333028152845,0.27218280308232146,0.36335545891508225,-0.25234607461661795,0.21686884870679712,0.009346150911726525,-0.14820325017166347,-0.04406042572671076,0.2874418249790178
1778211149502848128,1778211149503535906,0.31681544213015833,-0.5918593118181139,0.3282597085526806,-0.31414511329823824,0.11425192645151405,-0.014305333028152845,0.2702754253452344,0.36335545891508225,-0.24814984359502645,0.21686884870679712,0.008201724269474298,-0.1417181658655675,-0.04444190127412817,0.28820477607385264
1778211149515881177,1778211149523497878,0.3164339665827409,-0.5926222629129487,0.3282597085526806,-0.31452658884565565,0.11348897535667923,-0.014305333028152845,0.2687495231555648,0.36335545891508225,-0.24662394140535682,0.21686884870679712,0.007438773174639479,-0.13828488593881083,-0.04406042572671076,0.28820477607385264
1778211149536254881,1778211149543452065,0.3160524910353235,-0.5926222629129487,0.3282597085526806,-0.31452658884565565,0.1119630731670096,-0.014305333028152845,0.26836804760814736,0.36335545891508225,-0.23975738155184345,0.21725032425421453,0.00705729762722207,-0.13447013046463674,-0.04406042572671076,0.28896772716868746
1778211149556857153,1778211149563464192,0.3160524910353235,-0.5926222629129487,0.3282597085526806,-0.31452658884565565,0.1119630731670096,-0.014305333028152845,0.2664606698710603,0.36335545891508225,-0.2336537727931649,0.21725032425421453,0.007438773174639479,-0.13179980163271487,-0.042915999084458534,0.2908751049057745
1778211149577434219,1778211149583541448,0.3160524910353235,-0.5926222629129487,0.3282597085526806,-0.31452658884565565,0.1119630731670096,-0.014305333028152845,0.2645532921339733,0.36335545891508225,-0.2298390173189908,0.21725032425421453,0.007438773174639479,-0.13027389944304524,-0.041771572442206306,0.2908751049057745
1778211149598635786,1778211149603518227,0.3160524910353235,-0.5922407873655313,0.3282597085526806,-0.31452658884565565,0.1119630731670096,-0.014305333028152845,0.26379034103913845,0.36373693446249966,-0.22869459067673858,0.21686884870679712,0.007438773174639479,-0.13027389944304524,-0.04062714579995408,0.2908751049057745
1778211149618507643,1778211149623473865,0.3164339665827409,-0.5922407873655313,0.3282597085526806,-0.31452658884565565,0.112344548714427,-0.014305333028152845,0.2622644388494688,0.36373693446249966,-0.22678721293965154,0.21648737315937971,0.007820248722056888,-0.13027389944304524,-0.04062714579995408,0.2908751049057745
1778211149638927226,1778211149643490430,0.3160524910353235,-0.5922407873655313,0.3282597085526806,-0.31452658884565565,0.112344548714427,-0.014686808575570254,0.2607385366597992,0.36373693446249966,-0.22640573739223413,0.2161058976119623,0.007820248722056888,-0.13027389944304524,-0.04062714579995408,0.2908751049057745
1778211149659526095,1778211149663449852,0.3160524910353235,-0.5922407873655313,0.3282597085526806,-0.31490806439307306,0.11272602426184442,-0.015068284122987663,0.2607385366597992,0.3652628366521693,-0.22640573739223413,0.2157244220645449,0.007820248722056888,-0.13027389944304524,-0.04062714579995408,0.2908751049057745
1778211149683026555,1778211149683516251,0.3156710154879061,-0.5899519340810269,0.3282597085526806,-0.3156710154879079,0.11272602426184442,-0.01621271076523989,0.2607385366597992,0.36717021438925634,-0.22678721293965154,0.2157244220645449,0.007820248722056888,-0.13027389944304524,-0.04062714579995408,0.2908751049057745
1778211149695809135,1778211149703528967,0.3152895399404887,-0.5869001297016876,0.3282597085526806,-0.31834134431982974,0.11272602426184442,-0.01697566186007471,0.26035706111238177,0.368696116578926,-0.22678721293965154,0.2153429465171275,0.007820248722056888,-0.13027389944304524,-0.04024567025253667,0.2908751049057745
1778211149722629506,1778211149723448354,0.3145265888456539,-0.5800335698481724,0.3282597085526806,-0.3240634775310909,0.11272602426184442,-0.018120088502326936,0.2576867322804599,0.3728923476005175,-0.22678721293965154,0.21381704432745785,0.007820248722056888,-0.13027389944304524,-0.03910124361028444,0.2908751049057745
1778211149736138365,1778211149743454067,0.31338216220340165,-0.5769817654688332,0.3282597085526806,-0.327878233005265,0.1119630731670096,-0.019645990691996573,0.25501640344853804,0.3740367742427697,-0.22678721293965154,0.21343556878004044,0.008201724269474298,-0.12989242389562783,-0.037193865873197396,0.2912565804531919
1778211149757088604,1778211149763462106,0.3122377355611494,-0.567444876783398,0.328641184100098,-0.33131151293202166,0.11158159761959219,-0.0207904173342488,0.2485313191424421,0.3767071030746916,-0.22678721293965154,0.2115281910429534,0.008583199816891707,-0.12645914396887115,-0.03528648813611035,0.2908751049057745
1778211149777699897,1778211149783470958,0.30994888227664497,-0.5590524147402149,0.32978561074235024,-0.33512626840619575,0.1119630731670096,-0.024223697261005483,0.24662394140535504,0.37937743190661344,-0.22678721293965154,0.2080949111161967,0.009346150911726525,-0.12111848630502742,-0.03528648813611035,0.2908751049057745
1778211149798551796,1778211149803689872,0.3072785534447231,-0.5502784771496145,0.3324559395742721,-0.33894102388036984,0.11310749980926182,-0.02651255054550994,0.24700541695277245,0.3824292362859527,-0.22678721293965154,0.20504310673685744,0.01163500419623098,-0.11501487754634887,-0.03376058594644071,0.2912565804531919
1778211149819235862,1778211149823463269,0.3038452735179664,-0.5415045395590141,0.335126268406194,-0.3416113527122917,0.11539635309376628,-0.029564354924849212,0.24662394140535504,0.3858625162127094,-0.22716868848706895,0.20084687571526594,0.013923857480735435,-0.10967421988250514,-0.03185320820935367,0.2912565804531919
1778211149839724693,1778211149843451034,0.2996490424963749,-0.5319676508735789,0.33779659723811584,-0.34275577935454393,0.12073701075761001,-0.032234683756771076,0.24586099031052022,0.38853284504463126,-0.22793163958190377,0.1947432669565874,0.015068284122987663,-0.10585946440833105,-0.03109025711451885,0.2912565804531919
1778211149860020576,1778211149863483772,0.2954528114747834,-0.5220492866407263,0.3404669260700377,-0.34390020599679616,0.12340733958953187,-0.03490501258869294,0.24624246585793763,0.39082169832913927,-0.23022049286640822,0.18825818265049143,0.018120088502326936,-0.10242618448157437,-0.029564354924849212,0.2908751049057745
1778211149880152981,1778211149883486101,0.2912565804531919,-0.5136568245975432,0.34199282825970734,-0.344663157091631,0.129129472800793,-0.037575341420614805,0.24586099031052022,0.39425497825589595,-0.23060196841382563,0.18139162279697807,0.020027466239413982,-0.09899290455481768,-0.028801403830014394,0.2908751049057745
1778211149900308098,1778211149903503578,0.2862973983367656,-0.5018310826276036,0.34237430380712475,-0.3458075837338832,0.13370717936980192,-0.0413900968947889,0.2454795147631028,0.3973067826352352,-0.2336537727931649,0.17299916075379507,0.023079270618753256,-0.09441519798580877,-0.029182879377431803,0.2908751049057745
1778211149912531105,1778211149923526073,0.2824826428625915,-0.4915312428473335,0.34237430380712475,-0.34809643701838766,0.13866636148622824,-0.042915999084458534,0.24357213702601577,0.39845120927748745,-0.23556115053025195,0.1699473563744558,0.02536812390325771,-0.09212634470130432,-0.029182879377431803,0.2912565804531919
1778211149937345871,1778211149943473119,0.27561608300907814,-0.4739833676661327,0.34237430380712475,-0.3500038147554747,0.14286259250781974,-0.047112230106050035,0.2409018081940939,0.4011215381094093,-0.23823147936217381,0.1581216144045161,0.028419928282596985,-0.08678568703746059,-0.028801403830014394,0.2908751049057745
1778211149957402852,1778211149963495801,0.2687495231555648,-0.4629205767910278,0.34237430380712475,-0.35229266803997916,0.1447699702449068,-0.05054551003280672,0.23975738155184168,0.4041733424887486,-0.245860990310522,0.15239948119325497,0.03109025711451885,-0.08106355382619945,-0.029182879377431803,0.2908751049057745
1778211149978089063,1778211149983486165,0.2611200122072166,-0.44651712825207923,0.34237430380712475,-0.35267414358739657,0.14667734798199383,-0.05321583886472858,0.23785000381475463,0.4083695735103401,-0.254253452353705,0.14591439688715901,0.03414206149385812,-0.07419699397268609,-0.028801403830014394,0.2908751049057745
1778211149998300050,1778211150003496642,0.2534905012588684,-0.4297322041657132,0.34237430380712475,-0.3534370946822314,0.14705882352941124,-0.055886167696650446,0.23556115053025017,0.41027695124742714,-0.26112001220721837,0.137521934843976,0.037956816968032214,-0.06694895857175531,-0.028801403830014394,0.2904936293583571
1778211150018558374,1778211150023534050,0.24586099031052022,-0.4129472800793472,0.34237430380712475,-0.3538185702296488,0.1489662012664983,-0.060463874265659356,0.23441672388799795,0.41065842679484454,-0.26379034103914023,0.12951094834821042,0.0413900968947889,-0.05970092317082454,-0.028419928282596985,0.2908751049057745
1778211150039660663,1778211150043459986,0.23785000381475463,-0.39349202716105935,0.34237430380712475,-0.3568703746089881,0.1497291523613331,-0.06313420309758122,0.23479819943541536,0.41103990234226195,-0.26798657206073173,0.12073701075761001,0.04520485236896299,-0.05283436331731117,-0.028419928282596985,0.2908751049057745
1778211150060148365,1778211150063655772,0.23022049286640645,-0.3793774319066152,0.34237430380712475,-0.3576333257038229,0.1497291523613331,-0.06466010528725086,0.23365377279316313,0.4121843289845142,-0.27256427862974064,0.11387045090409664,0.04825665674830226,-0.046730754558632626,-0.028801403830014394,0.2908751049057745
1778211150080700588,1778211150083503866,0.22220950637064085,-0.36411841000991885,0.34237430380712475,-0.36068513008316216,0.1497291523613331,-0.06694895857175531,0.23098344396124126,0.41485465781643605,-0.28057526512550623,0.10700389105058328,0.051308461127641536,-0.0413900968947889,-0.029182879377431803,0.2904936293583571
1778211150101345962,1778211150103468151,0.21419851987487526,-0.34809643701838766,0.34237430380712475,-0.36488136110475367,0.1493476768139157,-0.06771190966659013,0.22640573739223235,0.4171435111009405,-0.287823300526437,0.10204470893415696,0.055886167696650446,-0.03490501258869294,-0.029182879377431803,0.2908751049057745
1778211150121247907,1778211150123490086,0.20656900892652708,-0.33512626840619575,0.34237430380712475,-0.36984054322118,0.1493476768139157,-0.07000076295109459,0.22068360418097122,0.421339742122532,-0.29278248264286333,0.09708552681773064,0.05931944762340713,-0.028038452735179575,-0.028801403830014394,0.2904936293583571
1778211150142715696,1778211150143451279,0.19817654688334407,-0.31376363775082083,0.34275577935454216,-0.3736552986953541,0.14744029907682865,-0.07000076295109459,0.2119096665903708,0.4262989242389583,-0.30117494468604633,0.09212634470130432,0.06275272755016381,-0.019645990691996573,-0.029182879377431803,0.2904936293583571
1778211150162400347,1778211150163451166,0.1913099870298307,-0.30270084687571597,0.343518730449377,-0.37670710307469335,0.14629587243457642,-0.070382238498512,0.20847638666361412,0.4327840085450543,-0.30537117570763783,0.09021896696421727,0.06389715419241604,-0.009727626459143934,-0.029182879377431803,0.2904936293583571
1778211150172606119,1778211150183639053,0.18749523155565662,-0.2958342870222026,0.343518730449377,-0.3789959563591978,0.14591439688715901,-0.0707637140459294,0.20466163118944003,0.43621728847181096,-0.3072785534447249,0.08831158922713023,0.06542305638208568,-0.0036240177004653873,-0.029182879377431803,0.2904936293583571
1778211150203184403,1778211150203769178,0.17605096513313434,-0.2752346074616625,0.3446631570916292,-0.38433661402304153,0.14629587243457642,-0.07190814068818163,0.19779507133592666,0.4472800793469158,-0.31376363775082083,0.08335240711070391,0.06847486076142495,0.014686808575570254,-0.028038452735179575,0.2904936293583571
1778211150213942995,1778211150223483321,0.17185473411154284,-0.26531624322880987,0.34580758373388143,-0.38548104066529376,0.14629587243457642,-0.07305256733043386,0.19665064469367444,0.4510948348210899,-0.31414511329823824,0.08106355382619945,0.06923781185625977,0.0207904173342488,-0.027275501640344757,0.2904936293583571
1778211150239227607,1778211150243465354,0.16079194323643797,-0.2531090257114528,0.3496223392080555,-0.39272907606622454,0.14629587243457642,-0.07305256733043386,0.19359884031433516,0.4587243457694381,-0.3164339665827427,0.07534142061493831,0.070382238498512,0.037193865873197396,-0.024223697261005483,0.2901121538109397
1778211150252473796,1778211150263460917,0.15621423666742906,-0.24433508812085236,0.35152971694514257,-0.3957808804455638,0.14629587243457642,-0.07305256733043386,0.19169146257724812,0.4625391012436122,-0.31795986877241234,0.07228961623559904,0.070382238498512,0.04367895017929335,-0.019645990691996573,0.2901121538109397
1778211150282848649,1778211150283429408,0.14248111696040233,-0.229076066224156,0.35572594796673407,-0.3984512092774857,0.14629587243457642,-0.07267109178301645,0.18940260929274366,0.46826123445487333,-0.3210116731517516,0.0623712520027464,0.07190814068818163,0.06198977645532899,-0.01583123521782248,0.2901121538109397
1778211150292873357,1778211150303547178,0.13828488593881083,-0.22373540856031227,0.3564888990615689,-0.3995956359197379,0.14591439688715901,-0.07267109178301645,0.18902113374532625,0.46978713664454297,-0.32253757534142125,0.05779354543373749,0.07190814068818163,0.06885633630884236,-0.015449759670405072,0.2901121538109397
1778211150315435938,1778211150323522952,0.13103685053788006,-0.2126726176852074,0.3564888990615689,-0.4026474402990772,0.1451514457923242,-0.07267109178301645,0.18863965819790884,0.47169451438163,-0.32635233081559534,0.05092698558022413,0.07152666514076422,0.08525978484779095,-0.012779430838483208,0.2901121538109397
1778211150336296737,1778211150343555090,0.12302586404211446,-0.2000839246204329,0.3564888990615689,-0.40493629358358163,0.1417181658655675,-0.07305256733043386,0.18444342717631734,0.47245746547646483,-0.33016708628976943,0.04024567025253667,0.07152666514076422,0.09861142900740028,-0.012779430838483208,0.2901121538109397
1778211150357239145,1778211150363474416,0.11539635309376628,-0.19016556038757848,0.3564888990615689,-0.40646219577325127,0.13828488593881083,-0.07267109178301645,0.1825360494392303,0.47283894102388224,-0.3336003662165261,0.032997634851605895,0.07152666514076422,0.1119630731670096,-0.01163500419623098,0.2901121538109397
1778211150382729274,1778211150383487839,0.10585946440833105,-0.17757686732280398,0.3564888990615689,-0.41065842679484277,0.13370717936980192,-0.07267109178301645,0.17757686732280398,0.4751277943083867,-0.3374151216907002,0.02117189288166621,0.07152666514076422,0.12760357061112337,-0.009346150911726525,0.2897306782635223
1778211150396195622,1778211150403545239,0.10013733119706991,-0.17261768520637766,0.3561074235141515,-0.4114213778896776,0.13141832608529747,-0.07267109178301645,0.1749065384908821,0.4762722209506389,-0.33970397497520466,0.01697566186007471,0.07190814068818163,0.13561455710688897,-0.008964675364309116,0.2897306782635223
1778211150416833471,1778211150423652280,0.09288929579613914,-0.16269932097352502,0.3561074235141515,-0.41371023117418204,0.1245517662317841,-0.07305256733043386,0.17185473411154284,0.4793240253299782,-0.34008545052262207,0.008201724269474298,0.07228961623559904,0.14782177462424606,-0.006675822079804661,0.28934920271610487
1778211150437589879,1778211150443533533,0.08335240711070391,-0.15239948119325497,0.3561074235141515,-0.41485465781643427,0.11768520637827073,-0.07267109178301645,0.17147325856412543,0.4831387808041523,-0.3423743038071265,0.0020981155107957505,0.07228961623559904,0.16041046768902056,-0.006294346532387252,0.28858625162127005
1778211150458112847,1778211150463488799,0.07572289616235572,-0.1413366903181501,0.3561074235141515,-0.4171435111009387,0.11310749980926182,-0.07267109178301645,0.16918440527962098,0.488479438467996,-0.3454261081864658,-0.005149919890135024,0.07190814068818163,0.1741435873960473,-0.0036240177004653873,0.286678873884183
1778211150478860579,1778211150483507224,0.0661860074769205,-0.13065537499046265,0.35572594796673407,-0.41828793774319095,0.11043717097733996,-0.07267109178301645,0.16765850308995134,0.4907682917525005,-0.3492408636606399,-0.010872053101396162,0.07190814068818163,0.18749523155565662,-0.0036240177004653873,0.286678873884183
1778211150499546933,1778211150503537231,0.05779354543373749,-0.1203555352101926,0.35534447241931666,-0.4198138399328606,0.10738536659800069,-0.07267109178301645,0.16727702754253393,0.49305714503700493,-0.35610742351415325,-0.017357137407492118,0.07190814068818163,0.1997024490730137,-0.002861066605630569,0.286678873884183
1778211150520265722,1778211150523489447,0.04863813229571967,-0.10891126878767032,0.35534447241931666,-0.4205767910276954,0.10051880674448732,-0.07228961623559904,0.16689555199511652,0.49420157167925716,-0.36373693446250144,-0.02536812390325771,0.07190814068818163,0.2122911421377882,-0.002861066605630569,0.286678873884183
1778211150541229519,1778211150543519150,0.03910124361028444,-0.09365224689097396,0.35534447241931666,-0.4209582665751128,0.09174486915388691,-0.07228961623559904,0.16689555199511652,0.49382009613183975,-0.36907759212634517,-0.03109025711451885,0.07152666514076422,0.22487983520256272,-0.0020981155107957505,0.286678873884183
1778211150561346729,1778211150563522279,0.029182879377431803,-0.08335240711070391,0.35534447241931666,-0.4209582665751128,0.08373388265812132,-0.07228961623559904,0.1665140764476991,0.49382009613183975,-0.3736552986953541,-0.03681239032577999,0.07190814068818163,0.23785000381475463,-0.0013351644159609322,0.286678873884183
1778211150582068026,1778211150583455215,0.018883039597161755,-0.06885633630884236,0.35534447241931666,-0.4209582665751128,0.0745784695201035,-0.07228961623559904,0.1665140764476991,0.49382009613183975,-0.37708857862211076,-0.042534523537041125,0.07190814068818163,0.2500572213321117,0.000953688868543523,0.286678873884183
1778211150592471208,1778211150603514678,0.014305333028152845,-0.06198977645532899,0.35496299687189925,-0.4209582665751128,0.06961928740367718,-0.07228961623559904,0.1665140764476991,0.49382009613183975,-0.3778515297169456,-0.04482337682154558,0.07190814068818163,0.2565423056382077,0.0020981155107957505,0.2862973983367656
1778211150623087815,1778211150623542283,0.0001907377737087046,-0.041771572442206306,0.3526741435873948,-0.4213397421225302,0.05741206988632008,-0.07228961623559904,0.16269932097352502,0.49382009613183975,-0.3831921873807893,-0.051308461127641536,0.07190814068818163,0.2748531319142433,0.009727626459143934,0.2862973983367656
1778211150634054669,1778211150643471238,-0.003242542153047978,-0.032997634851605895,0.3522926680399774,-0.4213397421225302,0.0539787899595634,-0.07228961623559904,0.1619363698786902,0.49382009613183975,-0.38509956511787635,-0.05359731441214599,0.07190814068818163,0.28057526512550446,0.010872053101396162,0.2862973983367656
1778211150654524405,1778211150663517169,-0.01163500419623098,-0.022697795071335847,0.35000381475547293,-0.42172121766994763,0.04825665674830226,-0.07228961623559904,0.15926604104676834,0.49382009613183975,-0.386625467307546,-0.0581750209811549,0.07190814068818163,0.2912565804531919,0.01201647974364839,0.2859159227893482
1778211150675424831,1778211150683493698,-0.018883039597161755,-0.013160906385900617,0.34580758373388143,-0.42172121766994763,0.0413900968947889,-0.07228961623559904,0.15926604104676834,0.49420157167925716,-0.38891432059205044,-0.061608300907911584,0.07190814068818163,0.3027008468757142,0.014305333028152845,0.2859159227893482
1778211150700828351,1778211150703458674,-0.027656977187762166,-0.002861066605630569,0.34199282825970734,-0.42210269321736504,0.03528648813611035,-0.07228961623559904,0.15850308995193352,0.49420157167925716,-0.3904402227817201,-0.06580453192950309,0.07190814068818163,0.31795986877241056,0.015449759670405072,0.2859159227893482
1778211150712209369,1778211150723529735,-0.03109025711451885,0.000953688868543523,0.33894102388036806,-0.42286564431219986,0.03147173266193626,-0.07228961623559904,0.1581216144045161,0.494964522774092,-0.39349202716105935,-0.06847486076142495,0.07190814068818163,0.3236820019836717,0.01583123521782248,0.2855344472419308
1778211150742812606,1778211150743457279,-0.04062714579995408,0.010490577553978753,0.335126268406194,-0.4247730220492869,0.024986648355840302,-0.07228961623559904,0.1581216144045161,0.496871900511179,-0.39692530708781604,-0.07419699397268609,0.07190814068818163,0.343518730449377,0.01621271076523989,0.28477149614709596
1778211150752404309,1778211150763517678,-0.04367895017929335,0.014305333028152845,0.3332188906691069,-0.4255359731441217,0.02193484397650103,-0.07228961623559904,0.15621423666742906,0.49725337605859643,-0.40074006256199013,-0.07686732280460795,0.07190814068818163,0.34695201037613366,0.01621271076523989,0.28362706950484373
1778211150782692820,1778211150783469073,-0.052071412222476354,0.027656977187762166,0.3274967574578458,-0.428587777523461,0.00705729762722207,-0.07228961623559904,0.1497291523613331,0.49763485160601384,-0.4114213778896776,-0.08335240711070391,0.07190814068818163,0.3694590676737608,0.0165941863126573,0.2821011673151741
1778211150792357283,1778211150803482867,-0.05474174105439822,0.032616159304188486,0.32597085526817615,-0.4289692530708784,0.0017166399633783413,-0.07190814068818163,0.14744029907682865,0.49801632715343125,-0.41485465781643427,-0.08449683375295614,0.07152666514076422,0.3774700541695264,0.01621271076523989,0.2821011673151741
1778211150816052180,1778211150823453802,-0.0623712520027464,0.04406042572671076,0.32253757534141947,-0.4324025329976351,-0.01201647974364839,-0.07190814068818163,0.14705882352941124,0.49877927824826607,-0.4198138399328606,-0.09174486915388691,0.07190814068818163,0.3969253070878178,0.01621271076523989,0.28095674067292187
1778211150837068684,1778211150843538768,-0.06885633630884236,0.05893797207598972,0.31795986877241056,-0.43392843518730473,-0.019645990691996573,-0.07152666514076422,0.14400701915007197,0.4999237048905183,-0.42248416876478245,-0.09708552681773064,0.07152666514076422,0.41523613336385345,0.01697566186007471,0.2790493629358348
1778211150857756574,1778211150863495249,-0.0749599450675209,0.0707637140459294,0.3145265888456539,-0.4358358129243918,-0.027656977187762166,-0.0707637140459294,0.1409552147707327,0.5022125581750227,-0.42591744869153914,-0.10318913557640919,0.07190814068818163,0.4331654840924717,0.0165941863126573,0.2775234607461652
1778211150878198941,1778211150883513425,-0.08182650492103427,0.0791561760891124,0.3114747844663146,-0.4373617151140614,-0.03452353704127553,-0.06961928740367718,0.1409552147707327,0.5045014114595272,-0.43049515526054805,-0.10967421988250514,0.07190814068818163,0.4510948348210899,0.01621271076523989,0.27561608300907814
1778211150898587964,1778211150903511166,-0.08945601586938245,0.08983749141679986,0.30918593118181015,-0.43888761730373105,-0.03948271915770185,-0.06809338521400754,0.14057373922331529,0.5067902647440317,-0.43545433737697437,-0.11577782864118369,0.07190814068818163,0.46864271000229074,0.0165941863126573,0.2740901808194085
1778211150918960354,1778211150923469197,-0.09594110017547841,0.0997558556496525,0.3076600289921405,-0.4400320439459833,-0.04329747463187594,-0.0665674830243379,0.14019226367589788,0.5098420691233709,-0.43812466620889623,-0.12302586404211446,0.07190814068818163,0.48580910963607415,0.01621271076523989,0.27180132753490405
1778211150939522164,1778211150943475274,-0.10242618448157437,0.1077668421454181,0.3072785534447231,-0.44308384832532255,-0.0455863279163804,-0.06389715419241604,0.13904783703364565,0.511749446860458,-0.4400320439459833,-0.129129472800793,0.07152666514076422,0.5018310826276053,0.01621271076523989,0.27141985198748664
1778211150960199175,1778211150963466314,-0.10967421988250514,0.11425192645151405,0.3072785534447231,-0.4442282749675748,-0.04901960784313708,-0.061608300907911584,0.1367589837491412,0.5148012512397973,-0.4415579461356529,-0.13485160601205415,0.07190814068818163,0.5163271534294669,0.01621271076523989,0.27103837644006923
1778211150980458007,1778211150983537314,-0.11692225528343592,0.11997405966277519,0.3068970778973057,-0.4446097505149922,-0.05474174105439822,-0.06008239871824195,0.1367589837491412,0.5182345311665539,-0.4419394216830703,-0.1413366903181501,0.07152666514076422,0.5312046997787458,0.01621271076523989,0.2706569008926518
1778211151002678322,1778211151003451446,-0.12111848630502742,0.12569619287403633,0.30498970016021865,-0.44689860379949664,-0.05931944762340713,-0.05779354543373749,0.13447013046463674,0.5205233844510584,-0.4419394216830703,-0.14591439688715901,0.07152666514076422,0.5460822461280248,0.01621271076523989,0.2695124742503996
1778211151016410344,1778211151023540768,-0.12417029068436669,0.12798504615854078,0.3030823224231316,-0.44689860379949664,-0.06351567864499863,-0.056267643244067855,0.13141832608529747,0.5212863355458932,-0.4419394216830703,-0.15087357900358533,0.07152666514076422,0.5575265125505471,0.01583123521782248,0.26836804760814736
1778211151036954247,1778211151043456566,-0.129129472800793,0.13218127718013228,0.2996490424963749,-0.44728007934691405,-0.06809338521400754,-0.0539787899595634,0.129129472800793,0.5212863355458932,-0.4419394216830703,-0.15583276112001165,0.07114518959334681,0.5689707789730694,0.01621271076523989,0.2668421454184777
1778211151057346233,1778211151063455940,-0.1329442282749671,0.13599603265430638,0.2988860914015401,-0.44728007934691405,-0.07267109178301645,-0.05092698558022413,0.12951094834821042,0.5212863355458932,-0.4415579461356529,-0.16079194323643797,0.07114518959334681,0.5819409475852613,0.01621271076523989,0.2645532921339733
1778211151078394639,1778211151083471929,-0.13599603265430638,0.13981078812848047,0.2988860914015401,-0.44728007934691405,-0.0749599450675209,-0.04825665674830226,0.1287479972533756,0.5216678110933106,-0.4419394216830703,-0.16498817425802947,0.07000076295109459,0.5949111161974532,0.01621271076523989,0.26340886549172104
1778211151098957696,1778211151103531258,-0.13904783703364565,0.1447699702449068,0.2988860914015401,-0.44804303044174887,-0.07991912718394723,-0.04596780346379781,0.1283665217059582,0.522049286640728,-0.4419394216830703,-0.16956588082703838,0.06885633630884236,0.6067368581673929,0.015068284122987663,0.2607385366597992
1778211151119518267,1778211151123476811,-0.14019226367589788,0.15011062790875052,0.2988860914015401,-0.4503318837262533,-0.08068207827878204,-0.04406042572671076,0.12607766842145374,0.522049286640728,-0.4419394216830703,-0.17261768520637766,0.06771190966659013,0.6181811245899151,0.014686808575570254,0.25959411001754695
1778211151140902227,1778211151143469286,-0.14248111696040233,0.15621423666742906,0.2988860914015401,-0.45147631036850555,-0.0829709315632865,-0.041771572442206306,0.12493324177920151,0.522049286640728,-0.4415579461356529,-0.17528801403829952,0.06694895857175531,0.6280994888227678,0.01163500419623098,0.25921263447012954
1778211151161365772,1778211151163461308,-0.14400701915007197,0.16002899214160315,0.2988860914015401,-0.45147631036850555,-0.08373388265812132,-0.03986419470511926,0.12302586404211446,0.5228122377355628,-0.4415579461356529,-0.17681391622796916,0.06580453192950309,0.6353475242236986,0.01163500419623098,0.2584496833752947
1778211151181203121,1778211151183470113,-0.1447699702449068,0.1623178454261076,0.2988860914015401,-0.45147631036850555,-0.08487830930037354,-0.03833829251544962,0.12302586404211446,0.5235751888303977,-0.4415579461356529,-0.1779583428702214,0.06466010528725086,0.6410696574349597,0.01163500419623098,0.2565423056382077
1778211151201949730,1778211151203459468,-0.1455329213397416,0.1657511253528643,0.2988860914015401,-0.45147631036850555,-0.08793011367971282,-0.03643091477836258,0.12302586404211446,0.5239566643778151,-0.4415579461356529,-0.1779583428702214,0.06351567864499863,0.6456473640039686,0.010490577553978753,0.25616083009079027
1778211151222449824,1778211151223451791,-0.14705882352941124,0.16803997863736875,0.2988860914015401,-0.45147631036850555,-0.09021896696421727,-0.03528648813611035,0.12226291294727964,0.5239566643778151,-0.4415579461356529,-0.1779583428702214,0.06275272755016381,0.6490806439307253,0.008201724269474298,0.25616083009079027
1778211151243057916,1778211151243431955,-0.14744029907682865,0.16918440527962098,0.2988860914015401,-0.45223926146334037,-0.09098191805905209,-0.033379110399023304,0.12226291294727964,0.5239566643778151,-0.4415579461356529,-0.1779583428702214,0.0623712520027464,0.6517509727626472,0.008201724269474298,0.25616083009079027
1778211151254101291,1778211151263464009,-0.14782177462424606,0.16918440527962098,0.2988860914015401,-0.45223926146334037,-0.0913633936064695,-0.032616159304188486,0.12226291294727964,0.5239566643778151,-0.4415579461356529,-0.1779583428702214,0.06275272755016381,0.6532768749523168,0.008201724269474298,0.25616083009079027
1778211151274253059,1778211151283514147,-0.14858472571908088,0.16918440527962098,0.2988860914015401,-0.4530022125581752,-0.0913633936064695,-0.03109025711451885,0.12226291294727964,0.5239566643778151,-0.4415579461356529,-0.1779583428702214,0.06275272755016381,0.6555657282368212,0.007820248722056888,0.25577935454337286
1778211151294863708,1778211151303518468,-0.1497291523613331,0.16918440527962098,0.2988860914015401,-0.45376516365301,-0.0913633936064695,-0.03070878156710144,0.12188143739986224,0.5239566643778151,-0.4415579461356529,-0.1779583428702214,0.06275272755016381,0.6567101548790735,0.007820248722056888,0.25577935454337286
1778211151320539745,1778211151323457501,-0.15011062790875052,0.16918440527962098,0.2988860914015401,-0.4545281147478448,-0.0913633936064695,-0.03032730601968403,0.12188143739986224,0.5239566643778151,-0.4415579461356529,-0.1779583428702214,0.06313420309758122,0.6570916304264909,0.00705729762722207,0.25577935454337286
1778211151335054749,1778211151343527339,-0.15011062790875052,0.16918440527962098,0.2988860914015401,-0.4545281147478448,-0.09174486915388691,-0.03032730601968403,0.12226291294727964,0.5239566643778151,-0.4415579461356529,-0.1779583428702214,0.06275272755016381,0.6570916304264909,0.0040054932478827965,0.25577935454337286
1778211151363219244,1778211151363523317,-0.15011062790875052,0.16918440527962098,0.2988860914015401,-0.4545281147478448,-0.0913633936064695,-0.03070878156710144,0.12188143739986224,0.5239566643778151,-0.4415579461356529,-0.1779583428702214,0.06275272755016381,0.6570916304264909,-0.0024795910582131597,0.25577935454337286
1778211151382246909,1778211151383462561,-0.15011062790875052,0.16918440527962098,0.2988860914015401,-0.4545281147478448,-0.0913633936064695,-0.03070878156710144,0.12226291294727964,0.5239566643778151,-0.4415579461356529,-0.1779583428702214,0.06275272755016381,0.6567101548790735,-0.002861066605630569,0.25577935454337286
1778211151394259007,1778211151403519576,-0.15011062790875052,0.16918440527962098,0.2988860914015401,-0.4545281147478448,-0.09174486915388691,-0.03109025711451885,0.12226291294727964,0.5239566643778151,-0.4415579461356529,-0.1779583428702214,0.06275272755016381,0.6567101548790735,-0.002861066605630569,0.25577935454337286
1778211151422664842,1778211151423460808,-0.1497291523613331,0.16880292973220357,0.2988860914015401,-0.4545281147478448,-0.09250782024872173,-0.03109025711451885,0.12226291294727964,0.5239566643778151,-0.4419394216830703,-0.1779583428702214,0.06275272755016381,0.6567101548790735,-0.002861066605630569,0.25577935454337286
1778211151435539609,1778211151443568633,-0.1497291523613331,0.16880292973220357,0.2988860914015401,-0.4541466392004274,-0.09479667353322618,-0.03109025711451885,0.12226291294727964,0.5239566643778151,-0.4419394216830703,-0.1779583428702214,0.06275272755016381,0.6555657282368212,-0.002861066605630569,0.25577935454337286
1778211151462525779,1778211151463463554,-0.1489662012664983,0.16918440527962098,0.2992675669489575,-0.4545281147478448,-0.09784847791256546,-0.03070878156710144,0.12188143739986224,0.5239566643778151,-0.445372701609827,-0.1779583428702214,0.06275272755016381,0.652513923857482,-0.0024795910582131597,0.25577935454337286
1778211151476163647,1778211151483546875,-0.14782177462424606,0.16880292973220357,0.2992675669489575,-0.4545281147478448,-0.09861142900740028,-0.03070878156710144,0.12188143739986224,0.5239566643778151,-0.4461356527046618,-0.17757686732280398,0.06275272755016381,0.6506065461203949,-0.0024795910582131597,0.25577935454337286
1778211151496773999,1778211151503598434,-0.14705882352941124,0.16880292973220357,0.3000305180437923,-0.45490959029526223,-0.09899290455481768,-0.03070878156710144,0.12188143739986224,0.5239566643778151,-0.44689860379949664,-0.17757686732280398,0.06275272755016381,0.6464103150988034,-0.0024795910582131597,0.25577935454337286
1778211151517601967,1778211151523502770,-0.14667734798199383,0.16880292973220357,0.3000305180437923,-0.4545281147478448,-0.0993743801022351,-0.03070878156710144,0.12188143739986224,0.5239566643778151,-0.4495689326314185,-0.17719539177538657,0.06275272755016381,0.6410696574349597,-0.0005722133211261138,0.25577935454337286
1778211151537582917,1778211151543496403,-0.14629587243457642,0.16765850308995134,0.30117494468604455,-0.4545281147478448,-0.0997558556496525,-0.03109025711451885,0.12188143739986224,0.5239566643778151,-0.4503318837262533,-0.17681391622796916,0.06275272755016381,0.6345845731288637,0.0005722133211261138,0.25616083009079027
1778211151558121052,1778211151563489386,-0.14400701915007197,0.16460669871061206,0.30422674906538383,-0.4545281147478448,-0.10128175783932214,-0.03147173266193626,0.12226291294727964,0.5239566643778151,-0.4533836881055926,-0.17681391622796916,0.06275272755016381,0.627336537727933,0.0013351644159609322,0.25616083009079027
1778211151578920810,1778211151583625816,-0.14324406805523715,0.16041046768902056,0.3061341268024709,-0.4545281147478448,-0.10242618448157437,-0.03185320820935367,0.12226291294727964,0.5239566643778151,-0.4545281147478448,-0.17643244068055175,0.06313420309758122,0.6197070267795848,0.0013351644159609322,0.25616083009079027
1778211151600004218,1778211151603530116,-0.14019226367589788,0.1539253833829246,0.30842298008697533,-0.4545281147478448,-0.10242618448157437,-0.032234683756771076,0.12188143739986224,0.5239566643778151,-0.4571984435797667,-0.17528801403829952,0.06351567864499863,0.610551613641567,0.004386968795300206,0.25616083009079027
1778211151615098537,1778211151623567871,-0.1371404592965586,0.1497291523613331,0.30880445563439274,-0.4545281147478448,-0.10242618448157437,-0.032234683756771076,0.12188143739986224,0.5239566643778151,-0.45986877241168855,-0.1749065384908821,0.06313420309758122,0.6033035782406362,0.005531395437552433,0.2565423056382077
1778211151625400223,1778211151643460688,-0.13485160601205415,0.14667734798199383,0.30880445563439274,-0.4545281147478448,-0.10242618448157437,-0.032234683756771076,0.12149996185244483,0.5239566643778151,-0.4613946746013582,-0.1745250629434647,0.06351567864499863,0.5987258716716273,0.006294346532387252,0.2565423056382077
1778211151662996915,1778211151663466957,-0.12684061951628856,0.13447013046463674,0.3107118333714798,-0.4545281147478448,-0.10242618448157437,-0.03376058594644071,0.12188143739986224,0.5239566643778151,-0.4648279545281149,-0.17223620965896025,0.06351567864499863,0.5842298008697657,0.009346150911726525,0.2569237811856251
1778211151682419941,1778211151683463481,-0.11997405966277519,0.12798504615854078,0.3114747844663146,-0.4545281147478448,-0.10242618448157437,-0.03452353704127553,0.12188143739986224,0.5239566643778151,-0.4648279545281149,-0.1707103074692906,0.06351567864499863,0.578889143205922,0.014305333028152845,0.2569237811856251
1778211151702579219,1778211151703450049,-0.11539635309376628,0.11844815747310555,0.31300068665598424,-0.4545281147478448,-0.10204470893415696,-0.03604943923094517,0.12188143739986224,0.5235751888303977,-0.4648279545281149,-0.16803997863736875,0.06351567864499863,0.5712596322575738,0.01621271076523989,0.2573052567330425
1778211151715438942,1778211151723461301,-0.11120012207217478,0.11272602426184442,0.31414511329823647,-0.4541466392004274,-0.10242618448157437,-0.03681239032577999,0.12188143739986224,0.5228122377355628,-0.46444647898069746,-0.16689555199511652,0.06351567864499863,0.5659189745937301,0.0165941863126573,0.2573052567330425
1778211151735933411,1778211151743462189,-0.10318913557640919,0.10280766002899178,0.3160524910353235,-0.4541466392004274,-0.10166323338673955,-0.03833829251544962,0.12149996185244483,0.5216678110933106,-0.46444647898069746,-0.16308079652094243,0.06351567864499863,0.5582894636453819,0.017357137407492118,0.2573052567330425
1778211151762545930,1778211151763475864,-0.09479667353322618,0.08869306477454764,0.3160524910353235,-0.4541466392004274,-0.10166323338673955,-0.03986419470511926,0.12188143739986224,0.5216678110933106,-0.4648279545281149,-0.15850308995193352,0.06351567864499863,0.547226672770277,0.018120088502326936,0.2584496833752947
1778211151772922708,1778211151783550014,-0.09060044251163468,0.08449683375295614,0.3160524910353235,-0.4541466392004274,-0.10166323338673955,-0.04062714579995408,0.12188143739986224,0.5216678110933106,-0.4652094300755323,-0.15621423666742906,0.06351567864499863,0.5426489662012681,0.019645990691996573,0.25959411001754695
1778211151796780761,1778211151803566948,-0.08220798046845168,0.07648584725719054,0.3160524910353235,-0.4541466392004274,-0.10128175783932214,-0.042915999084458534,0.12226291294727964,0.5216678110933106,-0.4690241855497064,-0.15049210345616792,0.06351567864499863,0.5331120775158329,0.02536812390325771,0.2611200122072166
1778211151816933689,1778211151823457248,-0.07534142061493831,0.07228961623559904,0.3164339665827409,-0.4541466392004274,-0.10090028229190473,-0.0455863279163804,0.12188143739986224,0.520141908903641,-0.47283894102388047,-0.1447699702449068,0.06351567864499863,0.5262455176623195,0.02994583047226662,0.2626459143968862
1778211151837999136,1778211151843507436,-0.07000076295109459,0.0665674830243379,0.31834134431982797,-0.4541466392004274,-0.09899290455481768,-0.04787518120088485,0.12226291294727964,0.5174715800717191,-0.47627222095063715,-0.14057373922331529,0.06351567864499863,0.5193789578088062,0.032997634851605895,0.26417181658655586
1778211151858070630,1778211151863523714,-0.06771190966659013,0.06351567864499863,0.3244449530785065,-0.4541466392004274,-0.09441519798580877,-0.05016403448538931,0.12302586404211446,0.5140383001449624,-0.478942549782559,-0.1371404592965586,0.06351567864499863,0.5125123979552928,0.032997634851605895,0.2653162432288081
1778211151882696809,1778211151883406729,-0.06466010528725086,0.05779354543373749,0.3355077439536114,-0.45376516365301,-0.09060044251163468,-0.05245288776989376,0.12493324177920151,0.5098420691233709,-0.48046845197222865,-0.13065537499046265,0.06351567864499863,0.5041199359121098,0.03185320820935367,0.2656977187762255
1778211151894357030,1778211151903534008,-0.06313420309758122,0.05512321660181563,0.3397039749752029,-0.45376516365301,-0.08983749141679986,-0.05321583886472858,0.12493324177920151,0.5079346913862839,-0.48084992751964606,-0.12798504615854078,0.06351567864499863,0.4995422293431009,0.02994583047226662,0.2656977187762255
1778211151922712793,1778211151923454501,-0.05855649652857231,0.047112230106050035,0.34657053482871625,-0.45376516365301,-0.08564126039520836,-0.056267643244067855,0.12607766842145374,0.5064087891966143,-0.48390173189898533,-0.12149996185244483,0.06427862973983345,0.49000534065766566,0.024986648355840302,0.2660791943236429
1778211151936212038,1778211151943505280,-0.05436026550698081,0.04329747463187594,0.34695201037613366,-0.45376516365301,-0.08220798046845168,-0.057030594338902674,0.12607766842145374,0.5064087891966143,-0.487335011825742,-0.11806668192568814,0.06427862973983345,0.48504615854123934,0.022316319523918438,0.2660791943236429
1778211151956579323,1778211151963473024,-0.04901960784313708,0.03948271915770185,0.34657053482871625,-0.45376516365301,-0.078774700541695,-0.05931944762340713,0.12607766842145374,0.5064087891966143,-0.49267566948958574,-0.11158159761959219,0.06466010528725086,0.47665369649805633,0.0207904173342488,0.2660791943236429
1778211151977193121,1778211151983543726,-0.04367895017929335,0.03376058594644071,0.34580758373388143,-0.45376516365301,-0.07763027389944277,-0.06198977645532899,0.12645914396887115,0.5064087891966143,-0.4949645227740902,-0.10700389105058328,0.06504158083466827,0.46826123445487333,0.02117189288166621,0.2664606698710603
1778211151997861711,1778211152003499890,-0.03604943923094517,0.02613107499809253,0.3439002059967944,-0.45376516365301,-0.07267109178301645,-0.06313420309758122,0.12684061951628856,0.5045014114595272,-0.49725337605859465,-0.10090028229190473,0.06580453192950309,0.4591058213168555,0.02155336842908362,0.2668421454184777
1778211152017835535,1778211152023452568,-0.029182879377431803,0.018501564049744346,0.3408484016174551,-0.45376516365301,-0.06885633630884236,-0.06427862973983345,0.12684061951628856,0.5025940337224402,-0.49801632715342947,-0.09517814908064359,0.0661860074769205,0.4495689326314203,0.02117189288166621,0.26760509651331255
1778211152038588010,1778211152043403903,-0.02155336842908362,0.007820248722056888,0.3400854505226203,-0.4530022125581752,-0.06580453192950309,-0.06580453192950309,0.12989242389562783,0.5018310826276053,-0.49801632715342947,-0.09021896696421727,0.0665674830243379,0.43965056839856764,0.0207904173342488,0.26798657206072996
1778211152062989180,1778211152063516782,-0.012779430838483208,-0.0017166399633783413,0.3400854505226203,-0.45223926146334037,-0.05970092317082454,-0.06733043411917272,0.13103685053788006,0.5006866559853531,-0.5003051804379339,-0.08258945601586909,0.0665674830243379,0.4251544975967061,0.018120088502326936,0.26798657206072996
1778211152074357036,1778211152083525134,-0.008964675364309116,-0.010109102006561344,0.3400854505226203,-0.45147631036850555,-0.05741206988632008,-0.06771190966659013,0.1333257038223845,0.4995422293431009,-0.5018310826276036,-0.07839322499427759,0.0665674830243379,0.4175249866483579,0.018120088502326936,0.26798657206072996
1778211152102284486,1778211152103451411,0.0020981155107957505,-0.024605172808422893,0.3404669260700377,-0.45071335927367073,-0.04863813229571967,-0.06771190966659013,0.13485160601205415,0.49801632715343125,-0.5067902647440299,-0.07114518959334681,0.06694895857175531,0.3995956359197397,0.017738612954909527,0.26798657206072996
1778211152115267217,1778211152123461426,0.007820248722056888,-0.02994583047226662,0.34161135271228993,-0.4503318837262533,-0.042153047989623715,-0.06733043411917272,0.1371404592965586,0.49763485160601384,-0.510605020218204,-0.0665674830243379,0.0665674830243379,0.38891432059204867,0.01697566186007471,0.26798657206072996
1778211152135883091,1778211152143574036,0.01583123521782248,-0.03986419470511926,0.345426108186464,-0.4495689326314185,-0.03643091477836258,-0.06771190966659013,0.1413366903181501,0.49725337605859643,-0.5174715800717173,-0.05893797207598972,0.0661860074769205,0.3744182497901871,0.01583123521782248,0.26836804760814736
1778211152157423639,1778211152163481412,0.023460746166170665,-0.051689936675058945,0.35038529030289034,-0.4491874570840011,-0.033379110399023304,-0.06847486076142495,0.14362554360265456,0.4964904249637616,-0.5247196154726481,-0.052071412222476354,0.0661860074769205,0.3606851300831604,0.015068284122987663,0.2687495231555648
1778211152178310766,1778211152183540603,0.03109025711451885,-0.060845349813076766,0.3564888990615689,-0.44766155489433146,-0.028419928282596985,-0.06961928740367718,0.14438849469748938,0.49458304722667457,-0.5270084687571526,-0.04367895017929335,0.0661860074769205,0.34733348592355107,0.015068284122987663,0.2691309987029822
1778211152198345873,1778211152203500344,0.03871976806286703,-0.06771190966659013,0.3614480811779952,-0.44689860379949664,-0.02117189288166621,-0.06961928740367718,0.1451514457923242,0.4919127183947527,-0.5289158464942396,-0.037575341420614805,0.0661860074769205,0.33398184176394174,0.014305333028152845,0.2695124742503996
1778211152218702717,1778211152223452409,0.04825665674830226,-0.07572289616235572,0.36411841000991707,-0.4461356527046618,-0.013923857480735435,-0.06961928740367718,0.14591439688715901,0.4880979629205786,-0.5312046997787441,-0.03032730601968403,0.0665674830243379,0.32253757534141947,0.013542381933318026,0.269893949797817
1778211152239833982,1778211152243451473,0.05779354543373749,-0.08640421149004318,0.3660257877470041,-0.44384679942015737,-0.010109102006561344,-0.06961928740367718,0.14667734798199383,0.48504615854123934,-0.5315861753261615,-0.023842221713588074,0.0661860074769205,0.3110933089188972,0.011253528648813571,0.2702754253452344
1778211152259703620,1778211152263459540,0.06847486076142495,-0.09365224689097396,0.3664072632944215,-0.44270237277790514,-0.005531395437552433,-0.07000076295109459,0.15011062790875052,0.48237582970931747,-0.5319676508735789,-0.01697566186007471,0.0661860074769205,0.2992675669489575,0.011253528648813571,0.27141985198748664
1778211152280588939,1778211152283542495,0.07953765163652982,-0.10700389105058328,0.36678873884183893,-0.44232089723048773,0.0036240177004653873,-0.070382238498512,0.1531624322880898,0.48084992751964784,-0.5319676508735789,-0.008583199816891707,0.0661860074769205,0.286678873884183,0.011253528648813571,0.27180132753490405
1778211152300969940,1778211152303460400,0.08907454032196505,-0.11921110856794037,0.36678873884183893,-0.4419394216830703,0.012779430838483208,-0.070382238498512,0.15545128557259424,0.4793240253299782,-0.5323491264209963,-0.000953688868543523,0.0661860074769205,0.2733272297245737,0.010109102006561344,0.27180132753490405
1778211152321571032,1778211152323452248,0.10090028229190473,-0.13370717936980192,0.36678873884183893,-0.43888761730373105,0.02040894178683139,-0.070382238498512,0.16002899214160315,0.47703517204547374,-0.5319676508735789,0.007820248722056888,0.0661860074769205,0.2580682078278773,0.009346150911726525,0.27180132753490405
1778211152332360523,1778211152343453701,0.10509651331349623,-0.1417181658655675,0.36678873884183893,-0.43850614175631364,0.02536812390325771,-0.07000076295109459,0.16002899214160315,0.4755092698558041,-0.5315861753261615,0.010490577553978753,0.0661860074769205,0.25043869687952913,0.007438773174639479,0.27218280308232146
1778211152351743436,1778211152363485742,0.11692225528343592,-0.1535439078355072,0.36678873884183893,-0.4365987640192266,0.027656977187762166,-0.070382238498512,0.1615548943312728,0.47360189211871706,-0.5315861753261615,0.02040894178683139,0.06580453192950309,0.2412832837415113,0.005912870984969842,0.27218280308232146
1778211152382444757,1778211152383457619,0.12951094834821042,-0.18101014724956066,0.36717021438925634,-0.43392843518730473,0.04520485236896299,-0.07000076295109459,0.16727702754253393,0.46978713664454297,-0.5308232242313267,0.029564354924849212,0.06542305638208568,0.21076523994811858,0.004386968795300206,0.27256427862973887
1778211152395898694,1778211152403509908,0.13637750820172378,-0.1913099870298307,0.36717021438925634,-0.43392843518730473,0.051689936675058945,-0.07000076295109459,0.1699473563744558,0.46940566109712556,-0.529297322041657,0.037193865873197396,0.06466010528725086,0.1989394979781789,0.0036240177004653873,0.27256427862973887
1778211152416687191,1778211152423540152,0.1451514457923242,-0.21457999542229445,0.36755168993667375,-0.43125810635538286,0.06313420309758122,-0.07000076295109459,0.1707103074692906,0.46940566109712556,-0.5258640421149003,0.04367895017929335,0.06313420309758122,0.18596932936598698,0.0024795910582131597,0.27256427862973887
1778211152436593625,1778211152443478729,0.1531624322880898,-0.229076066224156,0.36755168993667375,-0.4278248264286262,0.070382238498512,-0.07000076295109459,0.17147325856412543,0.46902418554970815,-0.5212863355458914,0.05245288776989376,0.06275272755016381,0.17261768520637766,0.0024795910582131597,0.27256427862973887
1778211152462496717,1778211152463461865,0.16346227206835984,-0.25997558556496614,0.36755168993667375,-0.4251544975967043,0.07419699397268609,-0.07000076295109459,0.17147325856412543,0.46864271000229074,-0.5128938735027084,0.0623712520027464,0.06198977645532899,0.1577401388570987,0.0005722133211261138,0.2737087052719911
1778211152473054173,1778211152483584587,0.16689555199511652,-0.2714198519874884,0.36755168993667375,-0.4243915465018695,0.07686732280460795,-0.07000076295109459,0.17147325856412543,0.4674982833600385,-0.5083161669336995,0.0665674830243379,0.061226825360494175,0.15239948119325497,-0.0013351644159609322,0.2748531319142433
1778211152496889400,1778211152503530485,0.17566948958571693,-0.2924010070954459,0.36755168993667375,-0.4236285954070347,0.07953765163652982,-0.070382238498512,0.17147325856412543,0.4636835278858644,-0.49649042496375984,0.07534142061493831,0.05970092317082454,0.1417181658655675,-0.003242542153047978,0.27561608300907814
1778211152517983925,1778211152523510412,0.18177309834439548,-0.3202487220569168,0.36755168993667375,-0.4205767910276954,0.08030060273136463,-0.070382238498512,0.17223620965896025,0.4594872968642729,-0.4869535362783246,0.08030060273136463,0.05779354543373749,0.13408865491721933,-0.0036240177004653873,0.27599755855649555
1778211152538676662,1778211152543456037,0.18863965819790884,-0.34390020599679616,0.36755168993667375,-0.4194323643854432,0.08182650492103427,-0.070382238498512,0.17185473411154284,0.454909590295264,-0.4747463187609675,0.08831158922713023,0.055886167696650446,0.12722209506370596,-0.0036240177004653873,0.27637903410391296
1778211152558742094,1778211152563493917,0.1955062180514222,-0.3618295567254144,0.36755168993667375,-0.4194323643854432,0.08335240711070391,-0.070382238498512,0.17185473411154284,0.4510948348210899,-0.46330205233844524,0.09365224689097396,0.05245288776989376,0.1203555352101926,-0.004386968795300206,0.27637903410391296
1778211152578964312,1778211152583561723,0.20122835126268335,-0.386625467307546,0.36755168993667375,-0.41905088883802577,0.08411535820553873,-0.07000076295109459,0.17376211184862989,0.44804303044175064,-0.45109483482108814,0.10051880674448732,0.04901960784313708,0.11463340199893146,-0.007820248722056888,0.27676050965133037
1778211152600327961,1778211152603475784,0.2080949111161967,-0.41905088883802577,0.36755168993667375,-0.4167620355535213,0.08564126039520836,-0.07000076295109459,0.17566948958571693,0.446517128252081,-0.43850614175631364,0.1077668421454181,0.04444190127412817,0.10891126878767032,-0.007820248722056888,0.27637903410391296
1778211152621115557,1778211152623461975,0.21419851987487526,-0.445372701609827,0.36755168993667375,-0.4159990844586865,0.08754863813229541,-0.06961928740367718,0.17643244068055175,0.44499122606241137,-0.42706187533379136,0.11539635309376628,0.03948271915770185,0.1035706111238266,-0.008964675364309116,0.27637903410391296
1778211152641950213,1778211152643455804,0.2203021286335538,-0.47131303883421083,0.36755168993667375,-0.41447318226901686,0.087167162584878,-0.06923781185625977,0.1779583428702214,0.4419394216830721,-0.41485465781643427,0.12302586404211446,0.033379110399023304,0.09899290455481768,-0.01163500419623098,0.27637903410391296
1778211152662176076,1778211152663451195,0.22678721293964976,-0.49382009613183797,0.36755168993667375,-0.41371023117418204,0.087167162584878,-0.06923781185625977,0.17910276951247361,0.43926909285115023,-0.40531776913099904,0.12989242389562783,0.02651255054550994,0.09479667353322618,-0.01163500419623098,0.27637903410391296
1778211152681499984,1778211152683502475,0.2321278706034935,-0.5090791180285343,0.36755168993667375,-0.4129472800793472,0.087167162584878,-0.06885633630884236,0.18024719615472584,0.4373617151140632,-0.3957808804455638,0.13828488593881083,0.02193484397650103,0.09288929579613914,-0.01201647974364839,0.27637903410391296
1778211152702461508,1778211152703455240,0.2370870527199198,-0.5323491264209963,0.36755168993667375,-0.4121843289845124,0.087167162584878,-0.06847486076142495,0.18101014724956066,0.43545433737697614,-0.3862439917601286,0.1447699702449068,0.013923857480735435,0.08869306477454764,-0.01201647974364839,0.27637903410391296
1778211152715359628,1778211152723451330,0.24013885709925908,-0.5518043793392842,0.36755168993667375,-0.411802853437095,0.087167162584878,-0.06847486076142495,0.18329900053406512,0.4335469596398891,-0.3797589074540326,0.1489662012664983,0.00705729762722207,0.08640421149004318,-0.012397955291065799,0.27637903410391296
1778211152735885320,1778211152743457804,0.2454795147631028,-0.5743114366369113,0.36755168993667375,-0.411802853437095,0.08678568703746059,-0.06847486076142495,0.18329900053406512,0.4301136797131324,-0.3713664454108496,0.15545128557259424,-0.000953688868543523,0.08373388265812132,-0.015449759670405072,0.27637903410391296
1778211152762298988,1778211152763455641,0.25043869687952913,-0.602159151598384,0.36755168993667375,-0.4110399023422602,0.08678568703746059,-0.06771190966659013,0.18368047608148252,0.42782482642862796,-0.3618295567254144,0.1623178454261076,-0.009727626459143934,0.08068207827878204,-0.018883039597161755,0.27637903410391296
1778211152775615381,1778211152783543222,0.2523460746166162,-0.6120775158312366,0.36755168993667375,-0.40989547570000795,0.087167162584878,-0.0665674830243379,0.18368047608148252,0.42706187533379314,-0.35648889906157066,0.1665140764476991,-0.015068284122987663,0.0791561760891124,-0.019264515144579164,0.27637903410391296
1778211152796479599,1778211152803533916,0.25463492790112063,-0.6345845731288637,0.36755168993667375,-0.40913252460517313,0.08678568703746059,-0.0665674830243379,0.18406195162889993,0.4259174486915409,-0.35114824139772693,0.17185473411154284,-0.02193484397650103,0.07724879835202536,-0.019645990691996573,0.27599755855649555
1778211152817030957,1778211152823527637,0.25539787899595545,-0.6502250705729775,0.36755168993667375,-0.40913252460517313,0.08678568703746059,-0.0665674830243379,0.18444342717631734,0.4247730220492887,-0.34313725490196134,0.1745250629434647,-0.028801403830014394,0.07534142061493831,-0.020027466239413982,0.27599755855649555
1778211152836790200,1778211152843511456,0.2569237811856251,-0.6605249103532476,0.36755168993667375,-0.40913252460517313,0.08678568703746059,-0.0665674830243379,0.18444342717631734,0.42401007095445387,-0.3366521705958654,0.1779583428702214,-0.03566796368352776,0.0749599450675209,-0.0207904173342488,0.27599755855649555
1778211152857875462,1778211152863467998,0.2569237811856251,-0.6723506523231872,0.36755168993667375,-0.40913252460517313,0.08640421149004318,-0.06542305638208568,0.18558785381856957,0.42401007095445387,-0.33054856183718684,0.1783398184176388,-0.041771572442206306,0.0749599450675209,-0.022697795071335847,0.27599755855649555
1778211152879103604,1778211152883572100,0.2569237811856251,-0.6853208209353792,0.36755168993667375,-0.40913252460517313,0.08640421149004318,-0.06389715419241604,0.1863508049134044,0.42324711985961905,-0.3248264286259257,0.18101014724956066,-0.046349279011215216,0.0749599450675209,-0.022697795071335847,0.27599755855649555
1778211152899453130,1778211152903520826,0.2569237811856251,-0.6940947585259796,0.36755168993667375,-0.40913252460517313,0.08640421149004318,-0.06389715419241604,0.1863508049134044,0.4221026932173668,-0.31795986877241234,0.18062867170214325,-0.05016403448538931,0.0749599450675209,-0.023842221713588074,0.27599755855649555
1778211152919725756,1778211152923462553,0.2569237811856251,-0.7013427939269103,0.36755168993667375,-0.40913252460517313,0.08602273594262577,-0.06351567864499863,0.1863508049134044,0.4217212176699494,-0.31109330891889897,0.18024719615472584,-0.05321583886472858,0.0749599450675209,-0.024986648355840302,0.27599755855649555
1778211152939800300,1778211152943481195,0.2569237811856251,-0.7059205004959193,0.36755168993667375,-0.40913252460517313,0.08602273594262577,-0.06275272755016381,0.18596932936598698,0.421339742122532,-0.30651560234989006,0.17986572060730843,-0.05512321660181563,0.0749599450675209,-0.026894026092927348,0.27637903410391296
1778211152960669142,1778211152963459134,0.2569237811856251,-0.7116426337071804,0.36755168993667375,-0.40913252460517313,0.08602273594262577,-0.06198977645532899,0.18596932936598698,0.421339742122532,-0.30193789578088115,0.17948424505989102,-0.055886167696650446,0.0749599450675209,-0.028801403830014394,0.27599755855649555
1778211152982434304,1778211152983465196,0.2569237811856251,-0.7143129625391023,0.36755168993667375,-0.4087510490577557,0.08602273594262577,-0.061608300907911584,0.18596932936598698,0.421339742122532,-0.2992675669489593,0.1787212939650562,-0.05550469214923304,0.0749599450675209,-0.029564354924849212,0.27599755855649555
1778211152996651337,1778211153003541391,0.2569237811856251,-0.7150759136339371,0.36755168993667375,-0.4087510490577557,0.08602273594262577,-0.061226825360494175,0.18596932936598698,0.421339742122532,-0.29774166475928965,0.17719539177538657,-0.05550469214923304,0.0749599450675209,-0.029564354924849212,0.27599755855649555
1778211153016530114,1778211153023491276,0.2573052567330425,-0.7146944380865197,0.36755168993667375,-0.40913252460517313,0.08678568703746059,-0.061226825360494175,0.1863508049134044,0.421339742122532,-0.2958342870222026,0.17681391622796916,-0.05474174105439822,0.0749599450675209,-0.029564354924849212,0.27599755855649555
1778211153037294853,1778211153043457682,0.2569237811856251,-0.7146944380865197,0.36755168993667375,-0.4087510490577557,0.08678568703746059,-0.061226825360494175,0.18596932936598698,0.4217212176699494,-0.29392690928511556,0.17643244068055175,-0.05321583886472858,0.0749599450675209,-0.029564354924849212,0.27599755855649555
1778211153058012978,1778211153063454412,0.2573052567330425,-0.7146944380865197,0.36755168993667375,-0.4087510490577557,0.087167162584878,-0.061226825360494175,0.18596932936598698,0.4217212176699494,-0.29354543373769815,0.17605096513313434,-0.05245288776989376,0.0749599450675209,-0.02994583047226662,0.27561608300907814
1778211153078348361,1778211153083587623,0.2573052567330425,-0.7146944380865197,0.36717021438925634,-0.4087510490577557,0.087167162584878,-0.061608300907911584,0.1863508049134044,0.4217212176699494,-0.29316395819028074,0.1749065384908821,-0.051308461127641536,0.0749599450675209,-0.03070878156710144,0.27561608300907814
1778211153098934995,1778211153103521087,0.2573052567330425,-0.7143129625391023,0.36678873884183893,-0.4087510490577557,0.08831158922713023,-0.061608300907911584,0.18596932936598698,0.4217212176699494,-0.29316395819028074,0.1745250629434647,-0.05016403448538931,0.0749599450675209,-0.03032730601968403,0.27561608300907814
1778211153119919843,1778211153123468147,0.2573052567330425,-0.7108796826123456,0.3648813611047519,-0.4087510490577557,0.09060044251163468,-0.061608300907911584,0.18558785381856957,0.4217212176699494,-0.29316395819028074,0.17376211184862989,-0.0497825589379719,0.0749599450675209,-0.03032730601968403,0.27561608300907814
1778211153139660019,1778211153143493597,0.2569237811856251,-0.7070649271381715,0.36297398336766484,-0.4087510490577557,0.0913633936064695,-0.061608300907911584,0.18520637827115216,0.42286564431220164,-0.29316395819028074,0.17261768520637766,-0.04901960784313708,0.0749599450675209,-0.03032730601968403,0.27561608300907814
1778211153160027119,1778211153163484838,0.2565423056382077,-0.7009613183794929,0.3606851300831604,-0.4087510490577557,0.09174486915388691,-0.061608300907911584,0.18558785381856957,0.42362859540703646,-0.29316395819028074,0.17109178301670802,-0.04787518120088485,0.0749599450675209,-0.03032730601968403,0.27561608300907814
1778211153172777938,1778211153183561940,0.25616083009079027,-0.6956206607156492,0.35954070344090816,-0.4087510490577557,0.09327077134355655,-0.061608300907911584,0.18482490272373475,0.42401007095445387,-0.29316395819028074,0.1707103074692906,-0.047493705653467444,0.0749599450675209,-0.03032730601968403,0.27561608300907814
1778211153195795544,1778211153203575766,0.25463492790112063,-0.687991149767301,0.35915922789349075,-0.40913252460517313,0.09479667353322618,-0.06198977645532899,0.18444342717631734,0.4251544975967061,-0.29354543373769815,0.16880292973220357,-0.04444190127412817,0.0749599450675209,-0.03032730601968403,0.27561608300907814
1778211153216236924,1778211153223486543,0.2527275501640336,-0.6784542610818658,0.35915922789349075,-0.40913252460517313,0.09594110017547841,-0.06198977645532899,0.18329900053406512,0.4255359731441235,-0.29354543373769815,0.16689555199511652,-0.041771572442206306,0.0749599450675209,-0.02994583047226662,0.27523460746166073
1778211153236846718,1778211153243470930,0.25120164797436395,-0.6681544213015957,0.35915922789349075,-0.40913252460517313,0.09746700236514805,-0.06198977645532899,0.18329900053406512,0.4255359731441235,-0.29392690928511556,0.16269932097352502,-0.03833829251544962,0.0749599450675209,-0.02994583047226662,0.27523460746166073
1778211153257502032,1778211153263488483,0.2489127946898595,-0.6567101548790735,0.35915922789349075,-0.40913252460517313,0.09861142900740028,-0.0623712520027464,0.1829175249866477,0.4255359731441235,-0.29430838483253297,0.1581216144045161,-0.03452353704127553,0.0749599450675209,-0.029564354924849212,0.27523460746166073
1778211153277951663,1778211153283488238,0.2454795147631028,-0.6433585107194641,0.35915922789349075,-0.40951400015259054,0.09861142900740028,-0.06275272755016381,0.1821545738918129,0.4255359731441235,-0.29621576256962,0.15468833447775943,-0.03070878156710144,0.0749599450675209,-0.028038452735179575,0.27523460746166073
1778211153299259614,1778211153303496423,0.24242771038376354,-0.6242847333485937,0.35915922789349075,-0.41065842679484277,0.0997558556496525,-0.06389715419241604,0.17986572060730843,0.42744335088121055,-0.29850461585412447,0.15201800564583756,-0.02613107499809253,0.0749599450675209,-0.027275501640344757,0.2748531319142433
1778211153320032224,1778211153323461593,0.23785000381475463,-0.6071183337148103,0.35915922789349075,-0.41332875562676463,0.10471503776607882,-0.06427862973983345,0.1783398184176388,0.43202105745021946,-0.3007934691386289,0.1489662012664983,-0.02040894178683139,0.0749599450675209,-0.02651255054550994,0.2748531319142433
1778211153339849868,1778211153343468708,0.23327229724574572,-0.5933852140077835,0.35954070344090816,-0.41409170672159945,0.10700389105058328,-0.06504158083466827,0.1783398184176388,0.4377431906614806,-0.30651560234989006,0.1455329213397416,-0.015449759670405072,0.0749599450675209,-0.02574959945067512,0.2748531319142433
1778211153361161358,1778211153363465571,0.2286945906767368,-0.5663004501411457,0.35915922789349075,-0.41485465781643427,0.1081483176928355,-0.0661860074769205,0.1779583428702214,0.4411764705882373,-0.31414511329823824,0.14057373922331529,-0.01163500419623098,0.0749599450675209,-0.02651255054550994,0.2744716563668259
1778211153382003139,1778211153383490620,0.22259098191805826,-0.5426489662012663,0.35915922789349075,-0.4167620355535213,0.11120012207217478,-0.06694895857175531,0.17528801403829952,0.4427023727779069,-0.32253757534142125,0.137521934843976,-0.006675822079804661,0.0749599450675209,-0.027275501640344757,0.2729457541771563
1778211153402759491,1778211153403458808,0.2161058976119623,-0.5197604333562218,0.35915922789349075,-0.41866941329060836,0.11272602426184442,-0.06733043411917272,0.1749065384908821,0.44346532387274173,-0.32749675745784756,0.13218127718013228,-0.0017166399633783413,0.0749599450675209,-0.026894026092927348,0.27218280308232146
1778211153412690511,1778211153423604693,0.21305409323262303,-0.5144197756923781,0.35915922789349075,-0.41905088883802577,0.11272602426184442,-0.06771190966659013,0.1741435873960473,0.44346532387274173,-0.33131151293202166,0.129129472800793,0.000953688868543523,0.0749599450675209,-0.02651255054550994,0.27141985198748664
1778211153433125956,1778211153443629836,0.2073319600213619,-0.4919127183947509,0.35915922789349075,-0.420195315480278,0.112344548714427,-0.06847486076142495,0.1741435873960473,0.44346532387274173,-0.3370336461432828,0.12264438849469705,0.004386968795300206,0.0749599450675209,-0.026894026092927348,0.27141985198748664
1778211153453840391,1778211153463514496,0.1989394979781789,-0.4690241855497064,0.35915922789349075,-0.4205767910276954,0.11081864652475737,-0.06961928740367718,0.17376211184862989,0.44346532387274173,-0.34351873044937875,0.11921110856794037,0.009346150911726525,0.0749599450675209,-0.027275501640344757,0.27103837644006923
1778211153474981049,1778211153483553631,0.19283588921950034,-0.4411764705882355,0.35954070344090816,-0.4209582665751128,0.10433356221866141,-0.070382238498512,0.16880292973220357,0.44346532387274173,-0.34771496147097025,0.11310749980926182,0.012779430838483208,0.07534142061493831,-0.02613107499809253,0.2706569008926518
1778211153495240482,1778211153503526662,0.18520637827115216,-0.4251544975967043,0.35954070344090816,-0.4209582665751128,0.09899290455481768,-0.0707637140459294,0.16727702754253393,0.44346532387274173,-0.353055619134814,0.10738536659800069,0.01697566186007471,0.07648584725719054,-0.026894026092927348,0.2706569008926518
1778211153516471387,1778211153523545091,0.1779583428702214,-0.40074006256199013,0.360303654535743,-0.4209582665751128,0.09327077134355655,-0.07190814068818163,0.1665140764476991,0.44346532387274173,-0.36068513008316216,0.1035706111238266,0.020027466239413982,0.078774700541695,-0.02651255054550994,0.2706569008926518
1778211153536633866,1778211153543540594,0.17147325856412543,-0.3870069428549634,0.360303654535743,-0.42248416876478245,0.09250782024872173,-0.07267109178301645,0.16460669871061206,0.44346532387274173,-0.36488136110475367,0.10013733119706991,0.023079270618753256,0.0829709315632865,-0.02613107499809253,0.2691309987029822
1778211153557217176,1778211153563476254,0.16384374761577725,-0.3706034943160148,0.360303654535743,-0.4240100709544521,0.08831158922713023,-0.0749599450675209,0.1581216144045161,0.4457541771572462,-0.3694590676737626,0.09288929579613914,0.02651255054550994,0.08983749141679986,-0.02536812390325771,0.2687495231555648
1778211153577648965,1778211153583713358,0.15697718776226388,-0.35572594796673584,0.360303654535743,-0.4243915465018695,0.08602273594262577,-0.07724879835202536,0.15278095674067238,0.4503318837262551,-0.37212939650568444,0.09060044251163468,0.029564354924849212,0.09784847791256546,-0.02040894178683139,0.26836804760814736
1778211153602458315,1778211153603468235,0.14782177462424606,-0.33970397497520466,0.3614480811779952,-0.4255359731441217,0.0829709315632865,-0.08068207827878204,0.14858472571908088,0.4587243457694381,-0.3740367742427715,0.08678568703746059,0.032997634851605895,0.1081483176928355,-0.01697566186007471,0.26798657206072996
1778211153619994597,1778211153623469342,0.1417181658655675,-0.329785610742352,0.36221103227283,-0.42629892423895654,0.0791561760891124,-0.0829709315632865,0.14820325017166347,0.4636835278858644,-0.3747997253376063,0.08449683375295614,0.03414206149385812,0.11501487754634887,-0.015068284122987663,0.26798657206072996
1778211153642677115,1778211153643483901,0.13370717936980192,-0.3156710154879079,0.36221103227283,-0.428587777523461,0.07724879835202536,-0.08411535820553873,0.1455329213397416,0.47169451438163,-0.37632562752727594,0.0791561760891124,0.037575341420614805,0.12607766842145374,-0.01201647974364839,0.26798657206072996
1778211153642677115,1778211153663475617,0.13370717936980192,-0.3156710154879079,0.36221103227283,-0.428587777523461,0.07724879835202536,-0.08411535820553873,0.1455329213397416,0.47169451438163,-0.37632562752727594,0.0791561760891124,0.037575341420614805,0.12607766842145374,-0.01201647974364839,0.26798657206072996
1778211153676001421,1778211153683842751,0.12340733958953187,-0.3004119935912115,0.36221103227283,-0.4289692530708784,0.07419699397268609,-0.08754863813229541,0.1413366903181501,0.4758907454032215,-0.37747005416952817,0.06923781185625977,0.0413900968947889,0.1447699702449068,-0.009346150911726525,0.26760509651331255
1778211153702471231,1778211153703466734,0.11463340199893146,-0.2916380560006111,0.36221103227283,-0.4297322041657132,0.07000076295109459,-0.08983749141679986,0.13942931258106306,0.47817959868772597,-0.3778515297169456,0.05741206988632008,0.04329747463187594,0.15964751659418575,-0.006294346532387252,0.26760509651331255
1778211153722983461,1778211153723537930,0.1077668421454181,-0.2832455939574281,0.3618295567254126,-0.4324025329976351,0.0661860074769205,-0.09098191805905209,0.13904783703364565,0.4804684519722304,-0.3778515297169456,0.04863813229571967,0.04444190127412817,0.1741435873960473,-0.005912870984969842,0.26760509651331255
1778211153735238541,1778211153743578715,0.1035706111238266,-0.2786678873884192,0.3618295567254126,-0.4335469596398873,0.0623712520027464,-0.09250782024872173,0.13942931258106306,0.48199435416190006,-0.3786144808117804,0.042534523537041125,0.046349279011215216,0.18558785381856957,-0.00705729762722207,0.26760509651331255
1778211153762322072,1778211153763501316,0.09517814908064359,-0.26417181658655764,0.3618295567254126,-0.4362172884718092,0.0581750209811549,-0.09212634470130432,0.14019226367589788,0.4827573052567349,-0.38586251621271117,0.03109025711451885,0.047112230106050035,0.2038986800946052,-0.007438773174639479,0.26760509651331255
1778211153775710282,1778211153783575808,0.0913633936064695,-0.2588311589227139,0.3618295567254126,-0.4365987640192266,0.05474174105439822,-0.09212634470130432,0.1409552147707327,0.48237582970931747,-0.3915846494239723,0.022316319523918438,0.047493705653467444,0.21381704432745785,-0.010872053101396162,0.26760509651331255
1778211153796141017,1778211153803489076,0.08487830930037354,-0.24471656366826977,0.35992217898832557,-0.4365987640192266,0.051689936675058945,-0.09212634470130432,0.14400701915007197,0.48237582970931747,-0.40150301365682495,0.010109102006561344,0.047493705653467444,0.2283131151293194,-0.015449759670405072,0.26760509651331255
1778211153817482675,1778211153823512528,0.08030060273136463,-0.22373540856031227,0.3564888990615689,-0.4365987640192266,0.04825665674830226,-0.09174486915388691,0.14705882352941124,0.48123140306706524,-0.4125658045319298,-0.0020981155107957505,0.047493705653467444,0.24166475928892872,-0.014686808575570254,0.26760509651331255
1778211153837654985,1778211153843650865,0.07648584725719054,-0.20962081330586813,0.35114824139772516,-0.4365987640192266,0.047112230106050035,-0.09060044251163468,0.1489662012664983,0.4793240253299782,-0.4205767910276954,-0.01583123521782248,0.047493705653467444,0.2542534523537032,-0.015068284122987663,0.26722362096589514
1778211153858835306,1778211153863503355,0.07190814068818163,-0.1863508049134044,0.3446631570916292,-0.4365987640192266,0.04406042572671076,-0.08831158922713023,0.1489662012664983,0.47703517204547374,-0.4297322041657132,-0.029182879377431803,0.047493705653467444,0.2668421454184777,-0.015068284122987663,0.26760509651331255
1778211153878788030,1778211153883562936,0.06733043411917272,-0.1741435873960473,0.3404669260700377,-0.4362172884718092,0.04100862134737149,-0.08831158922713023,0.14858472571908088,0.4758907454032215,-0.4362172884718092,-0.04062714579995408,0.047493705653467444,0.278286411841,-0.015449759670405072,0.26722362096589514
1778211153899935657,1778211153903483472,0.061608300907911584,-0.15545128557259424,0.33894102388036806,-0.4362172884718092,0.03910124361028444,-0.08525978484779095,0.1489662012664983,0.4762722209506389,-0.44232089723048773,-0.05054551003280672,0.04787518120088485,0.2901121538109397,-0.01583123521782248,0.26722362096589514
1778211153914835016,1778211153923535293,0.056649118791485265,-0.1489662012664983,0.33894102388036806,-0.4362172884718092,0.03566796368352776,-0.08487830930037354,0.14858472571908088,0.4762722209506389,-0.445372701609827,-0.05893797207598972,0.04863813229571967,0.3000305180437923,-0.017738612954909527,0.2664606698710603
1778211153938841577,1778211153943548823,0.04863813229571967,-0.13408865491721933,0.33894102388036806,-0.4362172884718092,0.032997634851605895,-0.08373388265812132,0.14858472571908088,0.47665369649805633,-0.4499504081788359,-0.06809338521400754,0.04940108339055449,0.3160524910353235,-0.018501564049744346,0.2653162432288081
1778211153959419131,1778211153963474591,0.042915999084458534,-0.12226291294727964,0.33894102388036806,-0.4365987640192266,0.028419928282596985,-0.0829709315632865,0.1489662012664983,0.4797055008773956,-0.4541466392004274,-0.07724879835202536,0.05016403448538931,0.3320744640268547,-0.018501564049744346,0.26417181658655586
1778211153979972549,1778211153983507686,0.03566796368352776,-0.11081864652475737,0.3393224994277855,-0.4365987640192266,0.024986648355840302,-0.0829709315632865,0.14782177462424606,0.4831387808041523,-0.4610131990539408,-0.08258945601586909,0.05016403448538931,0.3492408636606381,-0.018501564049744346,0.2626459143968862
1778211154001152091,1778211154003480439,0.029182879377431803,-0.09708552681773064,0.3393224994277855,-0.4365987640192266,0.015449759670405072,-0.08258945601586909,0.14782177462424606,0.4873350118257438,-0.4667353322652019,-0.08793011367971282,0.05016403448538931,0.36678873884183893,-0.018120088502326936,0.2611200122072166
1778211154021363848,1778211154023512239,0.022697795071335847,-0.08678568703746059,0.3393224994277855,-0.4373617151140614,0.008964675364309116,-0.08144502937361686,0.14782177462424606,0.48886091401541343,-0.47207598992904565,-0.09250782024872173,0.05054551003280672,0.38395513847562235,-0.018120088502326936,0.2607385366597992
1778211154042406558,1778211154043486605,0.015068284122987663,-0.07648584725719054,0.3393224994277855,-0.4373617151140614,0.0017166399633783413,-0.08030060273136463,0.14744029907682865,0.48924238956283084,-0.47665369649805456,-0.09670405127031323,0.051689936675058945,0.4011215381094093,-0.018120088502326936,0.26035706111238177
1778211154061753724,1778211154063491580,0.007438773174639479,-0.06923781185625977,0.3393224994277855,-0.4373617151140614,-0.0020981155107957505,-0.078774700541695,0.14782177462424606,0.48924238956283084,-0.47970550087739383,-0.10051880674448732,0.051689936675058945,0.41027695124742714,-0.018883039597161755,0.26035706111238177
1778211154082900036,1778211154083769540,-0.0001907377737087046,-0.0581750209811549,0.3393224994277855,-0.43926909285114846,-0.010872053101396162,-0.07610437170977313,0.14782177462424606,0.48924238956283084,-0.4865720607309072,-0.1035706111238266,0.051689936675058945,0.42820630197604537,-0.018883039597161755,0.26035706111238177
1778211154095079407,1778211154103572088,-0.0036240177004653873,-0.052071412222476354,0.3393224994277855,-0.43926909285114846,-0.014686808575570254,-0.0749599450675209,0.14782177462424606,0.48924238956283084,-0.4907682917524987,-0.10585946440833105,0.051689936675058945,0.44003204394598505,-0.018120088502326936,0.26035706111238177
1778211154116231578,1778211154123637582,-0.010109102006561344,-0.03833829251544962,0.33894102388036806,-0.4400320439459833,-0.023842221713588074,-0.07228961623559904,0.14744029907682865,0.48924238956283084,-0.49687190051117724,-0.10891126878767032,0.051689936675058945,0.4552910658426814,-0.018883039597161755,0.25997558556496436
1778211154142361642,1778211154143465934,-0.018120088502326936,-0.023460746166170665,0.3366521705958636,-0.4400320439459833,-0.03490501258869294,-0.06923781185625977,0.14591439688715901,0.48924238956283084,-0.5037384603646906,-0.112344548714427,0.052071412222476354,0.47703517204547374,-0.018501564049744346,0.25959411001754695
1778211154152726552,1778211154163477717,-0.0207904173342488,-0.017738612954909527,0.335126268406194,-0.4400320439459833,-0.03910124361028444,-0.06771190966659013,0.14438849469748938,0.48924238956283084,-0.5052643625543602,-0.11348897535667923,0.052071412222476354,0.48504615854123934,-0.018120088502326936,0.25959411001754695
1778211154176604326,1778211154183521915,-0.02651255054550994,-0.007438773174639479,0.3316929884794373,-0.44308384832532255,-0.047493705653467444,-0.06389715419241604,0.14362554360265456,0.48962386511024825,-0.5090791180285343,-0.11768520637827073,0.05245288776989376,0.5037384603646924,-0.018501564049744346,0.2573052567330425
1778211154197049970,1778211154203567632,-0.032616159304188486,0.000953688868543523,0.328641184100098,-0.4449912260624096,-0.05512321660181563,-0.061226825360494175,0.14400701915007197,0.49000534065766566,-0.5094605935759517,-0.12226291294727964,0.05245288776989376,0.5209048599984758,-0.018120088502326936,0.2565423056382077
1778211154218157844,1778211154223591396,-0.03833829251544962,0.009346150911726525,0.3278782330052632,-0.44689860379949664,-0.06198977645532899,-0.0581750209811549,0.14438849469748938,0.4915312428473353,-0.5094605935759517,-0.12645914396887115,0.05283436331731117,0.5380712596322592,-0.017738612954909527,0.25616083009079027
1778211154238338794,1778211154243562452,-0.04406042572671076,0.013923857480735435,0.3278782330052632,-0.44728007934691405,-0.06961928740367718,-0.05512321660181563,0.14400701915007197,0.49382009613183975,-0.5098420691233692,-0.1283665217059582,0.05283436331731117,0.5560006103608774,-0.018501564049744346,0.25616083009079027
1778211154258795527,1778211154263536036,-0.052071412222476354,0.019264515144579164,0.3278782330052632,-0.44728007934691405,-0.07381551842526868,-0.051689936675058945,0.14209964141298492,0.4964904249637616,-0.5098420691233692,-0.13218127718013228,0.05245288776989376,0.5720225833524086,-0.017738612954909527,0.25577935454337286
1778211154279173890,1778211154283571653,-0.056649118791485265,0.024986648355840302,0.3278782330052632,-0.44766155489433146,-0.08258945601586909,-0.04863813229571967,0.13981078812848047,0.49839780270084866,-0.5094605935759517,-0.1371404592965586,0.05245288776989376,0.5876630807965224,-0.017738612954909527,0.25577935454337286
1778211154299819032,1778211154303530947,-0.06275272755016381,0.032234683756771076,0.3278782330052632,-0.4495689326314185,-0.09403372243839137,-0.04482337682154558,0.13790341039139342,0.4995422293431009,-0.510605020218204,-0.14209964141298492,0.052071412222476354,0.6036850537880536,-0.017738612954909527,0.25616083009079027
1778211154320956666,1778211154323470825,-0.06961928740367718,0.042534523537041125,0.3278782330052632,-0.45109483482108814,-0.103952086671244,-0.041771572442206306,0.13523308155947156,0.4995422293431009,-0.512512397955291,-0.14744029907682865,0.052071412222476354,0.6193255512321674,-0.013160906385900617,0.25616083009079027
1778211154341210278,1778211154343506218,-0.07534142061493831,0.04863813229571967,0.3278782330052632,-0.4530022125581752,-0.11348897535667923,-0.037956816968032214,0.1325627527275497,0.4999237048905183,-0.512512397955291,-0.1535439078355072,0.052071412222476354,0.6338216220340289,-0.01201647974364839,0.25616083009079027
1778211154362288689,1778211154363451710,-0.08182650492103427,0.0581750209811549,0.3278782330052632,-0.4541466392004274,-0.12149996185244483,-0.03414206149385812,0.1325627527275497,0.4999237048905183,-0.5128938735027084,-0.15926604104676834,0.05245288776989376,0.6479362172884731,-0.012397955291065799,0.25577935454337286
1778211154371966234,1778211154383707584,-0.08487830930037354,0.06008239871824195,0.3278782330052632,-0.4541466392004274,-0.1245517662317841,-0.032616159304188486,0.13218127718013228,0.4999237048905183,-0.512512397955291,-0.1615548943312728,0.05245288776989376,0.6548027771419864,-0.012397955291065799,0.25577935454337286
1778211154392820185,1778211154403663015,-0.09021896696421727,0.0661860074769205,0.3278782330052632,-0.45490959029526223,-0.12951094834821042,-0.029564354924849212,0.12989242389562783,0.4999237048905183,-0.512512397955291,-0.1657511253528643,0.05245288776989376,0.6662470435645087,-0.01201647974364839,0.25577935454337286
1778211154413889869,1778211154423527103,-0.095559624628061,0.07228961623559904,0.3278782330052632,-0.45529106584267964,-0.13599603265430638,-0.027275501640344757,0.12951094834821042,0.5014496070801879,-0.5121309224078736,-0.1699473563744558,0.05245288776989376,0.6769283588921962,-0.013160906385900617,0.25577935454337286
1778211154433917541,1778211154443591104,-0.10051880674448732,0.0749599450675209,0.3274967574578458,-0.45529106584267964,-0.1417181658655675,-0.024986648355840302,0.12951094834821042,0.5037384603646924,-0.5121309224078736,-0.17299916075379507,0.05245288776989376,0.6868467231250488,-0.012397955291065799,0.25577935454337286
1778211154459528927,1778211154463504239,-0.10509651331349623,0.078774700541695,0.32597085526817615,-0.45529106584267964,-0.14782177462424606,-0.022316319523918438,0.1287479972533756,0.5056458381017794,-0.5117494468604562,-0.17605096513313434,0.05245288776989376,0.6979095140001537,-0.01201647974364839,0.25577935454337286
1778211154481582172,1778211154483473382,-0.10700389105058328,0.08068207827878204,0.3244449530785065,-0.45605401693751446,-0.1489662012664983,-0.0207904173342488,0.12798504615854078,0.5067902647440317,-0.5113679713130388,-0.17948424505989102,0.05245288776989376,0.7043945983062496,-0.011253528648813571,0.25577935454337286
1778211154502722828,1778211154503456221,-0.11158159761959219,0.08182650492103427,0.32139314869916724,-0.4568169680323493,-0.15049210345616792,-0.018501564049744346,0.12569619287403633,0.5075532158388665,-0.5117494468604562,-0.18062867170214325,0.052071412222476354,0.7089723048752585,-0.011253528648813571,0.25539787899595545
1778211154514352389,1778211154523483358,-0.11158159761959219,0.08220798046845168,0.3206301976043324,-0.4571984435797667,-0.15087357900358533,-0.017738612954909527,0.12493324177920151,0.5083161669337013,-0.5109864957656214,-0.18062867170214325,0.052071412222476354,0.7120241092545978,-0.010872053101396162,0.25577935454337286
1778211154536078948,1778211154543940555,-0.11501487754634887,0.08335240711070391,0.3191042954146628,-0.4575799191271841,-0.15125505455100274,-0.0165941863126573,0.12493324177920151,0.5102235446707883,-0.5090791180285343,-0.18062867170214325,0.052071412222476354,0.7146944380865197,-0.01163500419623098,0.25577935454337286
1778211154562373116,1778211154563510464,-0.11730373083085333,0.08335240711070391,0.31834134431982797,-0.4587243457694363,-0.15125505455100274,-0.015449759670405072,0.12493324177920151,0.5106050202182058,-0.5079346913862821,-0.18062867170214325,0.052071412222476354,0.7166018158236067,-0.011253528648813571,0.25577935454337286
1778211154572535515,1778211154583566667,-0.11730373083085333,0.08335240711070391,0.31834134431982797,-0.4587243457694363,-0.15163653009842015,-0.014686808575570254,0.12493324177920151,0.5106050202182058,-0.5083161669336995,-0.18062867170214325,0.052071412222476354,0.7169832913710241,-0.01163500419623098,0.25577935454337286
1778211154595986454,1778211154603534447,-0.11921110856794037,0.08335240711070391,0.31834134431982797,-0.4587243457694363,-0.15163653009842015,-0.013923857480735435,0.12531471732661892,0.5106050202182058,-0.5083161669336995,-0.18062867170214325,0.052071412222476354,0.7169832913710241,-0.012397955291065799,0.25577935454337286
1778211154616690035,1778211154623579596,-0.11959258411535778,0.08335240711070391,0.31834134431982797,-0.4583428702220189,-0.15163653009842015,-0.013923857480735435,0.12493324177920151,0.5106050202182058,-0.5083161669336995,-0.18024719615472584,0.052071412222476354,0.7169832913710241,-0.012397955291065799,0.25577935454337286
1778211154637603693,1778211154643493195,-0.11921110856794037,0.08335240711070391,0.31834134431982797,-0.4587243457694363,-0.15163653009842015,-0.013923857480735435,0.12493324177920151,0.5106050202182058,-0.5083161669336995,-0.18024719615472584,0.052071412222476354,0.7169832913710241,-0.012397955291065799,0.25577935454337286
1778211154657774312,1778211154663647109,-0.11921110856794037,0.08335240711070391,0.31834134431982797,-0.4587243457694363,-0.15163653009842015,-0.013923857480735435,0.12493324177920151,0.5106050202182058,-0.5083161669336995,-0.18062867170214325,0.052071412222476354,0.7166018158236067,-0.012397955291065799,0.25577935454337286
1778211154678447967,1778211154683571339,-0.11921110856794037,0.08335240711070391,0.31834134431982797,-0.4583428702220189,-0.15125505455100274,-0.014305333028152845,0.12531471732661892,0.5106050202182058,-0.5083161669336995,-0.18062867170214325,0.052071412222476354,0.7166018158236067,-0.012397955291065799,0.25577935454337286
1778211154699004782,1778211154703590172,-0.11921110856794037,0.08335240711070391,0.3187228198672454,-0.4587243457694363,-0.15163653009842015,-0.014686808575570254,0.12531471732661892,0.5106050202182058,-0.5083161669336995,-0.18024719615472584,0.052071412222476354,0.7162203402761893,-0.012397955291065799,0.25577935454337286
1778211154720246668,1778211154723563896,-0.11882963302052296,0.08335240711070391,0.3187228198672454,-0.4587243457694363,-0.15163653009842015,-0.014686808575570254,0.12531471732661892,0.5106050202182058,-0.5083161669336995,-0.18062867170214325,0.052071412222476354,0.7146944380865197,-0.012397955291065799,0.25577935454337286
1778211154741035904,1778211154743509179,-0.11768520637827073,0.08335240711070391,0.3187228198672454,-0.4583428702220189,-0.15201800564583756,-0.014305333028152845,0.12531471732661892,0.5106050202182058,-0.5083161669336995,-0.18062867170214325,0.052071412222476354,0.71316853589685,-0.012779430838483208,0.25577935454337286
1778211154761555757,1778211154763475719,-0.11654077973601851,0.08335240711070391,0.3187228198672454,-0.4583428702220189,-0.1539253833829246,-0.014305333028152845,0.12531471732661892,0.5106050202182058,-0.5083161669336995,-0.18062867170214325,0.052071412222476354,0.711261158159763,-0.014686808575570254,0.25577935454337286
1778211154782240149,1778211154783488761,-0.11539635309376628,0.08335240711070391,0.3187228198672454,-0.4583428702220189,-0.15468833447775943,-0.014305333028152845,0.12531471732661892,0.5106050202182058,-0.5086976424811169,-0.18062867170214325,0.052071412222476354,0.7074464026855889,-0.015068284122987663,0.25577935454337286
1778211154802793331,1778211154803464806,-0.11387045090409664,0.08335240711070391,0.3187228198672454,-0.4583428702220189,-0.15506981002517684,-0.014305333028152845,0.12531471732661892,0.5106050202182058,-0.5090791180285343,-0.18024719615472584,0.052071412222476354,0.7021057450217452,-0.015068284122987663,0.25577935454337286
1778211154822857384,1778211154823462573,-0.11348897535667923,0.0829709315632865,0.3187228198672454,-0.4583428702220189,-0.15506981002517684,-0.014686808575570254,0.12531471732661892,0.5106050202182058,-0.5094605935759517,-0.17986572060730843,0.052071412222476354,0.6960021362630666,-0.01583123521782248,0.25577935454337286
1778211154843029051,1778211154843674703,-0.1119630731670096,0.0829709315632865,0.3187228198672454,-0.4583428702220189,-0.15506981002517684,-0.014686808575570254,0.12531471732661892,0.5098420691233709,-0.5098420691233692,-0.17948424505989102,0.052071412222476354,0.6898985275043881,-0.0165941863126573,0.25577935454337286
1778211154862921855,1778211154863453534,-0.11043717097733996,0.0829709315632865,0.3187228198672454,-0.4583428702220189,-0.15506981002517684,-0.015068284122987663,0.12569619287403633,0.5094605935759535,-0.5128938735027084,-0.17910276951247361,0.052071412222476354,0.6853208209353792,-0.01697566186007471,0.25577935454337286
1778211154874364062,1778211154883470685,-0.10891126878767032,0.0829709315632865,0.3187228198672454,-0.4583428702220189,-0.15506981002517684,-0.01583123521782248,0.12569619287403633,0.5094605935759535,-0.5136568245975432,-0.17910276951247361,0.052071412222476354,0.6803616388189528,-0.019264515144579164,0.25577935454337286
1778211154902566107,1778211154903451916,-0.10471503776607882,0.07953765163652982,0.3187228198672454,-0.4579613946746015,-0.15506981002517684,-0.01697566186007471,0.12569619287403633,0.5094605935759535,-0.5163271534294651,-0.1779583428702214,0.05245288776989376,0.6715877012283524,-0.018883039597161755,0.25577935454337286
1778211154912842180,1778211154923532766,-0.10318913557640919,0.07763027389944277,0.3187228198672454,-0.4579613946746015,-0.15506981002517684,-0.017357137407492118,0.12607766842145374,0.5094605935759535,-0.5167086289768825,-0.17757686732280398,0.05245288776989376,0.6670099946593435,-0.019264515144579164,0.25577935454337286
1778211154937019872,1778211154943584670,-0.09784847791256546,0.07419699397268609,0.3187228198672454,-0.4579613946746015,-0.15468833447775943,-0.018120088502326936,0.12607766842145374,0.5094605935759535,-0.5167086289768825,-0.17719539177538657,0.05245288776989376,0.6555657282368212,-0.020027466239413982,0.25577935454337286
1778211154957730920,1778211154963526000,-0.09288929579613914,0.07000076295109459,0.3187228198672454,-0.4575799191271841,-0.15430685893034202,-0.019264515144579164,0.12607766842145374,0.5094605935759535,-0.5170901045242999,-0.17605096513313434,0.05245288776989376,0.6448844129091338,-0.020027466239413982,0.25577935454337286
1778211154979013171,1778211154983545401,-0.08678568703746059,0.06542305638208568,0.3187228198672454,-0.4579613946746015,-0.15430685893034202,-0.02040894178683139,0.12607766842145374,0.5086976424811187,-0.5167086289768825,-0.1741435873960473,0.05245288776989376,0.6334401464866115,-0.02040894178683139,0.25577935454337286
1778211154999321536,1778211155003572011,-0.08030060273136463,0.05970092317082454,0.3187228198672454,-0.4579613946746015,-0.15430685893034202,-0.02117189288166621,0.12722209506370596,0.5086976424811187,-0.5170901045242999,-0.17147325856412543,0.052071412222476354,0.6200885023270022,-0.024223697261005483,0.25577935454337286
1778211155019777968,1778211155023586552,-0.07267109178301645,0.05359731441214599,0.3187228198672454,-0.4579613946746015,-0.1539253833829246,-0.022697795071335847,0.1287479972533756,0.5086976424811187,-0.5167086289768825,-0.16765850308995134,0.052071412222476354,0.6063553826199755,-0.02994583047226662,0.25577935454337286
1778211155040830571,1778211155043645771,-0.06427862973983345,0.046349279011215216,0.31834134431982797,-0.4579613946746015,-0.1535439078355072,-0.024223697261005483,0.12989242389562783,0.5083161669337013,-0.5167086289768825,-0.16384374761577725,0.05245288776989376,0.5910963607232791,-0.03604943923094517,0.25577935454337286
1778211155061631198,1778211155063478502,-0.05474174105439822,0.03910124361028444,0.31834134431982797,-0.4579613946746015,-0.15125505455100274,-0.02613107499809253,0.12989242389562783,0.5083161669337013,-0.5170901045242999,-0.15888456549935093,0.05245288776989376,0.5743114366369131,-0.037575341420614805,0.25577935454337286
1778211155082097630,1778211155083486092,-0.046730754558632626,0.032234683756771076,0.31757839322499315,-0.4575799191271841,-0.1497291523613331,-0.028801403830014394,0.13065537499046265,0.5083161669337013,-0.5178530556191348,-0.1539253833829246,0.05283436331731117,0.5567635614557123,-0.037956816968032214,0.25539787899595545
1778211155102834510,1778211155103450982,-0.03566796368352776,0.02613107499809253,0.31719691767757574,-0.4571984435797667,-0.1455329213397416,-0.03109025711451885,0.1333257038223845,0.5075532158388665,-0.5193789578088044,-0.14744029907682865,0.05283436331731117,0.5399786373693463,-0.037956816968032214,0.25539787899595545
1778211155113169752,1778211155123527447,-0.03109025711451885,0.023079270618753256,0.3164339665827409,-0.4575799191271841,-0.14248111696040233,-0.03147173266193626,0.1333257038223845,0.5075532158388665,-0.5205233844510566,-0.1447699702449068,0.05245288776989376,0.5312046997787458,-0.03910124361028444,0.25539787899595545
1778211155133761917,1778211155143509589,-0.019645990691996573,0.017357137407492118,0.3152895399404887,-0.4571984435797667,-0.13637750820172378,-0.03414206149385812,0.13599603265430638,0.5067902647440317,-0.5205233844510566,-0.13904783703364565,0.05245288776989376,0.513656824597545,-0.041771572442206306,0.25577935454337286
1778211155154067626,1778211155163480070,-0.010872053101396162,0.010872053101396162,0.31414511329823647,-0.4571984435797667,-0.12722209506370596,-0.03643091477836258,0.13866636148622824,0.505264362554362,-0.5205233844510566,-0.1333257038223845,0.05245288776989376,0.4953459983215094,-0.04596780346379781,0.25539787899595545
1778211155174698731,1778211155183525598,-0.0001907377737087046,0.002861066605630569,0.3145265888456539,-0.45643549248493187,-0.11997405966277519,-0.03833829251544962,0.13942931258106306,0.503356984817275,-0.5212863355458914,-0.12684061951628856,0.05245288776989376,0.4789425497825608,-0.04596780346379781,0.25577935454337286
1778211155195208546,1778211155203452350,0.008964675364309116,-0.006294346532387252,0.31414511329823647,-0.4545281147478448,-0.11577782864118369,-0.041771572442206306,0.14057373922331529,0.5025940337224402,-0.5216678110933088,-0.1203555352101926,0.05283436331731117,0.46559090562295147,-0.04787518120088485,0.25539787899595545
1778211155215864929,1778211155223560688,0.019645990691996573,-0.018120088502326936,0.31414511329823647,-0.4541466392004274,-0.10929274433508773,-0.0455863279163804,0.14057373922331529,0.5025940337224402,-0.5212863355458914,-0.11348897535667923,0.05283436331731117,0.45643549248493365,-0.04863813229571967,0.25501640344853804
1778211155236557970,1778211155243466536,0.02994583047226662,-0.03109025711451885,0.31414511329823647,-0.4541466392004274,-0.10090028229190473,-0.04940108339055449,0.1409552147707327,0.5022125581750227,-0.5212863355458914,-0.1081483176928355,0.05359731441214599,0.4453727016098288,-0.04863813229571967,0.25539787899595545
1778211155257455226,1778211155263463390,0.03948271915770185,-0.04482337682154558,0.31414511329823647,-0.4541466392004274,-0.09517814908064359,-0.051689936675058945,0.1417181658655675,0.5018310826276053,-0.520904859998474,-0.10204470893415696,0.05436026550698081,0.4304951552605498,-0.04863813229571967,0.25501640344853804
1778211155277860893,1778211155283512559,0.0497825589379719,-0.05893797207598972,0.31414511329823647,-0.4533836881055926,-0.08983749141679986,-0.05359731441214599,0.1409552147707327,0.5003051804379357,-0.5205233844510566,-0.09441519798580877,0.05512321660181563,0.41561760891127086,-0.04863813229571967,0.25539787899595545
1778211155298679198,1778211155303524377,0.06008239871824195,-0.07381551842526868,0.31414511329823647,-0.4533836881055926,-0.08525978484779095,-0.05550469214923304,0.1413366903181501,0.49801632715343125,-0.5205233844510566,-0.08907454032196505,0.05550469214923304,0.3999771114671571,-0.04901960784313708,0.25539787899595545
1778211155319352613,1778211155323464824,0.06923781185625977,-0.08869306477454764,0.31414511329823647,-0.45376516365301,-0.07343404287785127,-0.057030594338902674,0.1417181658655675,0.4964904249637616,-0.5197604333562218,-0.0829709315632865,0.056267643244067855,0.3862439917601268,-0.04863813229571967,0.25539787899595545
1778211155339783384,1778211155343454830,0.07991912718394723,-0.10433356221866141,0.31414511329823647,-0.45376516365301,-0.05893797207598972,-0.05893797207598972,0.1409552147707327,0.4964904249637616,-0.5193789578088044,-0.07572289616235572,0.05741206988632008,0.3728923476005175,-0.04825665674830226,0.25577935454337286
1778211155360710244,1778211155363469890,0.08869306477454764,-0.12226291294727964,0.31414511329823647,-0.4533836881055926,-0.04367895017929335,-0.060845349813076766,0.14438849469748938,0.4964904249637616,-0.5155642023346303,-0.07000076295109459,0.05855649652857231,0.35992217898832557,-0.04863813229571967,0.2565423056382077
1778211155381540037,1778211155383475382,0.09899290455481768,-0.14591439688715901,0.31414511329823647,-0.45376516365301,-0.028038452735179575,-0.06389715419241604,0.14820325017166347,0.4964904249637616,-0.5094605935759517,-0.06198977645532899,0.05893797207598972,0.3477149614709685,-0.04787518120088485,0.25616083009079027
1778211155401596993,1778211155403455847,0.1081483176928355,-0.15964751659418575,0.31414511329823647,-0.45376516365301,-0.015449759670405072,-0.06427862973983345,0.15049210345616792,0.4964904249637616,-0.5029755092698558,-0.056649118791485265,0.05893797207598972,0.3374151216906984,-0.04787518120088485,0.25616083009079027
1778211155422343721,1778211155423454557,0.11844815747310555,-0.1787212939650562,0.31414511329823647,-0.4533836881055926,-0.006675822079804661,-0.06694895857175531,0.15239948119325497,0.4964904249637616,-0.49343862058442056,-0.04901960784313708,0.05855649652857231,0.3278782330052632,-0.046349279011215216,0.2565423056382077
1778211155433301678,1778211155443474129,0.12264438849469705,-0.19321736476691775,0.31414511329823647,-0.4533836881055926,-0.0036240177004653873,-0.06733043411917272,0.15239948119325497,0.4964904249637616,-0.48962386511024647,-0.04482337682154558,0.05893797207598972,0.3236820019836717,-0.046730754558632626,0.2565423056382077
1778211155458305160,1778211155463529221,0.13485160601205415,-0.21381704432745963,0.3145265888456539,-0.4533836881055926,0.0013351644159609322,-0.07000076295109459,0.15163653009842015,0.49420157167925716,-0.48084992751964606,-0.03604943923094517,0.05855649652857231,0.31261921110856683,-0.0455863279163804,0.2569237811856251
1778211155481876118,1778211155483464537,0.1447699702449068,-0.23975738155184345,0.3149080643930713,-0.4533836881055926,0.005149919890135024,-0.0707637140459294,0.15163653009842015,0.48924238956283084,-0.47245746547646306,-0.027656977187762166,0.05855649652857231,0.303463797970549,-0.0455863279163804,0.2569237811856251
1778211155502550713,1778211155503498483,0.15430685893034202,-0.2615014877546358,0.3149080643930713,-0.4530022125581752,0.008964675364309116,-0.0707637140459294,0.15201800564583756,0.4846646829938219,-0.4659723811703671,-0.02040894178683139,0.05779354543373749,0.2946898603799486,-0.04596780346379781,0.2569237811856251
1778211155523144993,1778211155523701983,0.16308079652094243,-0.28515297169451514,0.3149080643930713,-0.45147631036850555,0.01163500419623098,-0.070382238498512,0.15201800564583756,0.480086976424813,-0.4587243457694363,-0.01163500419623098,0.05779354543373749,0.2855344472419308,-0.04596780346379781,0.2573052567330425
1778211155533443370,1778211155543520715,0.1665140764476991,-0.2965972381170374,0.3149080643930713,-0.45109483482108814,0.012397955291065799,-0.070382238498512,0.15239948119325497,0.4785610742351434,-0.45605401693751446,-0.007820248722056888,0.05741206988632008,0.2813382162203393,-0.04596780346379781,0.2573052567330425
1778211155554307784,1778211155563539957,0.17566948958571693,-0.3210116731517516,0.3149080643930713,-0.4503318837262533,0.01583123521782248,-0.07000076295109459,0.15239948119325497,0.4747463187609693,-0.4457541771572444,0.0020981155107957505,0.056649118791485265,0.27256427862973887,-0.046349279011215216,0.2576867322804599
1778211155575202891,1778211155583528791,0.18368047608148252,-0.3461890592813006,0.3149080643930713,-0.4499504081788359,0.02155336842908362,-0.07000076295109459,0.1535439078355072,0.47245746547646483,-0.43469138628213955,0.01163500419623098,0.05512321660181563,0.2626459143968862,-0.04825665674830226,0.2580682078278773
1778211155595745057,1778211155603470540,0.19245441367208294,-0.37251087205310185,0.3149080643930713,-0.4491874570840011,0.032616159304188486,-0.07000076295109459,0.15850308995193352,0.46940566109712556,-0.42286564431219986,0.023460746166170665,0.0539787899595634,0.25158312352178136,-0.04901960784313708,0.2580682078278773
1778211155616976141,1778211155623614219,0.20008392462043112,-0.4072251468680861,0.3149080643930713,-0.44804303044174887,0.047112230106050035,-0.06961928740367718,0.16117341878385538,0.46826123445487333,-0.41065842679484277,0.032616159304188486,0.05245288776989376,0.23861295490958945,-0.04901960784313708,0.2580682078278773
1778211155637423642,1778211155643539982,0.2077134355687793,-0.436980239566644,0.3149080643930713,-0.4461356527046618,0.06466010528725086,-0.06923781185625977,0.16460669871061206,0.4659723811703689,-0.395017929350729,0.04520485236896299,0.0497825589379719,0.2244983596551453,-0.04901960784313708,0.2584496833752947
1778211155657226944,1778211155663534201,0.21496147096971008,-0.46063172350652337,0.3149080643930713,-0.445372701609827,0.07991912718394723,-0.06885633630884236,0.16727702754253393,0.463302052338447,-0.3797589074540326,0.055886167696650446,0.047112230106050035,0.2080949111161967,-0.04940108339055449,0.25883115892271213
1778211155677851074,1778211155683518249,0.22182803082322344,-0.4949645227740902,0.3149080643930713,-0.44270237277790514,0.09098191805905209,-0.06847486076142495,0.17147325856412543,0.4625391012436122,-0.3625925078202492,0.0661860074769205,0.04367895017929335,0.18978408484016107,-0.05016403448538931,0.26035706111238177
1778211155698828378,1778211155703478896,0.22983901731898904,-0.5281528953994048,0.3149080643930713,-0.4411764705882355,0.10700389105058328,-0.06923781185625977,0.17299916075379507,0.4625391012436122,-0.35114824139772693,0.07686732280460795,0.03948271915770185,0.17147325856412543,-0.05016403448538931,0.2611200122072166
1778211155720231267,1778211155723454912,0.236324101625085,-0.5701152056153198,0.3149080643930713,-0.43965056839856587,0.11844815747310555,-0.06961928740367718,0.18329900053406512,0.46025024795910774,-0.33588921950103057,0.08564126039520836,0.03376058594644071,0.15583276112001165,-0.05512321660181563,0.2618829633020514
1778211155740811967,1778211155743453899,0.24319066147859836,-0.6036850537880536,0.3149080643930713,-0.43926909285114846,0.12111848630502742,-0.07000076295109459,0.1825360494392303,0.4545281147478466,-0.3240634775310909,0.09441519798580877,0.028419928282596985,0.14209964141298492,-0.05550469214923304,0.2618829633020514
1778211155761437631,1778211155763471660,0.2492942702372769,-0.6345845731288637,0.3149080643930713,-0.43850614175631364,0.12111848630502742,-0.0707637140459294,0.1821545738918129,0.44766155489433324,-0.31071183337148156,0.10166323338673955,0.02193484397650103,0.13027389944304524,-0.056267643244067855,0.2626459143968862
1778211155782215073,1778211155783489480,0.25539787899595545,-0.6658655680170913,0.3149080643930713,-0.4362172884718092,0.12111848630502742,-0.07267109178301645,0.18177309834439548,0.4411764705882373,-0.29850461585412447,0.10852979324025291,0.014686808575570254,0.12073701075761001,-0.055886167696650446,0.26379034103913845
1778211155802004124,1778211155803452018,0.2611200122072166,-0.6887541008621358,0.3149080643930713,-0.4362172884718092,0.12073701075761001,-0.07305256733043386,0.1821545738918129,0.43507286182955873,-0.28591592278934996,0.11501487754634887,0.00705729762722207,0.11310749980926182,-0.056267643244067855,0.26417181658655586
1778211155822614503,1778211155823437241,0.2656977187762255,-0.7188906691081112,0.3149080643930713,-0.4358358129243918,0.12073701075761001,-0.07305256733043386,0.1821545738918129,0.429732204165715,-0.27370870527199287,0.12264438849469705,-0.0005722133211261138,0.10662241550316587,-0.056267643244067855,0.26417181658655586
1778211155842971055,1778211155843569042,0.2695124742503996,-0.7459754329747472,0.3156710154879061,-0.43545433737697437,0.12073701075761001,-0.07305256733043386,0.1829175249866477,0.4259174486915409,-0.262645914396888,0.1283665217059582,-0.007820248722056888,0.10128175783932214,-0.056267643244067855,0.26417181658655586
1778211155853445155,1778211155863482710,0.27141985198748664,-0.7585641260395217,0.31681544213015833,-0.43545433737697437,0.12073701075761001,-0.07305256733043386,0.1829175249866477,0.42362859540703646,-0.25692378118562686,0.13218127718013228,-0.01201647974364839,0.0993743801022351,-0.056267643244067855,0.26417181658655586
1778211155874514479,1778211155883550577,0.2733272297245737,-0.784885938811323,0.3206301976043324,-0.43545433737697437,0.12073701075761001,-0.07267109178301645,0.1829175249866477,0.4201953154802798,-0.24814984359502645,0.13981078812848047,-0.018883039597161755,0.095559624628061,-0.056267643244067855,0.26417181658655586
1778211155899652520,1778211155903481997,0.2748531319142433,-0.8039597161821934,0.32520790417334133,-0.4358358129243918,0.1203555352101926,-0.07305256733043386,0.18329900053406512,0.4171435111009405,-0.23632410162508677,0.14705882352941124,-0.028038452735179575,0.09212634470130432,-0.056267643244067855,0.2645532921339733
1778211155922834281,1778211155923449215,0.27676050965133037,-0.8260852979324032,0.328641184100098,-0.43545433737697437,0.12073701075761001,-0.07267109178301645,0.18406195162889993,0.41561760891127086,-0.22831311512932118,0.15468833447775943,-0.03528648813611035,0.08945601586938245,-0.056267643244067855,0.26417181658655586
1778211155933218836,1778211155943492818,0.2771419851987478,-0.8329518577859165,0.328641184100098,-0.43545433737697437,0.1203555352101926,-0.07228961623559904,0.18368047608148252,0.41523613336385345,-0.22602426184481672,0.1577401388570987,-0.03910124361028444,0.08869306477454764,-0.056267643244067855,0.2645532921339733
1778211155962346656,1778211155963459409,0.2790493629358348,-0.8485923552300303,0.33054856183718506,-0.4358358129243918,0.11959258411535778,-0.07190814068818163,0.18406195162889993,0.4137102311741838,-0.21763179980163372,0.16460669871061206,-0.04825665674830226,0.08602273594262577,-0.056649118791485265,0.2645532921339733
1778211155972649858,1778211155983510865,0.2790493629358348,-0.8543144884412914,0.3313115129320199,-0.4358358129243918,0.11806668192568814,-0.07190814068818163,0.18444342717631734,0.412947280079349,-0.21419851987487704,0.16727702754253393,-0.05092698558022413,0.08525978484779095,-0.056649118791485265,0.26417181658655586
1778211155999873377,1778211156003487747,0.27943083848325223,-0.8695735103379878,0.33398184176394174,-0.43545433737697437,0.11577782864118369,-0.07190814068818163,0.18520637827115216,0.41142137788967936,-0.20695048447394626,0.17185473411154284,-0.056649118791485265,0.08487830930037354,-0.057030594338902674,0.2645532921339733
1778211156019889169,1778211156023458361,0.27943083848325223,-0.8752956435492489,0.3355077439536114,-0.43545433737697437,0.11310749980926182,-0.07190814068818163,0.1871137560082392,0.41103990234226195,-0.203898680094607,0.17338063630121248,-0.060845349813076766,0.08411535820553873,-0.05779354543373749,0.2645532921339733
1778211156042840520,1778211156043455976,0.27943083848325223,-0.8829251544975971,0.337033646143281,-0.43545433737697437,0.11272602426184442,-0.07190814068818163,0.1863508049134044,0.4091325246051749,-0.20122835126268512,0.17528801403829952,-0.06389715419241604,0.08411535820553873,-0.060463874265659356,0.26417181658655586
1778211156061572960,1778211156063453008,0.27943083848325223,-0.8863584344243538,0.337033646143281,-0.43545433737697437,0.112344548714427,-0.07190814068818163,0.1867322804608218,0.4083695735103401,-0.2000839246204329,0.17566948958571693,-0.0661860074769205,0.08411535820553873,-0.06275272755016381,0.26417181658655586
1778211156082142273,1778211156083462287,0.27943083848325223,-0.8894102388036931,0.337033646143281,-0.43545433737697437,0.112344548714427,-0.07190814068818163,0.1867322804608218,0.40760662241550527,-0.19893949797818067,0.17528801403829952,-0.06733043411917272,0.08411535820553873,-0.06389715419241604,0.26417181658655586
1778211156094791707,1778211156103513966,0.2790493629358348,-0.8905546654459453,0.337033646143281,-0.43545433737697437,0.112344548714427,-0.07114518959334681,0.1867322804608218,0.40760662241550527,-0.19817654688334585,0.17528801403829952,-0.06809338521400754,0.08411535820553873,-0.06389715419241604,0.26417181658655586
1778211156115323371,1778211156123498785,0.2790493629358348,-0.8920805676356149,0.337033646143281,-0.43545433737697437,0.112344548714427,-0.06923781185625977,0.1867322804608218,0.40760662241550527,-0.1958876935988414,0.17528801403829952,-0.06809338521400754,0.08411535820553873,-0.06389715419241604,0.26417181658655586
1778211156135648315,1778211156143512282,0.2790493629358348,-0.8924620431830323,0.337033646143281,-0.43545433737697437,0.112344548714427,-0.06923781185625977,0.1863508049134044,0.4079880979629227,-0.1951247425040048,0.1749065384908821,-0.06771190966659013,0.08411535820553873,-0.06466010528725086,0.26417181658655586
1778211156156946591,1778211156163477270,0.2790493629358348,-0.8924620431830323,0.3366521705958636,-0.43545433737697437,0.112344548714427,-0.06923781185625977,0.1863508049134044,0.4087510490577575,-0.18863965819790884,0.1749065384908821,-0.06694895857175531,0.08411535820553873,-0.06542305638208568,0.26417181658655586
1778211156176940863,1778211156183509305,0.2790493629358348,-0.8924620431830323,0.3366521705958636,-0.43545433737697437,0.11272602426184442,-0.06885633630884236,0.1863508049134044,0.41027695124742714,-0.1829175249866477,0.1749065384908821,-0.0665674830243379,0.08411535820553873,-0.06580453192950309,0.26417181658655586
1778211156197974960,1778211156203577337,0.2790493629358348,-0.8924620431830323,0.3362706950484462,-0.43545433737697437,0.11310749980926182,-0.06694895857175531,0.1863508049134044,0.41180285343709677,-0.1787212939650562,0.1749065384908821,-0.0661860074769205,0.08411535820553873,-0.0661860074769205,0.26417181658655586
1778211156218561306,1778211156223500975,0.2790493629358348,-0.8924620431830323,0.3362706950484462,-0.43545433737697437,0.11348897535667923,-0.0665674830243379,0.1863508049134044,0.4137102311741838,-0.1745250629434647,0.1749065384908821,-0.0661860074769205,0.08411535820553873,-0.06694895857175531,0.26417181658655586
1778211156234041289,1778211156243541531,0.2790493629358348,-0.8924620431830323,0.3355077439536114,-0.43545433737697437,0.11387045090409664,-0.0661860074769205,0.1867322804608218,0.41447318226901864,-0.17223620965896025,0.1749065384908821,-0.0661860074769205,0.08411535820553873,-0.06694895857175531,0.26417181658655586
1778211156262362163,1778211156263464757,0.2790493629358348,-0.8924620431830323,0.3332188906691069,-0.43545433737697437,0.11730373083085333,-0.06427862973983345,0.1863508049134044,0.4159990844586883,-0.16765850308995134,0.1749065384908821,-0.0665674830243379,0.08411535820553873,-0.06694895857175531,0.26417181658655586
1778211156280072474,1778211156283459806,0.2790493629358348,-0.8924620431830323,0.3316929884794373,-0.43545433737697437,0.11768520637827073,-0.06389715419241604,0.1863508049134044,0.4175249866483579,-0.16536964980544688,0.1749065384908821,-0.0665674830243379,0.08411535820553873,-0.06694895857175531,0.26417181658655586
1778211156302498100,1778211156303460700,0.2779049362935826,-0.8920805676356149,0.32978561074235024,-0.43545433737697437,0.11806668192568814,-0.06389715419241604,0.1863508049134044,0.41905088883802755,-0.16308079652094243,0.1749065384908821,-0.0661860074769205,0.08411535820553873,-0.06694895857175531,0.26417181658655586
1778211156323161956,1778211156323900749,0.2771419851987478,-0.8916990920881975,0.3282597085526806,-0.43545433737697437,0.11844815747310555,-0.06389715419241604,0.1863508049134044,0.41905088883802755,-0.16269932097352502,0.1745250629434647,-0.06580453192950309,0.08411535820553873,-0.06694895857175531,0.26417181658655586
1778211156342627061,1778211156343451646,0.27676050965133037,-0.8894102388036931,0.32673380636301097,-0.43545433737697437,0.11882963302052296,-0.06389715419241604,0.18596932936598698,0.41905088883802755,-0.16269932097352502,0.1741435873960473,-0.06466010528725086,0.08411535820553873,-0.06694895857175531,0.26417181658655586
1778211156362777781,1778211156363453768,0.27599755855649555,-0.8859769588769364,0.32673380636301097,-0.43545433737697437,0.11997405966277519,-0.06427862973983345,0.18558785381856957,0.41905088883802755,-0.1623178454261076,0.17376211184862989,-0.06351567864499863,0.08411535820553873,-0.06694895857175531,0.26417181658655586
1778211156382762196,1778211156383451917,0.2740901808194085,-0.8806363012130927,0.32597085526817615,-0.43545433737697437,0.12073701075761001,-0.06427862973983345,0.18482490272373475,0.41905088883802755,-0.16269932097352502,0.17299916075379507,-0.060845349813076766,0.08411535820553873,-0.06694895857175531,0.26417181658655586
1778211156396047308,1778211156403522975,0.2737087052719911,-0.8752956435492489,0.32597085526817615,-0.43545433737697437,0.12073701075761001,-0.06427862973983345,0.18329900053406512,0.41905088883802755,-0.16269932097352502,0.17185473411154284,-0.05931944762340713,0.08411535820553873,-0.0665674830243379,0.26417181658655586
1778211156415627306,1778211156423454831,0.27256427862973887,-0.8684290836957356,0.32597085526817615,-0.43545433737697437,0.12073701075761001,-0.06427862973983345,0.18329900053406512,0.41905088883802755,-0.16308079652094243,0.17147325856412543,-0.056267643244067855,0.08411535820553873,-0.06466010528725086,0.26417181658655586
1778211156436803656,1778211156443485626,0.2706569008926518,-0.8543144884412914,0.32597085526817615,-0.43545433737697437,0.12073701075761001,-0.06427862973983345,0.1829175249866477,0.41905088883802755,-0.16384374761577725,0.1703288319218732,-0.05283436331731117,0.08411535820553873,-0.06275272755016381,0.26417181658655586
1778211156462540648,1778211156463450937,0.26798657206072996,-0.8360036621652558,0.32597085526817615,-0.4358358129243918,0.12149996185244483,-0.06466010528725086,0.1829175249866477,0.41905088883802755,-0.16765850308995134,0.16880292973220357,-0.04940108339055449,0.08411535820553873,-0.061226825360494175,0.26417181658655586
1778211156481851610,1778211156483470111,0.2656977187762255,-0.8249408712901509,0.32635233081559356,-0.4358358129243918,0.12188143739986224,-0.06427862973983345,0.1821545738918129,0.41905088883802755,-0.1741435873960473,0.16803997863736875,-0.047112230106050035,0.08411535820553873,-0.05970092317082454,0.26379034103913845
1778211156502925128,1778211156503462381,0.26340886549172104,-0.8089188982986197,0.32635233081559356,-0.4358358129243918,0.12340733958953187,-0.06466010528725086,0.1821545738918129,0.421339742122532,-0.18024719615472584,0.16536964980544688,-0.0413900968947889,0.08411535820553873,-0.05970092317082454,0.26379034103913845
1778211156514488892,1778211156523472054,0.2618829633020514,-0.7997634851606019,0.32635233081559356,-0.4358358129243918,0.1245517662317841,-0.06466010528725086,0.18177309834439548,0.4221026932173668,-0.18368047608148252,0.16498817425802947,-0.03871976806286703,0.08411535820553873,-0.05970092317082454,0.26379034103913845
1778211156542513910,1778211156543449989,0.2580682078278773,-0.7776379034103922,0.3282597085526806,-0.4365987640192266,0.12760357061112337,-0.06504158083466827,0.17948424505989102,0.4251544975967061,-0.19169146257724812,0.15964751659418575,-0.032616159304188486,0.08411535820553873,-0.05931944762340713,0.26379034103913845
1778211156555318776,1778211156563552789,0.25539787899595545,-0.7703898680094614,0.3282597085526806,-0.436980239566644,0.12951094834821042,-0.06542305638208568,0.1779583428702214,0.4262989242389583,-0.19436179140916998,0.1581216144045161,-0.028801403830014394,0.08411535820553873,-0.05893797207598972,0.26379034103913845
1778211156575874175,1778211156583524433,0.25196459906919877,-0.7562752727550173,0.3282597085526806,-0.43850614175631364,0.13218127718013228,-0.0665674830243379,0.17566948958571693,0.4285877775234628,-0.19855802243076326,0.15583276112001165,-0.023842221713588074,0.08411535820553873,-0.0581750209811549,0.26379034103913845
1778211156596731323,1778211156603560792,0.24814984359502468,-0.7406347753109035,0.3282597085526806,-0.43926909285114846,0.13218127718013228,-0.06694895857175531,0.1749065384908821,0.43202105745021946,-0.20275425345235476,0.15125505455100274,-0.018120088502326936,0.08411535820553873,-0.055886167696650446,0.26379034103913845
1778211156617913286,1778211156623626899,0.24357213702601577,-0.7223239490348679,0.3282597085526806,-0.43965056839856587,0.13218127718013228,-0.06771190966659013,0.1741435873960473,0.4343099107347239,-0.2042801556420244,0.14744029907682865,-0.013542381933318026,0.08411535820553873,-0.05512321660181563,0.26379034103913845
1778211156638701159,1778211156643497914,0.23823147936217204,-0.7074464026855889,0.3282597085526806,-0.43965056839856587,0.1325627527275497,-0.06923781185625977,0.1741435873960473,0.43659876401922837,-0.20733196002136367,0.14019226367589788,-0.009346150911726525,0.08411535820553873,-0.05436026550698081,0.26379034103913845
1778211156658688376,1778211156663455446,0.2325093461509109,-0.6960021362630666,0.3282597085526806,-0.43965056839856587,0.1333257038223845,-0.06961928740367718,0.1741435873960473,0.438124666208898,-0.2088578622110333,0.13523308155947156,-0.004386968795300206,0.08449683375295614,-0.051689936675058945,0.26340886549172104
1778211156679183071,1778211156683523208,0.227931639581902,-0.6799801632715354,0.3282597085526806,-0.43965056839856587,0.13599603265430638,-0.07000076295109459,0.1741435873960473,0.4388876173037328,-0.20923933775845072,0.1283665217059582,-0.0001907377737087046,0.08449683375295614,-0.04825665674830226,0.26379034103913845
1778211156692570987,1778211156703537354,0.22526131074998013,-0.6681544213015957,0.3282597085526806,-0.43965056839856587,0.13599603265430638,-0.070382238498512,0.17376211184862989,0.43926909285115023,-0.21229114213779,0.12073701075761001,0.0017166399633783413,0.08449683375295614,-0.04825665674830226,0.26417181658655586
1778211156715912612,1778211156723517991,0.21763179980163194,-0.6467917906462208,0.3282597085526806,-0.43965056839856587,0.137521934843976,-0.070382238498512,0.1741435873960473,0.44003204394598505,-0.2164873731593815,0.11463340199893146,0.006294346532387252,0.08449683375295614,-0.04825665674830226,0.26379034103913845
1778211156736610169,1778211156743482620,0.21305409323262303,-0.6296253910124374,0.3282597085526806,-0.43965056839856587,0.13981078812848047,-0.07114518959334681,0.17376211184862989,0.4415579461356547,-0.22030212863355558,0.10509651331349623,0.010490577553978753,0.08449683375295614,-0.047493705653467444,0.26340886549172104
1778211156757289436,1778211156763461783,0.20847638666361412,-0.612458991378654,0.3282597085526806,-0.4400320439459833,0.13981078812848047,-0.07228961623559904,0.17299916075379507,0.4427023727779069,-0.22869459067673858,0.09861142900740028,0.014686808575570254,0.08640421149004318,-0.046349279011215216,0.26379034103913845
1778211156777851293,1778211156783522104,0.20160982681010076,-0.595674067292288,0.3282597085526806,-0.4411764705882355,0.13981078812848047,-0.07267109178301645,0.17185473411154284,0.44460975051499396,-0.23479819943541713,0.08869306477454764,0.017738612954909527,0.08983749141679986,-0.04482337682154558,0.26379034103913845
1778211156797826077,1778211156803511144,0.19588769359883962,-0.5823224231326769,0.3282597085526806,-0.44232089723048773,0.13981078812848047,-0.07419699397268609,0.17185473411154284,0.4461356527046636,-0.23975738155184345,0.08182650492103427,0.02040894178683139,0.09365224689097396,-0.042534523537041125,0.26340886549172104
1778211156818364118,1778211156823470785,0.19016556038757848,-0.5632486457618064,0.3282597085526806,-0.44346532387273996,0.13981078812848047,-0.07572289616235572,0.17223620965896025,0.44842450598916805,-0.2462424658579394,0.07228961623559904,0.024223697261005483,0.09784847791256546,-0.04100862134737149,0.26340886549172104
1778211156840153792,1778211156843495309,0.18329900053406512,-0.5403601129167619,0.3282597085526806,-0.44346532387273996,0.13981078812848047,-0.07801174944686018,0.17223620965896025,0.4514763103685073,-0.25234607461661795,0.06504158083466827,0.028038452735179575,0.10166323338673955,-0.03871976806286703,0.26417181658655586
1778211156860709056,1778211156863461755,0.17719539177538657,-0.5247196154726481,0.3282597085526806,-0.44384679942015737,0.13981078812848047,-0.0791561760891124,0.17223620965896025,0.4541466392004292,-0.2546349279011224,0.056267643244067855,0.03070878156710144,0.10509651331349623,-0.03643091477836258,0.26379034103913845
1778211156881155213,1778211156883493946,0.17185473411154284,-0.5094605935759517,0.3282597085526806,-0.44384679942015737,0.14019226367589788,-0.08106355382619945,0.17223620965896025,0.4552910658426814,-0.2592126344701313,0.04940108339055449,0.03376058594644071,0.1081483176928355,-0.03414206149385812,0.26379034103913845
1778211156901871697,1778211156903455991,0.16498817425802947,-0.4942015716792554,0.3282597085526806,-0.44384679942015737,0.13981078812848047,-0.0829709315632865,0.17223620965896025,0.4579613946746033,-0.2618829633020532,0.03910124361028444,0.03643091477836258,0.112344548714427,-0.033379110399023304,0.26379034103913845
1778211156922603256,1778211156923450327,0.15926604104676834,-0.4774166475928894,0.328641184100098,-0.44384679942015737,0.13981078812848047,-0.08373388265812132,0.17261768520637766,0.46101319905394256,-0.2656977187762273,0.032234683756771076,0.03910124361028444,0.11730373083085333,-0.02994583047226662,0.26379034103913845
1778211156943007844,1778211156943456835,0.15163653009842015,-0.46063172350652337,0.32978561074235024,-0.44384679942015737,0.14019226367589788,-0.08525978484779095,0.17261768520637766,0.46520943007553406,-0.271038376440071,0.023079270618753256,0.041771572442206306,0.12378881513694928,-0.029182879377431803,0.26379034103913845
1778211156952553339,1778211156963480910,0.14820325017166347,-0.45643549248493187,0.33093003738460247,-0.44384679942015737,0.14019226367589788,-0.08640421149004318,0.17261768520637766,0.4667353322652037,-0.27637903410391473,0.019645990691996573,0.04329747463187594,0.12722209506370596,-0.028801403830014394,0.26379034103913845
1778211156983247472,1778211156983553474,0.1367589837491412,-0.43011367971313064,0.33398184176394174,-0.44384679942015737,0.14019226367589788,-0.08793011367971282,0.17223620965896025,0.4713130388342126,-0.28515297169451514,0.005531395437552433,0.047112230106050035,0.1409552147707327,-0.027275501640344757,0.26379034103913845
1778211157002756955,1778211157003474425,0.13065537499046265,-0.40989547570000795,0.335126268406194,-0.44384679942015737,0.14019226367589788,-0.08907454032196505,0.17185473411154284,0.47283894102388224,-0.2908751049057763,-0.0020981155107957505,0.04825665674830226,0.15163653009842015,-0.024223697261005483,0.26379034103913845
1778211157020298608,1778211157023474569,0.12378881513694928,-0.40074006256199013,0.3355077439536114,-0.4449912260624096,0.13981078812848047,-0.08907454032196505,0.17185473411154284,0.4758907454032215,-0.2924010070954459,-0.011253528648813571,0.0497825589379719,0.15888456549935093,-0.022697795071335847,0.26379034103913845
1778211157033053500,1778211157043514154,0.12073701075761001,-0.3881513694972156,0.3358892195010288,-0.4461356527046618,0.13981078812848047,-0.08907454032196505,0.17185473411154284,0.47741664759289115,-0.29850461585412447,-0.015068284122987663,0.05054551003280672,0.16803997863736875,-0.02117189288166621,0.26379034103913845
1778211157056776438,1778211157063573447,0.11272602426184442,-0.37327382314793667,0.3374151216906984,-0.44689860379949664,0.13904783703364565,-0.08907454032196505,0.17109178301670802,0.4797055008773956,-0.30575265125505524,-0.02651255054550994,0.05245288776989376,0.18101014724956066,-0.018501564049744346,0.26379034103913845
1778211157077343232,1778211157083497875,0.10547798886091364,-0.3587777523460751,0.33779659723811584,-0.44728007934691405,0.13904783703364565,-0.08907454032196505,0.1707103074692906,0.48199435416190006,-0.3118562600137338,-0.03490501258869294,0.05321583886472858,0.19359884031433516,-0.017738612954909527,0.26379034103913845
1778211157098346789,1778211157103511320,0.09861142900740028,-0.3416113527122917,0.33779659723811584,-0.44766155489433146,0.13790341039139342,-0.08907454032196505,0.1699473563744558,0.48504615854123934,-0.3160524910353253,-0.04444190127412817,0.05321583886472858,0.20656900892652708,-0.017357137407492118,0.26379034103913845
1778211157119096564,1778211157123449427,0.09250782024872173,-0.3282597085526824,0.33779659723811584,-0.44766155489433146,0.13485160601205415,-0.08869306477454764,0.16880292973220357,0.4869535362783264,-0.3202487220569168,-0.05245288776989376,0.05321583886472858,0.22068360418097122,-0.014686808575570254,0.26379034103913845
1778211157139763970,1778211157143455120,0.08449683375295614,-0.31528953994049047,0.33779659723811584,-0.4488059815365837,0.13027389944304524,-0.08869306477454764,0.16765850308995134,0.48886091401541343,-0.3236820019836735,-0.061608300907911584,0.05283436331731117,0.23517967498283276,-0.013542381933318026,0.26379034103913845
1778211157160049500,1778211157163464617,0.07724879835202536,-0.30537117570763783,0.3400854505226203,-0.45071335927367073,0.12645914396887115,-0.08831158922713023,0.16727702754253393,0.4911497672999179,-0.32711528191043016,-0.06961928740367718,0.05283436331731117,0.2500572213321117,-0.010490577553978753,0.26379034103913845
1778211157180686547,1778211157183480250,0.06961928740367718,-0.29278248264286333,0.34161135271228993,-0.45147631036850555,0.12188143739986224,-0.087167162584878,0.16727702754253393,0.49382009613183975,-0.33016708628976943,-0.07801174944686018,0.05283436331731117,0.2645532921339733,-0.009727626459143934,0.26379034103913845
1778211157201247809,1778211157203467322,0.06198977645532899,-0.2801937895780888,0.34237430380712475,-0.45147631036850555,0.11921110856794037,-0.08564126039520836,0.16689555199511652,0.4964904249637616,-0.3328374151216913,-0.08525978484779095,0.05283436331731117,0.2790493629358348,-0.007820248722056888,0.26379034103913845
1778211157222259101,1778211157223481161,0.055886167696650446,-0.2660791943236447,0.34275577935454216,-0.45185778591592296,0.1161593041886011,-0.08373388265812132,0.16689555199511652,0.4991607537956835,-0.3332188906691087,-0.09250782024872173,0.05283436331731117,0.29278248264286155,-0.006294346532387252,0.26379034103913845
1778211157242964464,1778211157243512292,0.04825665674830226,-0.25577935454337464,0.34275577935454216,-0.45185778591592296,0.112344548714427,-0.0829709315632865,0.1661326009002817,0.5006866559853531,-0.3336003662165261,-0.09861142900740028,0.05283436331731117,0.30537117570763606,-0.005531395437552433,0.26379034103913845
1778211157262981691,1778211157263454486,0.0413900968947889,-0.24776836804760904,0.34275577935454216,-0.4541466392004274,0.10738536659800069,-0.0829709315632865,0.16460669871061206,0.5025940337224402,-0.3339818417639435,-0.10585946440833105,0.05283436331731117,0.3191042954146628,-0.002861066605630569,0.26379034103913845
1778211157273346374,1778211157283573768,0.037575341420614805,-0.24242771038376532,0.34275577935454216,-0.4545281147478448,0.1035706111238266,-0.08258945601586909,0.16384374761577725,0.503356984817275,-0.33512626840619575,-0.10891126878767032,0.05283436331731117,0.32635233081559356,-0.0017166399633783413,0.26379034103913845
1778211157293803381,1778211157303454288,0.03070878156710144,-0.23174639505607786,0.34275577935454216,-0.45490959029526223,0.095559624628061,-0.08068207827878204,0.16269932097352502,0.5045014114595272,-0.3370336461432828,-0.11348897535667923,0.05245288776989376,0.34161135271228993,0.0001907377737087046,0.26379034103913845
1778211157319664658,1778211157323460745,0.02155336842908362,-0.21572442206454667,0.34275577935454216,-0.4568169680323493,0.08754863813229541,-0.08030060273136463,0.1577401388570987,0.505264362554362,-0.33855954833295243,-0.12111848630502742,0.05245288776989376,0.36259250782024743,0.000953688868543523,0.26379034103913845
1778211157332343733,1778211157343516719,0.018120088502326936,-0.21000228885328553,0.34275577935454216,-0.4579613946746015,0.08182650492103427,-0.07953765163652982,0.15621423666742906,0.505264362554362,-0.3404669260700395,-0.12378881513694928,0.05245288776989376,0.37098496986343044,0.0017166399633783413,0.26379034103913845
1778211157362903744,1778211157363451286,0.00705729762722207,-0.19207293812466553,0.34313725490195957,-0.4587243457694363,0.07000076295109459,-0.07839322499427759,0.15621423666742906,0.505264362554362,-0.3408484016174569,-0.13141832608529747,0.05245288776989376,0.39768825818265263,0.004768444342717615,0.26379034103913845
1778211157372715171,1778211157383482061,0.0020981155107957505,-0.18940260929274366,0.343518730449377,-0.4587243457694363,0.06542305638208568,-0.07763027389944277,0.15545128557259424,0.505264362554362,-0.3412298771648743,-0.1329442282749671,0.05245288776989376,0.4053177691310008,0.005912870984969842,0.26340886549172104
1778211157395660033,1778211157403520307,-0.004386968795300206,-0.17528801403829952,0.3442816815442118,-0.45948729686427114,0.05436026550698081,-0.07686732280460795,0.1535439078355072,0.505264362554362,-0.3416113527122917,-0.137521934843976,0.05245288776989376,0.421339742122532,0.008583199816891707,0.26340886549172104
1778211157422504012,1778211157423450433,-0.014686808575570254,-0.16308079652094243,0.3446631570916292,-0.4625391012436104,0.042915999084458534,-0.0749599450675209,0.15201800564583756,0.505264362554362,-0.34390020599679616,-0.1417181658655675,0.05245288776989376,0.44041351949340246,0.008201724269474298,0.26340886549172104
1778211157435975214,1778211157443467022,-0.019264515144579164,-0.15888456549935093,0.3450446326390466,-0.46368352788586265,0.03833829251544962,-0.07381551842526868,0.15163653009842015,0.505264362554362,-0.34390020599679616,-0.14248111696040233,0.05245288776989376,0.4499504081788377,0.008201724269474298,0.26340886549172104
1778211157456656068,1778211157463459289,-0.02574959945067512,-0.15087357900358533,0.345426108186464,-0.4655909056229497,0.03185320820935367,-0.07114518959334681,0.15163653009842015,0.505264362554362,-0.34428168154421357,-0.1455329213397416,0.05245288776989376,0.4629205767910296,0.008201724269474298,0.26340886549172104
1778211157476881346,1778211157483499053,-0.033379110399023304,-0.1447699702449068,0.345426108186464,-0.4663538567177845,0.02536812390325771,-0.06809338521400754,0.15163653009842015,0.505264362554362,-0.344663157091631,-0.14744029907682865,0.05245288776989376,0.47398336766613447,0.008583199816891707,0.26340886549172104
1778211157498292387,1778211157503450592,-0.03871976806286703,-0.137521934843976,0.3450446326390466,-0.4663538567177845,0.019264515144579164,-0.06389715419241604,0.1497291523613331,0.505264362554362,-0.344663157091631,-0.14820325017166347,0.05245288776989376,0.4846646829938219,0.009727626459143934,0.26302738994430364
1778211157518759803,1778211157523462130,-0.04367895017929335,-0.1325627527275497,0.3446631570916292,-0.46711680781261933,0.01201647974364839,-0.061226825360494175,0.14858472571908088,0.505264362554362,-0.344663157091631,-0.15011062790875052,0.05245288776989376,0.494964522774092,0.008964675364309116,0.26302738994430364
1778211157539211132,1778211157543614768,-0.0497825589379719,-0.1287479972533756,0.3446631570916292,-0.4694056610971238,0.006294346532387252,-0.05779354543373749,0.14820325017166347,0.505264362554362,-0.344663157091631,-0.15011062790875052,0.05245288776989376,0.5045014114595272,0.009727626459143934,0.26302738994430364
1778211157560240866,1778211157563459572,-0.05436026550698081,-0.12264438849469705,0.3446631570916292,-0.4709315632867934,0.0005722133211261138,-0.05512321660181563,0.14820325017166347,0.505264362554362,-0.344663157091631,-0.15125505455100274,0.05245288776989376,0.5132753490501276,0.01163500419623098,0.26302738994430364
1778211157580067405,1778211157583519307,-0.056649118791485265,-0.11921110856794037,0.34275577935454216,-0.47169451438162824,-0.005149919890135024,-0.052071412222476354,0.14858472571908088,0.505264362554362,-0.344663157091631,-0.15278095674067238,0.05245288776989376,0.5212863355458932,0.01163500419623098,0.261501487754634
1778211157601145061,1778211157603470663,-0.06008239871824195,-0.11425192645151405,0.3400854505226203,-0.47207598992904565,-0.010872053101396162,-0.04940108339055449,0.14820325017166347,0.505264362554362,-0.3450446326390484,-0.15278095674067238,0.05245288776989376,0.528534370946824,0.010872053101396162,0.2611200122072166
1778211157620947048,1778211157623538793,-0.0623712520027464,-0.11158159761959219,0.33894102388036806,-0.47283894102388047,-0.01621271076523989,-0.047112230106050035,0.14705882352941124,0.505264362554362,-0.3458075837338832,-0.1531624322880898,0.05245288776989376,0.5346379797055025,0.010872053101396162,0.26035706111238177
1778211157641190048,1778211157643520426,-0.06580453192950309,-0.1081483176928355,0.33894102388036806,-0.4732204165712979,-0.019264515144579164,-0.04520485236896299,0.14667734798199383,0.505264362554362,-0.34771496147097025,-0.15430685893034202,0.05245288776989376,0.5399786373693463,0.010109102006561344,0.26035706111238177
1778211157652290935,1778211157663566371,-0.06733043411917272,-0.10509651331349623,0.3393224994277855,-0.4732204165712979,-0.02117189288166621,-0.04406042572671076,0.14667734798199383,0.505264362554362,-0.34847791256580507,-0.15506981002517684,0.05245288776989376,0.5422674906538507,0.010490577553978753,0.26035706111238177
1778211157677266285,1778211157683581524,-0.07000076295109459,-0.10090028229190473,0.33894102388036806,-0.4732204165712979,-0.026894026092927348,-0.04367895017929335,0.14629587243457642,0.505264362554362,-0.3496223392080573,-0.15583276112001165,0.05245288776989376,0.5479896238651119,0.009346150911726525,0.26035706111238177
1778211157692813305,1778211157703535679,-0.070382238498512,-0.09670405127031323,0.3393224994277855,-0.4732204165712979,-0.03147173266193626,-0.04329747463187594,0.1447699702449068,0.505264362554362,-0.35267414358739657,-0.15583276112001165,0.052071412222476354,0.5498970016021989,0.008583199816891707,0.26035706111238177
1778211157722870612,1778211157723554490,-0.07267109178301645,-0.08945601586938245,0.3393224994277855,-0.4732204165712979,-0.0413900968947889,-0.04406042572671076,0.14400701915007197,0.505264362554362,-0.3572518501564055,-0.1577401388570987,0.052071412222476354,0.5529488059815382,0.008201724269474298,0.26035706111238177
1778211157733282429,1778211157743661270,-0.07267109178301645,-0.087167162584878,0.3393224994277855,-0.4732204165712979,-0.04367895017929335,-0.04444190127412817,0.14400701915007197,0.505264362554362,-0.35954070344090994,-0.1577401388570987,0.052071412222476354,0.5540932326237904,0.008583199816891707,0.26035706111238177
1778211157756249850,1778211157763481361,-0.07267109178301645,-0.08144502937361686,0.3393224994277855,-0.4732204165712979,-0.04596780346379781,-0.04482337682154558,0.14438849469748938,0.505264362554362,-0.36030365453574476,-0.1581216144045161,0.05245288776989376,0.5552376592660426,0.007820248722056888,0.26035706111238177
1778211157776564831,1778211157783552687,-0.07267109178301645,-0.07724879835202536,0.3393224994277855,-0.4732204165712979,-0.04940108339055449,-0.04520485236896299,0.14400701915007197,0.505264362554362,-0.36373693446250144,-0.1581216144045161,0.05245288776989376,0.5552376592660426,0.007820248722056888,0.26035706111238177
1778211157797250335,1778211157803517452,-0.07267109178301645,-0.07381551842526868,0.3393224994277855,-0.4732204165712979,-0.05092698558022413,-0.04520485236896299,0.14400701915007197,0.505264362554362,-0.3664072632944233,-0.15850308995193352,0.05245288776989376,0.5548561837186252,0.007820248722056888,0.26035706111238177
1778211157822667285,1778211157823451989,-0.07267109178301645,-0.070382238498512,0.3393224994277855,-0.4732204165712979,-0.0539787899595634,-0.04520485236896299,0.14400701915007197,0.505264362554362,-0.36755168993667553,-0.1581216144045161,0.05245288776989376,0.5548561837186252,0.008201724269474298,0.26035706111238177
1778211157843049433,1778211157843448532,-0.07228961623559904,-0.06809338521400754,0.3393224994277855,-0.4732204165712979,-0.05436026550698081,-0.04482337682154558,0.14400701915007197,0.505264362554362,-0.36984054322118,-0.1581216144045161,0.05245288776989376,0.5548561837186252,0.008201724269474298,0.26035706111238177
1778211157862983697,1778211157863448666,-0.07190814068818163,-0.0665674830243379,0.3393224994277855,-0.4732204165712979,-0.056649118791485265,-0.04482337682154558,0.14438849469748938,0.505264362554362,-0.37251087205310185,-0.1581216144045161,0.05245288776989376,0.5552376592660426,0.008201724269474298,0.26035706111238177
1778211157882625118,1778211157883454523,-0.07190814068818163,-0.06580453192950309,0.3393224994277855,-0.4732204165712979,-0.05779354543373749,-0.04482337682154558,0.14400701915007197,0.505264362554362,-0.3751812008850237,-0.1581216144045161,0.05245288776989376,0.5548561837186252,0.008201724269474298,0.26035706111238177
1778211157892487393,1778211157903529793,-0.07190814068818163,-0.06542305638208568,0.3393224994277855,-0.4732204165712979,-0.05931944762340713,-0.04520485236896299,0.14438849469748938,0.5048828870069446,-0.37632562752727594,-0.1581216144045161,0.05245288776989376,0.5548561837186252,0.008201724269474298,0.26035706111238177
1778211157923040062,1778211157923662182,-0.07190814068818163,-0.06542305638208568,0.3393224994277855,-0.4732204165712979,-0.06504158083466827,-0.04520485236896299,0.14438849469748938,0.5048828870069446,-0.3797589074540326,-0.1581216144045161,0.05245288776989376,0.5548561837186252,0.008201724269474298,0.25997558556496436
1778211157935813500,1778211157943480884,-0.07190814068818163,-0.06542305638208568,0.3393224994277855,-0.4732204165712979,-0.06694895857175531,-0.04520485236896299,0.14400701915007197,0.5048828870069446,-0.38166628519111967,-0.1581216144045161,0.05245288776989376,0.5548561837186252,0.008201724269474298,0.26035706111238177
1778211157962473709,1778211157963462480,-0.07190814068818163,-0.06542305638208568,0.3393224994277855,-0.4732204165712979,-0.07381551842526868,-0.0455863279163804,0.14362554360265456,0.5048828870069446,-0.38548104066529376,-0.1581216144045161,0.05245288776989376,0.5548561837186252,0.008583199816891707,0.26035706111238177
1778211157976104249,1778211157983472672,-0.07190814068818163,-0.06542305638208568,0.3393224994277855,-0.4732204165712979,-0.07801174944686018,-0.0455863279163804,0.14209964141298492,0.5048828870069446,-0.3862439917601286,-0.1581216144045161,0.052071412222476354,0.5548561837186252,0.008583199816891707,0.26035706111238177
1778211157996712916,1778211158003569685,-0.07190814068818163,-0.06542305638208568,0.3393224994277855,-0.4732204165712979,-0.08220798046845168,-0.0455863279163804,0.14057373922331529,0.5048828870069446,-0.386625467307546,-0.1581216144045161,0.05245288776989376,0.5548561837186252,0.008583199816891707,0.26035706111238177
1778211158017321813,1778211158023578942,-0.07152666514076422,-0.06542305638208568,0.3393224994277855,-0.4732204165712979,-0.08449683375295614,-0.04520485236896299,0.14057373922331529,0.5048828870069446,-0.3873884184023808,-0.1581216144045161,0.05245288776989376,0.5548561837186252,0.008583199816891707,0.26035706111238177
1778211158037957049,1778211158043474430,-0.07114518959334681,-0.06542305638208568,0.3393224994277855,-0.4732204165712979,-0.08449683375295614,-0.04520485236896299,0.14057373922331529,0.5048828870069446,-0.38891432059205044,-0.1581216144045161,0.05245288776989376,0.5548561837186252,0.008583199816891707,0.26035706111238177
1778211158058223974,1778211158063484141,-0.07000076295109459,-0.06542305638208568,0.3393224994277855,-0.4732204165712979,-0.08411535820553873,-0.04520485236896299,0.14057373922331529,0.5048828870069446,-0.38929579613946785,-0.1581216144045161,0.05245288776989376,0.5540932326237904,0.008583199816891707,0.26035706111238177
1778211158078876625,1778211158083510506,-0.06961928740367718,-0.06542305638208568,0.3393224994277855,-0.4732204165712979,-0.08373388265812132,-0.04520485236896299,0.14057373922331529,0.5048828870069446,-0.38967727168688526,-0.1581216144045161,0.05245288776989376,0.5540932326237904,0.008964675364309116,0.26035706111238177
1778211158100186292,1778211158103446617,-0.06923781185625977,-0.06542305638208568,0.3393224994277855,-0.47283894102388047,-0.08373388265812132,-0.0455863279163804,0.1409552147707327,0.5048828870069446,-0.39005874723430267,-0.1581216144045161,0.05245288776989376,0.5540932326237904,0.008964675364309116,0.25997558556496436
1778211158120045169,1778211158123486102,-0.06885633630884236,-0.06542305638208568,0.3393224994277855,-0.47283894102388047,-0.08373388265812132,-0.04596780346379781,0.14057373922331529,0.5048828870069446,-0.39005874723430267,-0.1581216144045161,0.05245288776989376,0.5540932326237904,0.008964675364309116,0.26035706111238177
1778211158140847240,1778211158143461775,-0.06885633630884236,-0.06542305638208568,0.3393224994277855,-0.47283894102388047,-0.08335240711070391,-0.046349279011215216,0.1409552147707327,0.5048828870069446,-0.39005874723430267,-0.1581216144045161,0.05245288776989376,0.5540932326237904,0.009346150911726525,0.26035706111238177
1778211158162187922,1778211158163453013,-0.06847486076142495,-0.06542305638208568,0.3393224994277855,-0.47283894102388047,-0.08335240711070391,-0.046730754558632626,0.1409552147707327,0.5048828870069446,-0.3904402227817201,-0.1577401388570987,0.05245288776989376,0.5533302815289556,0.009346150911726525,0.26035706111238177
1778211158172632713,1778211158183448959,-0.06885633630884236,-0.06542305638208568,0.3393224994277855,-0.47283894102388047,-0.08335240711070391,-0.046730754558632626,0.1409552147707327,0.5048828870069446,-0.3904402227817201,-0.1577401388570987,0.05245288776989376,0.5521858548867034,0.009346150911726525,0.26035706111238177
1778211158202764868,1778211158203449150,-0.06885633630884236,-0.06542305638208568,0.3393224994277855,-0.47283894102388047,-0.08373388265812132,-0.047112230106050035,0.1409552147707327,0.5048828870069446,-0.3923476005188071,-0.15697718776226388,0.05245288776989376,0.5441748683909378,0.008964675364309116,0.26035706111238177
1778211158213006190,1778211158223546577,-0.06923781185625977,-0.06542305638208568,0.3393224994277855,-0.47283894102388047,-0.08373388265812132,-0.047112230106050035,0.1409552147707327,0.5048828870069446,-0.39272907606622454,-0.15659571221484647,0.05245288776989376,0.5411230640115985,0.008964675364309116,0.26035706111238177
1778211158233702076,1778211158243486220,-0.06923781185625977,-0.06542305638208568,0.3393224994277855,-0.47283894102388047,-0.08449683375295614,-0.047493705653467444,0.1409552147707327,0.5048828870069446,-0.39272907606622454,-0.15506981002517684,0.05245288776989376,0.5357824063477548,0.008964675364309116,0.26035706111238177
1778211158254767928,1778211158263463644,-0.06923781185625977,-0.06504158083466827,0.3393224994277855,-0.47283894102388047,-0.08907454032196505,-0.04787518120088485,0.1409552147707327,0.5048828870069446,-0.39272907606622454,-0.15506981002517684,0.05245288776989376,0.5308232242313284,0.008964675364309116,0.26035706111238177
1778211158279845004,1778211158283543154,-0.06923781185625977,-0.06351567864499863,0.3393224994277855,-0.47283894102388047,-0.095559624628061,-0.04825665674830226,0.14057373922331529,0.5048828870069446,-0.39311055161364195,-0.1535439078355072,0.05245288776989376,0.5254825665674847,0.009346150911726525,0.26035706111238177
1778211158300529965,1778211158303463044,-0.06885633630884236,-0.0623712520027464,0.3393224994277855,-0.47283894102388047,-0.0993743801022351,-0.04863813229571967,0.14019226367589788,0.5048828870069446,-0.39311055161364195,-0.15125505455100274,0.05245288776989376,0.5216678110933106,0.008964675364309116,0.26035706111238177
1778211158322697326,1778211158323479545,-0.06847486076142495,-0.061608300907911584,0.3393224994277855,-0.47283894102388047,-0.10662241550316587,-0.04901960784313708,0.137521934843976,0.5048828870069446,-0.39311055161364195,-0.14858472571908088,0.05245288776989376,0.5189974822613888,0.008964675364309116,0.26035706111238177
1778211158341969288,1778211158343459324,-0.06809338521400754,-0.061608300907911584,0.3393224994277855,-0.47283894102388047,-0.1081483176928355,-0.0497825589379719,0.13485160601205415,0.5045014114595272,-0.39311055161364195,-0.1447699702449068,0.05245288776989376,0.5178530556191365,0.009346150911726525,0.26035706111238177
1778211158363137567,1778211158363483688,-0.06733043411917272,-0.061608300907911584,0.3393224994277855,-0.47283894102388047,-0.11158159761959219,-0.05016403448538931,0.1325627527275497,0.5037384603646924,-0.39311055161364195,-0.14209964141298492,0.05283436331731117,0.5140383001449624,0.009346150911726525,0.26035706111238177
1778211158383120811,1778211158383722372,-0.06694895857175531,-0.061608300907911584,0.3393224994277855,-0.47283894102388047,-0.11310749980926182,-0.05016403448538931,0.1329442282749671,0.5037384603646924,-0.39349202716105935,-0.13790341039139342,0.05283436331731117,0.5090791180285361,0.008964675364309116,0.26035706111238177
1778211158392165351,1778211158403487903,-0.0665674830243379,-0.061608300907911584,0.33894102388036806,-0.47245746547646306,-0.11310749980926182,-0.05016403448538931,0.1329442282749671,0.5037384603646924,-0.39349202716105935,-0.1371404592965586,0.05283436331731117,0.5064087891966143,0.009346150911726525,0.26035706111238177
1778211158416511658,1778211158423471818,-0.0661860074769205,-0.061608300907911584,0.3393224994277855,-0.47207598992904565,-0.11348897535667923,-0.05016403448538931,0.1329442282749671,0.5037384603646924,-0.39349202716105935,-0.12951094834821042,0.05283436331731117,0.4999237048905183,0.009346150911726525,0.26035706111238177
1778211158436756207,1778211158443482148,-0.06580453192950309,-0.061608300907911584,0.3393224994277855,-0.47207598992904565,-0.11348897535667923,-0.05054551003280672,0.1329442282749671,0.5037384603646924,-0.39349202716105935,-0.12493324177920151,0.05245288776989376,0.4926756694895875,0.009346150911726525,0.26035706111238177
