ros_timestamp_ns,system_timestamp_ns,openarm_right_joint1,openarm_right_joint3,openarm_right_joint4,openarm_left_joint6,openarm_left_joint5,openarm_left_joint2,openarm_left_joint7,openarm_left_joint4,openarm_right_joint5,openarm_left_joint1,openarm_right_joint2,openarm_left_joint3,openarm_right_joint7,openarm_right_joint6
1778210883333588121,1778210883342178992,0.10090028229190473,0.05512321660181563,0.2073319600213619,-0.15087357900358533,0.11005569542992255,-0.004386968795300206,0.22487983520256272,0.2946898603799486,0.09441519798580877,0.13523308155947156,0.06923781185625977,-0.1665140764476991,-0.0791561760891124,-0.04100862134737149
1778210883354582806,1778210883362079006,0.1035706111238266,0.05512321660181563,0.2073319600213619,-0.15163653009842015,0.11387045090409664,-0.00705729762722207,0.22678721293964976,0.29316395819027896,0.09441519798580877,0.1413366903181501,0.06923781185625977,-0.1623178454261076,-0.0749599450675209,-0.04062714579995408
1778210883374503888,1778210883382118733,0.10700389105058328,0.05512321660181563,0.2073319600213619,-0.15468833447775943,0.11692225528343592,-0.008201724269474298,0.22907606622415422,0.29201953154802673,0.09517814908064359,0.14782177462424606,0.06885633630884236,-0.15850308995193352,-0.07267109178301645,-0.03910124361028444
1778210883395096201,1778210883402157875,0.11043717097733996,0.05512321660181563,0.2073319600213619,-0.1577401388570987,0.11768520637827073,-0.010490577553978753,0.23174639505607608,0.2904936293583571,0.09670405127031323,0.15468833447775943,0.06885633630884236,-0.15430685893034202,-0.07343404287785127,-0.037956816968032214
1778210883416416785,1778210883422118489,0.11272602426184442,0.05512321660181563,0.20504310673685744,-0.15964751659418575,0.11997405966277519,-0.012779430838483208,0.2321278706034935,0.28896772716868746,0.09708552681773064,0.16002899214160315,0.06923781185625977,-0.15011062790875052,-0.07343404287785127,-0.037575341420614805
1778210883436764784,1778210883442108499,0.11539635309376628,0.05550469214923304,0.20199130235751817,-0.1615548943312728,0.12111848630502742,-0.013160906385900617,0.23517967498283276,0.2859159227893482,0.09746700236514805,0.16460669871061206,0.06923781185625977,-0.14591439688715901,-0.07152666514076422,-0.037575341420614805
1778210883456718595,1778210883462134914,0.11654077973601851,0.056649118791485265,0.20046540016784853,-0.1623178454261076,0.12417029068436669,-0.014305333028152845,0.236324101625085,0.2817196917677567,0.09746700236514805,0.16803997863736875,0.06923781185625977,-0.1409552147707327,-0.0707637140459294,-0.037193865873197396
1778210883476789570,1778210883482252604,0.11692225528343592,0.05855649652857231,0.20084687571526594,-0.1623178454261076,0.12607766842145374,-0.014305333028152845,0.23823147936217204,0.278286411841,0.09746700236514805,0.1707103074692906,0.06923781185625977,-0.13599603265430638,-0.07000076295109459,-0.03681239032577999
1778210883482534588,1778210883502225550,0.11692225528343592,0.06008239871824195,0.20084687571526594,-0.16269932097352502,0.12722209506370596,-0.014305333028152845,0.23823147936217204,0.2779049362935826,0.09746700236514805,0.17147325856412543,0.06923781185625977,-0.13485160601205415,-0.06961928740367718,-0.03681239032577999
1778210883521462169,1778210883522119190,0.11654077973601851,0.06542305638208568,0.20046540016784853,-0.16384374761577725,0.13599603265430638,-0.014305333028152845,0.2450980392156854,0.2729457541771563,0.09784847791256546,0.1745250629434647,0.06961928740367718,-0.12722209506370596,-0.0665674830243379,-0.032997634851605895
1778210883532536925,1778210883542102003,0.11654077973601851,0.06694895857175531,0.20046540016784853,-0.16536964980544688,0.13790341039139342,-0.014305333028152845,0.24738689250018986,0.2706569008926518,0.09861142900740028,0.1745250629434647,0.06961928740367718,-0.12493324177920151,-0.06580453192950309,-0.03185320820935367
1778210883554310704,1778210883562193758,0.11654077973601851,0.06885633630884236,0.20046540016784853,-0.1661326009002817,0.1413366903181501,-0.014305333028152845,0.24700541695277245,0.26798657206072996,0.10128175783932214,0.1745250629434647,0.070382238498512,-0.1203555352101926,-0.06504158083466827,-0.03032730601968403
1778210883572182444,1778210883582229954,0.11692225528343592,0.070382238498512,0.20046540016784853,-0.1661326009002817,0.14209964141298492,-0.014305333028152845,0.24700541695277245,0.2668421454184777,0.10280766002899178,0.1745250629434647,0.07114518959334681,-0.11730373083085333,-0.06389715419241604,-0.029182879377431803
1778210883594473953,1778210883602249868,0.11692225528343592,0.07228961623559904,0.20046540016784853,-0.1661326009002817,0.14248111696040233,-0.013923857480735435,0.24700541695277245,0.2656977187762255,0.10471503776607882,0.1745250629434647,0.07267109178301645,-0.11310749980926182,-0.06313420309758122,-0.026894026092927348
1778210883612459693,1778210883622172365,0.11692225528343592,0.07305256733043386,0.20046540016784853,-0.1657511253528643,0.14248111696040233,-0.013923857480735435,0.24700541695277245,0.2653162432288081,0.10509651331349623,0.1749065384908821,0.0745784695201035,-0.11120012207217478,-0.06275272755016381,-0.02574959945067512
1778210883635709651,1778210883642133185,0.11730373083085333,0.07343404287785127,0.20046540016784853,-0.1657511253528643,0.14248111696040233,-0.013923857480735435,0.24700541695277245,0.2653162432288081,0.10585946440833105,0.1749065384908821,0.07724879835202536,-0.10852979324025291,-0.06198977645532899,-0.02536812390325771
1778210883656649257,1778210883662196693,0.11844815747310555,0.07419699397268609,0.20046540016784853,-0.1661326009002817,0.14248111696040233,-0.013923857480735435,0.24738689250018986,0.2653162432288081,0.10585946440833105,0.1749065384908821,0.07953765163652982,-0.10624093995574846,-0.06008239871824195,-0.024223697261005483
1778210883677401974,1778210883682143243,0.11921110856794037,0.07610437170977313,0.20046540016784853,-0.1661326009002817,0.14248111696040233,-0.013923857480735435,0.24738689250018986,0.2649347676813907,0.10662241550316587,0.1749065384908821,0.08182650492103427,-0.103952086671244,-0.05893797207598972,-0.023460746166170665
1778210883697536625,1778210883702166567,0.11959258411535778,0.07801174944686018,0.20046540016784853,-0.1665140764476991,0.14248111696040233,-0.013923857480735435,0.24776836804760727,0.2626459143968862,0.1081483176928355,0.1749065384908821,0.08411535820553873,-0.10204470893415696,-0.05931944762340713,-0.023079270618753256
1778210883718051488,1778210883722107179,0.11997405966277519,0.08030060273136463,0.20046540016784853,-0.1665140764476991,0.14248111696040233,-0.014305333028152845,0.24776836804760727,0.26035706111238177,0.10852979324025291,0.1745250629434647,0.08602273594262577,-0.10090028229190473,-0.0581750209811549,-0.022697795071335847
1778210883738140371,1778210883742248971,0.1203555352101926,0.08258945601586909,0.20046540016784853,-0.16880292973220357,0.14286259250781974,-0.013923857480735435,0.24776836804760727,0.26035706111238177,0.10891126878767032,0.1745250629434647,0.08831158922713023,-0.09822995345998287,-0.057030594338902674,-0.022697795071335847
1778210883752326323,1778210883762164250,0.12073701075761001,0.08411535820553873,0.20046540016784853,-0.16956588082703838,0.14286259250781974,-0.013923857480735435,0.24776836804760727,0.25997558556496436,0.10891126878767032,0.1749065384908821,0.08869306477454764,-0.09632257572289582,-0.056649118791485265,-0.02193484397650103
1778210883774895746,1778210883782327425,0.12111848630502742,0.08525978484779095,0.20046540016784853,-0.17299916075379507,0.14286259250781974,-0.013923857480735435,0.24776836804760727,0.2565423056382077,0.10967421988250514,0.1749065384908821,0.09060044251163468,-0.09479667353322618,-0.056649118791485265,-0.02193484397650103
1778210883794719514,1778210883802203958,0.12149996185244483,0.08640421149004318,0.20046540016784853,-0.1745250629434647,0.14324406805523715,-0.014305333028152845,0.24967574578469431,0.2534905012588684,0.11005569542992255,0.1745250629434647,0.0913633936064695,-0.09250782024872173,-0.056649118791485265,-0.02193484397650103
1778210883812656917,1778210883822153855,0.12149996185244483,0.08793011367971282,0.20046540016784853,-0.17719539177538657,0.14362554360265456,-0.014305333028152845,0.25082017242694654,0.25158312352178136,0.11158159761959219,0.1745250629434647,0.09212634470130432,-0.09174486915388691,-0.056649118791485265,-0.02193484397650103
1778210883835923375,1778210883842118929,0.12188143739986224,0.08907454032196505,0.20046540016784853,-0.1787212939650562,0.14438849469748938,-0.014305333028152845,0.25082017242694654,0.2492942702372769,0.11272602426184442,0.1745250629434647,0.09403372243839137,-0.0913633936064695,-0.056649118791485265,-0.02155336842908362
1778210883856637063,1778210883862185784,0.12188143739986224,0.08907454032196505,0.20046540016784853,-0.18062867170214325,0.14629587243457642,-0.013923857480735435,0.25043869687952913,0.24814984359502468,0.11310749980926182,0.1749065384908821,0.09479667353322618,-0.09098191805905209,-0.056649118791485265,-0.020027466239413982
1778210883877455978,1778210883882176869,0.12188143739986224,0.08907454032196505,0.20046540016784853,-0.18139162279697807,0.14667734798199383,-0.013923857480735435,0.25082017242694654,0.24776836804760727,0.11348897535667923,0.1749065384908821,0.09632257572289582,-0.09098191805905209,-0.056649118791485265,-0.018883039597161755
1778210883897901468,1778210883902321088,0.12149996185244483,0.08907454032196505,0.20046540016784853,-0.18329900053406512,0.14667734798199383,-0.013923857480735435,0.25043869687952913,0.24776836804760727,0.11425192645151405,0.1749065384908821,0.09708552681773064,-0.09098191805905209,-0.057030594338902674,-0.018120088502326936
1778210883918504315,1778210883922178972,0.12149996185244483,0.08907454032196505,0.20046540016784853,-0.18482490272373475,0.14667734798199383,-0.013923857480735435,0.2500572213321117,0.24776836804760727,0.11654077973601851,0.1749065384908821,0.09708552681773064,-0.09098191805905209,-0.05741206988632008,-0.017738612954909527
1778210883939591154,1778210883942116345,0.12149996185244483,0.08907454032196505,0.20046540016784853,-0.18558785381856957,0.14629587243457642,-0.013923857480735435,0.24967574578469431,0.24776836804760727,0.11654077973601851,0.1745250629434647,0.09708552681773064,-0.09098191805905209,-0.05779354543373749,-0.017738612954909527
1778210883959402547,1778210883962323534,0.12111848630502742,0.08907454032196505,0.20046540016784853,-0.1863508049134044,0.14667734798199383,-0.013923857480735435,0.2492942702372769,0.24776836804760727,0.11654077973601851,0.1741435873960473,0.09708552681773064,-0.09098191805905209,-0.05893797207598972,-0.017738612954909527
1778210883979987715,1778210883982111927,0.12111848630502742,0.08907454032196505,0.20046540016784853,-0.1867322804608218,0.14667734798199383,-0.013923857480735435,0.24738689250018986,0.24776836804760727,0.11692225528343592,0.17376211184862989,0.09708552681773064,-0.09098191805905209,-0.05970092317082454,-0.017357137407492118
1778210883992120572,1778210884002198604,0.12073701075761001,0.08907454032196505,0.20046540016784853,-0.1867322804608218,0.14667734798199383,-0.013923857480735435,0.24662394140535504,0.24776836804760727,0.11692225528343592,0.17338063630121248,0.09670405127031323,-0.09098191805905209,-0.05970092317082454,-0.01697566186007471
1778210884015890484,1778210884022127019,0.11921110856794037,0.08907454032196505,0.20084687571526594,-0.18749523155565662,0.14667734798199383,-0.013923857480735435,0.24700541695277245,0.24776836804760727,0.11730373083085333,0.17147325856412543,0.09708552681773064,-0.09098191805905209,-0.06008239871824195,-0.01621271076523989
1778210884036176037,1778210884042114939,0.11844815747310555,0.08907454032196505,0.20084687571526594,-0.18749523155565662,0.14705882352941124,-0.013923857480735435,0.24662394140535504,0.24776836804760727,0.11844815747310555,0.1703288319218732,0.09708552681773064,-0.09098191805905209,-0.061226825360494175,-0.015449759670405072
1778210884056675090,1778210884062082745,0.11692225528343592,0.08907454032196505,0.20084687571526594,-0.18749523155565662,0.14705882352941124,-0.013923857480735435,0.24662394140535504,0.24738689250018986,0.12073701075761001,0.16918440527962098,0.09708552681773064,-0.09098191805905209,-0.06580453192950309,-0.015068284122987663
1778210884077855898,1778210884082109142,0.1161593041886011,0.08907454032196505,0.20084687571526594,-0.18749523155565662,0.14744029907682865,-0.013923857480735435,0.24700541695277245,0.24738689250018986,0.12073701075761001,0.16880292973220357,0.09708552681773064,-0.09098191805905209,-0.06885633630884236,-0.015068284122987663
1778210884098888127,1778210884102169334,0.11348897535667923,0.08907454032196505,0.20084687571526594,-0.18749523155565662,0.14744029907682865,-0.013923857480735435,0.24662394140535504,0.24738689250018986,0.12302586404211446,0.16803997863736875,0.09670405127031323,-0.09098191805905209,-0.07228961623559904,-0.015068284122987663
1778210884118591641,1778210884122121750,0.11272602426184442,0.08907454032196505,0.20084687571526594,-0.18787670710307403,0.14820325017166347,-0.013923857480735435,0.24700541695277245,0.24738689250018986,0.12417029068436669,0.1661326009002817,0.09670405127031323,-0.09098191805905209,-0.0745784695201035,-0.015068284122987663
1778210884139650219,1778210884142119299,0.11043717097733996,0.08869306477454764,0.20084687571526594,-0.18749523155565662,0.15011062790875052,-0.013923857480735435,0.24738689250018986,0.2454795147631028,0.12417029068436669,0.16536964980544688,0.09670405127031323,-0.09098191805905209,-0.07648584725719054,-0.015068284122987663
1778210884160347951,1778210884162163419,0.10852979324025291,0.08869306477454764,0.20084687571526594,-0.18749523155565662,0.15049210345616792,-0.013923857480735435,0.24700541695277245,0.24357213702601577,0.1245517662317841,0.16308079652094243,0.09670405127031323,-0.09098191805905209,-0.07801174944686018,-0.015068284122987663
1778210884175123139,1778210884182178566,0.10738536659800069,0.08869306477454764,0.20122835126268335,-0.18749523155565662,0.15049210345616792,-0.013923857480735435,0.24738689250018986,0.24242771038376354,0.1245517662317841,0.16269932097352502,0.09670405127031323,-0.09098191805905209,-0.07953765163652982,-0.015068284122987663
1778210884195357200,1778210884202192371,0.1035706111238266,0.08869306477454764,0.20237277790493557,-0.18787670710307403,0.15163653009842015,-0.013923857480735435,0.24700541695277245,0.2405203326466765,0.12493324177920151,0.16002899214160315,0.09670405127031323,-0.09098191805905209,-0.07953765163652982,-0.015068284122987663
1778210884215800972,1778210884222159335,0.10128175783932214,0.08869306477454764,0.2035172045471878,-0.18787670710307403,0.15621423666742906,-0.013923857480735435,0.24738689250018986,0.23975738155184168,0.12493324177920151,0.15926604104676834,0.09670405127031323,-0.0913633936064695,-0.07953765163652982,-0.015068284122987663
1778210884236800120,1778210884242144998,0.09861142900740028,0.08831158922713023,0.20466163118944003,-0.18825818265049143,0.16384374761577725,-0.013923857480735435,0.24662394140535504,0.24013885709925908,0.12531471732661892,0.1577401388570987,0.09632257572289582,-0.09250782024872173,-0.08144502937361686,-0.015068284122987663
1778210884256642958,1778210884262161096,0.09594110017547841,0.08754863813229541,0.20466163118944003,-0.18863965819790884,0.16842145418478616,-0.013923857480735435,0.24662394140535504,0.24013885709925908,0.12645914396887115,0.15659571221484647,0.09632257572289582,-0.09327077134355655,-0.08373388265812132,-0.015068284122987663
1778210884272616526,1778210884282146814,0.09365224689097396,0.08525978484779095,0.20466163118944003,-0.18825818265049143,0.1707103074692906,-0.013923857480735435,0.24586099031052022,0.24013885709925908,0.12760357061112337,0.15468833447775943,0.09632257572289582,-0.09479667353322618,-0.08411535820553873,-0.015068284122987663
1778210884296775418,1778210884302204079,0.09021896696421727,0.08144502937361686,0.20466163118944003,-0.18825818265049143,0.1741435873960473,-0.013923857480735435,0.2454795147631028,0.2405203326466765,0.12798504615854078,0.1539253833829246,0.09670405127031323,-0.09784847791256546,-0.08602273594262577,-0.015068284122987663
1778210884317101207,1778210884322140468,0.08754863813229541,0.07724879835202536,0.20466163118944003,-0.18825818265049143,0.17681391622796916,-0.013923857480735435,0.24242771038376354,0.24166475928892872,0.12798504615854078,0.15201800564583756,0.09632257572289582,-0.10242618448157437,-0.08602273594262577,-0.015068284122987663
1778210884336971933,1778210884342110695,0.08335240711070391,0.07381551842526868,0.20466163118944003,-0.18825818265049143,0.17948424505989102,-0.013923857480735435,0.2412832837415113,0.24280918593118095,0.12798504615854078,0.15125505455100274,0.09594110017547841,-0.1077668421454181,-0.08602273594262577,-0.015068284122987663
1778210884353165885,1778210884362114064,0.08182650492103427,0.06885633630884236,0.20466163118944003,-0.18787670710307403,0.18139162279697807,-0.013923857480735435,0.23594262607766758,0.24433508812085059,0.12798504615854078,0.1489662012664983,0.09594110017547841,-0.1119630731670096,-0.08564126039520836,-0.015068284122987663
1778210884375087442,1778210884382101268,0.078774700541695,0.06351567864499863,0.20466163118944003,-0.18787670710307403,0.18406195162889993,-0.013923857480735435,0.23403524834058054,0.2450980392156854,0.12798504615854078,0.1489662012664983,0.09517814908064359,-0.11692225528343592,-0.08602273594262577,-0.015068284122987663
1778210884393020807,1778210884402167315,0.07610437170977313,0.06008239871824195,0.20466163118944003,-0.18787670710307403,0.18520637827115216,-0.014305333028152845,0.2321278706034935,0.24776836804760727,0.12798504615854078,0.14629587243457642,0.09441519798580877,-0.1203555352101926,-0.08564126039520836,-0.015449759670405072
1778210884415811175,1778210884422158613,0.07114518959334681,0.056267643244067855,0.20504310673685744,-0.18787670710307403,0.18825818265049143,-0.014305333028152845,0.23098344396124126,0.2485313191424421,0.12798504615854078,0.14286259250781974,0.09365224689097396,-0.12493324177920151,-0.08564126039520836,-0.015449759670405072
1778210884437344438,1778210884442118379,0.0665674830243379,0.051689936675058945,0.2080949111161967,-0.18787670710307403,0.19245441367208294,-0.014305333028152845,0.22907606622415422,0.2489127946898595,0.12798504615854078,0.13981078812848047,0.09250782024872173,-0.1283665217059582,-0.08602273594262577,-0.015449759670405072
1778210884457727620,1778210884462136560,0.061608300907911584,0.04825665674830226,0.21267261768520562,-0.18787670710307403,0.19321736476691775,-0.014305333028152845,0.22716868848706717,0.2489127946898595,0.1283665217059582,0.13523308155947156,0.09098191805905209,-0.13141832608529747,-0.08564126039520836,-0.015068284122987663
1778210884472453390,1778210884482170546,0.05893797207598972,0.047112230106050035,0.2157244220645449,-0.18787670710307403,0.1955062180514222,-0.013923857480735435,0.22716868848706717,0.2492942702372769,0.1283665217059582,0.1329442282749671,0.08907454032196505,-0.13370717936980192,-0.08564126039520836,-0.015449759670405072
1778210884494353240,1778210884502267090,0.05436026550698081,0.04406042572671076,0.21763179980163194,-0.18787670710307403,0.19741359578850926,-0.014305333028152845,0.22640573739223235,0.25120164797436395,0.1287479972533756,0.12798504615854078,0.08678568703746059,-0.13599603265430638,-0.08564126039520836,-0.01583123521782248
1778210884512948414,1778210884522326103,0.05016403448538931,0.042534523537041125,0.219539177538719,-0.18825818265049143,0.20008392462043112,-0.014305333028152845,0.2244983596551453,0.2523460746166162,0.1287479972533756,0.12378881513694928,0.08487830930037354,-0.13828488593881083,-0.08602273594262577,-0.01583123521782248
1778210884535477812,1778210884542264021,0.0455863279163804,0.0413900968947889,0.22220950637064085,-0.18825818265049143,0.20275425345235298,-0.014305333028152845,0.22182803082322344,0.2538719768062858,0.12951094834821042,0.12073701075761001,0.08144502937361686,-0.14057373922331529,-0.08564126039520836,-0.01583123521782248
1778210884556416798,1778210884562119809,0.042915999084458534,0.04100862134737149,0.2244983596551453,-0.18825818265049143,0.2031357289997704,-0.013923857480735435,0.2199206530861364,0.2573052567330425,0.13103685053788006,0.11806668192568814,0.07839322499427759,-0.14209964141298492,-0.08525978484779095,-0.01583123521782248
1778210884577075639,1778210884582200444,0.037956816968032214,0.03910124361028444,0.22564278629739754,-0.18825818265049143,0.2031357289997704,-0.014305333028152845,0.219539177538719,0.2618829633020514,0.13103685053788006,0.11539635309376628,0.07610437170977313,-0.14438849469748938,-0.08564126039520836,-0.01583123521782248
1778210884592689573,1778210884602194478,0.03490501258869294,0.03681239032577999,0.22640573739223235,-0.18825818265049143,0.2035172045471878,-0.014305333028152845,0.21801327534904935,0.26417181658655586,0.13103685053788006,0.11425192645151405,0.0745784695201035,-0.14591439688715901,-0.08449683375295614,-0.015449759670405072
1778210884612355584,1778210884622168403,0.032234683756771076,0.03452353704127553,0.22755016403448458,-0.18825818265049143,0.2031357289997704,-0.014305333028152845,0.21419851987487526,0.2649347676813907,0.13103685053788006,0.11005569542992255,0.07267109178301645,-0.14705882352941124,-0.08373388265812132,-0.01583123521782248
1778210884632676640,1778210884642168213,0.026894026092927348,0.032234683756771076,0.2286945906767368,-0.18825818265049143,0.2031357289997704,-0.014305333028152845,0.2122911421377882,0.2649347676813907,0.13141832608529747,0.10738536659800069,0.070382238498512,-0.1493476768139157,-0.08449683375295614,-0.01583123521782248
1778210884659151251,1778210884662114131,0.02117189288166621,0.028801403830014394,0.22945754177157163,-0.18825818265049143,0.2080949111161967,-0.014305333028152845,0.2119096665903708,0.2653162432288081,0.13141832608529747,0.1035706111238266,0.06885633630884236,-0.15239948119325497,-0.08373388265812132,-0.01621271076523989
1778210884672816236,1778210884682318835,0.018501564049744346,0.02651255054550994,0.23022049286640645,-0.18825818265049143,0.21457999542229267,-0.014305333028152845,0.2122911421377882,0.2664606698710603,0.13141832608529747,0.10242618448157437,0.06771190966659013,-0.15468833447775943,-0.0829709315632865,-0.01583123521782248
1778210884695833290,1778210884702173165,0.012779430838483208,0.023460746166170665,0.23022049286640645,-0.18863965819790884,0.2241168841077279,-0.014305333028152845,0.2122911421377882,0.2695124742503996,0.13141832608529747,0.10166323338673955,0.06580453192950309,-0.15888456549935093,-0.0829709315632865,-0.01583123521782248
1778210884716470443,1778210884722101074,0.008964675364309116,0.02040894178683139,0.23022049286640645,-0.18863965819790884,0.23022049286640645,-0.014305333028152845,0.2115281910429534,0.27218280308232146,0.13141832608529747,0.10051880674448732,0.06389715419241604,-0.16269932097352502,-0.08449683375295614,-0.01621271076523989
1778210884736971867,1778210884742148724,0.0024795910582131597,0.018501564049744346,0.23022049286640645,-0.18863965819790884,0.2370870527199198,-0.014305333028152845,0.2119096665903708,0.2737087052719911,0.13141832608529747,0.0993743801022351,0.06275272755016381,-0.16727702754253393,-0.08602273594262577,-0.01621271076523989
1778210884757638962,1778210884762123629,-0.0020981155107957505,0.015068284122987663,0.23022049286640645,-0.18902113374532625,0.24166475928892872,-0.014686808575570254,0.2115281910429534,0.2737087052719911,0.13141832608529747,0.09784847791256546,0.06198977645532899,-0.17223620965896025,-0.08564126039520836,-0.01583123521782248
1778210884777980356,1778210884782142162,-0.006675822079804661,0.010872053101396162,0.23022049286640645,-0.18902113374532625,0.244716563668268,-0.015068284122987663,0.2115281910429534,0.2737087052719911,0.13141832608529747,0.09632257572289582,0.061226825360494175,-0.17719539177538657,-0.08564126039520836,-0.01621271076523989
1778210884798664830,1778210884802123118,-0.013160906385900617,0.006294346532387252,0.23022049286640645,-0.18902113374532625,0.24814984359502468,-0.015449759670405072,0.2077134355687793,0.2737087052719911,0.13141832608529747,0.095559624628061,0.060463874265659356,-0.18177309834439548,-0.08449683375295614,-0.017357137407492118
1778210884819142507,1778210884822163380,-0.018501564049744346,0.0017166399633783413,0.23022049286640645,-0.18902113374532625,0.24776836804760727,-0.01621271076523989,0.20160982681010076,0.2733272297245737,0.13141832608529747,0.09365224689097396,0.06008239871824195,-0.1867322804608218,-0.08182650492103427,-0.018883039597161755
1778210884839971366,1778210884842115085,-0.023460746166170665,-0.0036240177004653873,0.23022049286640645,-0.18902113374532625,0.24776836804760727,-0.01697566186007471,0.1993209735255963,0.2737087052719911,0.13141832608529747,0.09365224689097396,0.06008239871824195,-0.19169146257724812,-0.08182650492103427,-0.018883039597161755
1778210884860991957,1778210884862102314,-0.029182879377431803,-0.009346150911726525,0.23022049286640645,-0.18863965819790884,0.24776836804760727,-0.017357137407492118,0.19626916914625703,0.2748531319142433,0.13141832608529747,0.09327077134355655,0.06008239871824195,-0.19741359578851103,-0.08258945601586909,-0.019264515144579164
1778210884881727984,1778210884882273425,-0.03490501258869294,-0.015449759670405072,0.23022049286640645,-0.18825818265049143,0.24776836804760727,-0.017738612954909527,0.1951247425040048,0.2771419851987478,0.13141832608529747,0.09327077134355655,0.060463874265659356,-0.2046616311894418,-0.08144502937361686,-0.019264515144579164
1778210884891950052,1778210884902212280,-0.03681239032577999,-0.018120088502326936,0.23022049286640645,-0.18825818265049143,0.24776836804760727,-0.017738612954909527,0.19398031586175257,0.2786678873884174,0.13141832608529747,0.09327077134355655,0.060463874265659356,-0.2080949111161985,-0.08106355382619945,-0.019264515144579164
1778210884913144102,1778210884922168950,-0.04062714579995408,-0.023460746166170665,0.23022049286640645,-0.18787670710307403,0.24776836804760727,-0.017738612954909527,0.19359884031433516,0.2832455939574263,0.13141832608529747,0.09327077134355655,0.060463874265659356,-0.21610589761196408,-0.08220798046845168,-0.019264515144579164
1778210884933057401,1778210884942126425,-0.046349279011215216,-0.02613107499809253,0.23022049286640645,-0.18787670710307403,0.24776836804760727,-0.017738612954909527,0.19321736476691775,0.2870603494316004,0.13141832608529747,0.09327077134355655,0.06008239871824195,-0.22411688410772967,-0.08144502937361686,-0.019645990691996573
1778210884954445642,1778210884962166238,-0.051308461127641536,-0.02994583047226662,0.23022049286640645,-0.18787670710307403,0.24776836804760727,-0.017738612954909527,0.19245441367208294,0.2897306782635223,0.13141832608529747,0.09212634470130432,0.06008239871824195,-0.23212787060349527,-0.08030060273136463,-0.019645990691996573
1778210884974043847,1778210884982242338,-0.05512321660181563,-0.03185320820935367,0.22983901731898904,-0.18787670710307403,0.24776836804760727,-0.017738612954909527,0.19207293812466553,0.2916380560006093,0.13179980163271487,0.09098191805905209,0.05970092317082454,-0.23937590600442604,-0.07839322499427759,-0.019264515144579164
1778210884995192949,1778210885002127931,-0.05893797207598972,-0.03490501258869294,0.22983901731898904,-0.18787670710307403,0.24776836804760727,-0.017738612954909527,0.18978408484016107,0.29316395819027896,0.13179980163271487,0.08983749141679986,0.05970092317082454,-0.2454795147631046,-0.07801174944686018,-0.019645990691996573
1778210885015630654,1778210885022129939,-0.06351567864499863,-0.037193865873197396,0.22983901731898904,-0.18787670710307403,0.24738689250018986,-0.018120088502326936,0.18749523155565662,0.295071335927366,0.1325627527275497,0.08831158922713023,0.05931944762340713,-0.2508201724269483,-0.07801174944686018,-0.020027466239413982
1778210885034731430,1778210885042111288,-0.06809338521400754,-0.03871976806286703,0.22983901731898904,-0.18787670710307403,0.24776836804760727,-0.018120088502326936,0.18558785381856957,0.2958342870222008,0.13447013046463674,0.08678568703746059,0.05931944762340713,-0.254253452353705,-0.07724879835202536,-0.0207904173342488
1778210885057653138,1778210885062138615,-0.07152666514076422,-0.042534523537041125,0.22983901731898904,-0.18787670710307403,0.24738689250018986,-0.018501564049744346,0.18329900053406512,0.29736018921187046,0.13561455710688897,0.08525978484779095,0.05893797207598972,-0.2592126344701313,-0.07686732280460795,-0.02117189288166621
1778210885072506465,1778210885082176217,-0.07343404287785127,-0.04444190127412817,0.227931639581902,-0.18787670710307403,0.24738689250018986,-0.018501564049744346,0.1821545738918129,0.29774166475928787,0.13599603265430638,0.08411535820553873,0.0581750209811549,-0.2618829633020532,-0.07572289616235572,-0.022316319523918438
1778210885095204700,1778210885102190365,-0.07648584725719054,-0.04787518120088485,0.22487983520256272,-0.18787670710307403,0.24624246585793763,-0.018883039597161755,0.17948424505989102,0.29774166475928787,0.13904783703364565,0.08220798046845168,0.05741206988632008,-0.26531624322880987,-0.07267109178301645,-0.023842221713588074
1778210885112177903,1778210885122117946,-0.07839322499427759,-0.05054551003280672,0.22182803082322344,-0.18825818265049143,0.2454795147631028,-0.018883039597161755,0.1783398184176388,0.2985046158541227,0.13981078812848047,0.08106355382619945,0.05741206988632008,-0.2676050965133143,-0.0707637140459294,-0.023842221713588074
1778210885135455385,1778210885142117224,-0.08144502937361686,-0.05436026550698081,0.219539177538719,-0.18825818265049143,0.24395361257343318,-0.018883039597161755,0.1779583428702214,0.3019378957808794,0.1413366903181501,0.07991912718394723,0.057030594338902674,-0.271038376440071,-0.06771190966659013,-0.023842221713588074
1778210885156650522,1778210885162115486,-0.08449683375295614,-0.05970092317082454,0.21686884870679712,-0.18825818265049143,0.24395361257343318,-0.018883039597161755,0.17719539177538657,0.30537117570763606,0.14286259250781974,0.07953765163652982,0.056267643244067855,-0.2740901808194103,-0.06275272755016381,-0.023842221713588074
1778210885172500184,1778210885182115935,-0.08678568703746059,-0.06313420309758122,0.21496147096971008,-0.18825818265049143,0.24395361257343318,-0.019264515144579164,0.17376211184862989,0.3080415045395579,0.14286259250781974,0.07991912718394723,0.056267643244067855,-0.27676050965133214,-0.060845349813076766,-0.024223697261005483
1778210885201373174,1778210885202065548,-0.08983749141679986,-0.06885633630884236,0.2119096665903708,-0.18825818265049143,0.24395361257343318,-0.019264515144579164,0.16803997863736875,0.3103303578240624,0.14324406805523715,0.0791561760891124,0.055886167696650446,-0.2801937895780888,-0.061226825360494175,-0.024605172808422893
1778210885212788240,1778210885222275391,-0.09021896696421727,-0.07267109178301645,0.21038376440070117,-0.18863965819790884,0.24395361257343318,-0.019645990691996573,0.1665140764476991,0.311856260013732,0.14324406805523715,0.07839322499427759,0.05550469214923304,-0.2832455939574281,-0.05893797207598972,-0.02574959945067512
1778210885234669293,1778210885242154665,-0.09365224689097396,-0.07839322499427759,0.2073319600213619,-0.18902113374532625,0.24357213702601577,-0.019645990691996573,0.1657511253528643,0.3160524910353235,0.14400701915007197,0.07686732280460795,0.05474174105439822,-0.2862973983367674,-0.05779354543373749,-0.026894026092927348
1778210885252179489,1778210885262183391,-0.09594110017547841,-0.08220798046845168,0.2073319600213619,-0.18940260929274366,0.24357213702601577,-0.019645990691996573,0.16346227206835984,0.31834134431982797,0.14667734798199383,0.07648584725719054,0.05436026550698081,-0.2885862516212718,-0.057030594338902674,-0.027275501640344757
1778210885275560303,1778210885282242716,-0.10128175783932214,-0.08754863813229541,0.2073319600213619,-0.1913099870298307,0.24357213702601577,-0.019645990691996573,0.15850308995193352,0.32101167315174983,0.14858472571908088,0.07648584725719054,0.05321583886472858,-0.2916380560006111,-0.05512321660181563,-0.028419928282596985
1778210885296091826,1778210885302172899,-0.10433356221866141,-0.09288929579613914,0.20618753337910967,-0.19245441367208294,0.24357213702601577,-0.019645990691996573,0.15468833447775943,0.32177462424658465,0.15087357900358533,0.07381551842526868,0.051689936675058945,-0.2946898603799504,-0.05474174105439822,-0.03147173266193626
1778210885317043315,1778210885322102460,-0.10624093995574846,-0.09822995345998287,0.20199130235751817,-0.19283588921950034,0.24242771038376354,-0.019645990691996573,0.15011062790875052,0.3229190508888369,0.15087357900358533,0.07343404287785127,0.05054551003280672,-0.29812314030670706,-0.05359731441214599,-0.03414206149385812
1778210885337261967,1778210885342103296,-0.10891126878767032,-0.1035706111238266,0.19665064469367444,-0.19359884031433516,0.24013885709925908,-0.019264515144579164,0.14629587243457642,0.32520790417334133,0.15239948119325497,0.07190814068818163,0.04940108339055449,-0.30155642023346374,-0.052071412222476354,-0.03490501258869294
1778210885353317104,1778210885362167801,-0.10967421988250514,-0.10929274433508773,0.19321736476691775,-0.19550621805142399,0.23899443045700686,-0.019645990691996573,0.14324406805523715,0.32673380636301097,0.15430685893034202,0.07190814068818163,0.04863813229571967,-0.3042267490653856,-0.051308461127641536,-0.03490501258869294
1778210885377685178,1778210885382242571,-0.11387045090409664,-0.11501487754634887,0.18787670710307403,-0.19893949797818067,0.23594262607766758,-0.019645990691996573,0.13866636148622824,0.328641184100098,0.15659571221484647,0.07152666514076422,0.046730754558632626,-0.3091859311818119,-0.0497825589379719,-0.03528648813611035
1778210885398362258,1778210885402131438,-0.11692225528343592,-0.12073701075761001,0.18406195162889993,-0.20122835126268512,0.23556115053025017,-0.019645990691996573,0.13637750820172378,0.33093003738460247,0.15888456549935093,0.07152666514076422,0.0455863279163804,-0.31414511329823824,-0.04406042572671076,-0.037956816968032214
1778210885418757730,1778210885422105492,-0.11997405966277519,-0.12607766842145374,0.18062867170214325,-0.20351720454718958,0.23556115053025017,-0.019645990691996573,0.1325627527275497,0.33360036621652434,0.1615548943312728,0.07152666514076422,0.04406042572671076,-0.3198672465094994,-0.03986419470511926,-0.03986419470511926
1778210885439437920,1778210885442115511,-0.12302586404211446,-0.13027389944304524,0.17719539177538657,-0.2046616311894418,0.23517967498283276,-0.019645990691996573,0.13027389944304524,0.3358892195010288,0.16269932097352502,0.07152666514076422,0.04329747463187594,-0.3248264286259257,-0.037956816968032214,-0.041771572442206306
1778210885460074149,1778210885462117131,-0.12684061951628856,-0.13370717936980192,0.17376211184862989,-0.20733196002136367,0.23517967498283276,-0.019645990691996573,0.1283665217059582,0.33817807278553325,0.1665140764476991,0.07152666514076422,0.042915999084458534,-0.329785610742352,-0.03414206149385812,-0.042534523537041125
1778210885480524063,1778210885482133203,-0.13103685053788006,-0.13599603265430638,0.17261768520637766,-0.20923933775845072,0.23403524834058054,-0.019645990691996573,0.12645914396887115,0.3404669260700377,0.16918440527962098,0.07152666514076422,0.04329747463187594,-0.33436331731136093,-0.029182879377431803,-0.04367895017929335
1778210885501243419,1778210885502107188,-0.13523308155947156,-0.137521934843976,0.17261768520637766,-0.21076523994812035,0.2325093461509109,-0.020027466239413982,0.12188143739986224,0.34161135271228993,0.17223620965896025,0.07152666514076422,0.04329747463187594,-0.33894102388036984,-0.02574959945067512,-0.046349279011215216
1778210885521719757,1778210885522255722,-0.13828488593881083,-0.13828488593881083,0.17185473411154284,-0.21152819104295517,0.2321278706034935,-0.020027466239413982,0.12149996185244483,0.34237430380712475,0.17605096513313434,0.07152666514076422,0.04329747463187594,-0.34390020599679616,-0.02536812390325771,-0.0497825589379719
1778210885532646430,1778210885542207029,-0.13942931258106306,-0.13790341039139342,0.1707103074692906,-0.21190966659037258,0.2321278706034935,-0.020027466239413982,0.12188143739986224,0.34275577935454216,0.17681391622796916,0.07152666514076422,0.04329747463187594,-0.3461890592813006,-0.024986648355840302,-0.05054551003280672
1778210885552806488,1778210885562289776,-0.1409552147707327,-0.13790341039139342,0.16765850308995134,-0.21190966659037258,0.2321278706034935,-0.020027466239413982,0.12149996185244483,0.34237430380712475,0.17719539177538657,0.07152666514076422,0.04367895017929335,-0.3500038147554747,-0.024986648355840302,-0.05321583886472858
1778210885573542592,1778210885582222050,-0.14248111696040233,-0.13790341039139342,0.16498817425802947,-0.21381704432745963,0.2321278706034935,-0.020027466239413982,0.12149996185244483,0.34237430380712475,0.17757686732280398,0.07114518959334681,0.04367895017929335,-0.3534370946822314,-0.023842221713588074,-0.056649118791485265
1778210885593991855,1778210885602183526,-0.1451514457923242,-0.13790341039139342,0.1623178454261076,-0.21534294651712926,0.2321278706034935,-0.02040894178683139,0.12111848630502742,0.34275577935454216,0.17986572060730843,0.070382238498512,0.04367895017929335,-0.3568703746089881,-0.018883039597161755,-0.05779354543373749
1778210885614908891,1778210885622096469,-0.14744029907682865,-0.13790341039139342,0.1615548943312728,-0.21763179980163372,0.23174639505607608,-0.02040894178683139,0.11844815747310555,0.34237430380712475,0.18177309834439548,0.06847486076142495,0.04367895017929335,-0.36030365453574476,-0.014686808575570254,-0.0581750209811549
1778210885635348467,1778210885642125520,-0.15011062790875052,-0.13828488593881083,0.1615548943312728,-0.21839475089646854,0.23136491950865867,-0.020027466239413982,0.1161593041886011,0.34237430380712475,0.18406195162889993,0.06809338521400754,0.04367895017929335,-0.36373693446250144,-0.012779430838483208,-0.05855649652857231
1778210885655762848,1778210885662118780,-0.15201800564583756,-0.13828488593881083,0.16117341878385538,-0.21839475089646854,0.23060196841382385,-0.02040894178683139,0.11387045090409664,0.34237430380712475,0.18482490272373475,0.0661860074769205,0.04367895017929335,-0.3667887388418407,-0.010109102006561344,-0.05931944762340713
1778210885676785640,1778210885682173933,-0.1535439078355072,-0.13904783703364565,0.15964751659418575,-0.21877622644388595,0.2283131151293194,-0.02040894178683139,0.11387045090409664,0.34275577935454216,0.18558785381856957,0.06542305638208568,0.04367895017929335,-0.3694590676737626,-0.007438773174639479,-0.060463874265659356
1778210885697914862,1778210885702198636,-0.15506981002517684,-0.1417181658655675,0.15583276112001165,-0.21915770199130336,0.2283131151293194,-0.02040894178683139,0.11348897535667923,0.34275577935454216,0.18825818265049143,0.0623712520027464,0.04367895017929335,-0.37174792095826703,-0.004386968795300206,-0.060845349813076766
1778210885718456441,1778210885722165182,-0.15621423666742906,-0.14438849469748938,0.15430685893034202,-0.21915770199130336,0.2283131151293194,-0.02040894178683139,0.11081864652475737,0.34275577935454216,0.18978408484016107,0.06008239871824195,0.04367895017929335,-0.3747997253376063,-0.002861066605630569,-0.060845349813076766
1778210885738703331,1778210885742119699,-0.1573586633096813,-0.14782177462424606,0.15125505455100274,-0.21953917753872076,0.227931639581902,-0.0207904173342488,0.10700389105058328,0.34237430380712475,0.19283588921950034,0.05779354543373749,0.04367895017929335,-0.37632562752727594,-0.002861066605630569,-0.061226825360494175
1778210885759521256,1778210885762109479,-0.15850308995193352,-0.15163653009842015,0.1489662012664983,-0.22030212863355558,0.22716868848706717,-0.02155336842908362,0.10433356221866141,0.34275577935454216,0.19359884031433516,0.056267643244067855,0.04367895017929335,-0.378233005264363,-0.0024795910582131597,-0.061226825360494175
1778210885780738234,1778210885782109023,-0.16079194323643797,-0.1573586633096813,0.14744029907682865,-0.22259098191806004,0.22487983520256272,-0.022316319523918438,0.1035706111238266,0.3439002059967944,0.19588769359883962,0.05283436331731117,0.04367895017929335,-0.38052185854886744,-0.0013351644159609322,-0.061226825360494175
1778210885801198143,1778210885802104484,-0.1623178454261076,-0.16269932097352502,0.1451514457923242,-0.22602426184481672,0.2244983596551453,-0.023079270618753256,0.10318913557640919,0.34618905928129884,0.1989394979781789,0.052071412222476354,0.04367895017929335,-0.3820477607385371,0.004386968795300206,-0.061226825360494175
1778210885821651423,1778210885822095150,-0.16460669871061206,-0.16765850308995134,0.14248111696040233,-0.22678721293965154,0.2241168841077279,-0.024223697261005483,0.10128175783932214,0.3496223392080555,0.2031357289997704,0.051689936675058945,0.04329747463187594,-0.3839551384756241,0.009727626459143934,-0.061226825360494175
1778210885841844214,1778210885842405322,-0.16689555199511652,-0.17223620965896025,0.1409552147707327,-0.22869459067673858,0.22297245746547567,-0.02536812390325771,0.09822995345998287,0.3526741435873948,0.20542458228427485,0.05054551003280672,0.04329747463187594,-0.3862439917601286,0.01201647974364839,-0.061226825360494175
1778210885851504727,1778210885862176148,-0.16727702754253393,-0.17338063630121248,0.13981078812848047,-0.229076066224156,0.22068360418097122,-0.02574959945067512,0.09670405127031323,0.353818570229647,0.20695048447394448,0.04825665674830226,0.04329747463187594,-0.3870069428549634,0.01201647974364839,-0.061608300907911584
1778210885872692626,1778210885882354755,-0.16918440527962098,-0.17757686732280398,0.137521934843976,-0.2298390173189908,0.2203021286335538,-0.028419928282596985,0.09479667353322618,0.353818570229647,0.21038376440070117,0.04596780346379781,0.04329747463187594,-0.38891432059205044,0.01201647974364839,-0.061226825360494175
1778210885898365809,1778210885902175629,-0.17147325856412543,-0.17986572060730843,0.13561455710688897,-0.23022049286640822,0.2203021286335538,-0.03109025711451885,0.09517814908064359,0.353818570229647,0.2115281910429534,0.042915999084458534,0.042915999084458534,-0.3908216983291375,0.01201647974364839,-0.061226825360494175
1778210885919606989,1778210885922117522,-0.17299916075379507,-0.18139162279697807,0.13447013046463674,-0.23022049286640822,0.2203021286335538,-0.03185320820935367,0.09517814908064359,0.353818570229647,0.2122911421377882,0.042915999084458534,0.042915999084458534,-0.3919661249713897,0.01163500419623098,-0.061608300907911584
1778210885935835191,1778210885942220884,-0.1749065384908821,-0.1825360494392303,0.1329442282749671,-0.23060196841382563,0.2199206530861364,-0.03376058594644071,0.09327077134355655,0.353818570229647,0.21381704432745785,0.0413900968947889,0.042534523537041125,-0.39387350270847676,0.011253528648813571,-0.061608300907911584
1778210885942829222,1778210885962150315,-0.1749065384908821,-0.1829175249866477,0.13179980163271487,-0.23250934615091268,0.21763179980163194,-0.03414206149385812,0.09250782024872173,0.353818570229647,0.21457999542229267,0.04062714579995408,0.042153047989623715,-0.39387350270847676,0.011253528648813571,-0.0623712520027464
1778210885973092169,1778210885982196577,-0.17605096513313434,-0.1829175249866477,0.12989242389562783,-0.2332722972457475,0.21686884870679712,-0.03604943923094517,0.09174486915388691,0.353818570229647,0.2161058976119623,0.04100862134737149,0.03871976806286703,-0.3953994048981464,0.011253528648813571,-0.06466010528725086
1778210885995439159,1778210886002184026,-0.17719539177538657,-0.1829175249866477,0.1287479972533756,-0.23441672388799972,0.21496147096971008,-0.03643091477836258,0.0913633936064695,0.353818570229647,0.21839475089646676,0.04100862134737149,0.037575341420614805,-0.3953994048981464,0.01163500419623098,-0.0661860074769205
1778210886013053213,1778210886022190154,-0.17757686732280398,-0.1829175249866477,0.1287479972533756,-0.23517967498283454,0.21343556878004044,-0.03643091477836258,0.0913633936064695,0.353818570229647,0.21839475089646676,0.04100862134737149,0.037193865873197396,-0.3953994048981464,0.012397955291065799,-0.06694895857175531
1778210886035561699,1778210886042136009,-0.17757686732280398,-0.1829175249866477,0.1287479972533756,-0.23670557717250418,0.21343556878004044,-0.03643091477836258,0.0913633936064695,0.353818570229647,0.21877622644388417,0.04100862134737149,0.03566796368352776,-0.3953994048981464,0.012397955291065799,-0.06694895857175531
1778210886056192153,1778210886062138328,-0.17757686732280398,-0.1829175249866477,0.1287479972533756,-0.23823147936217381,0.21267261768520562,-0.03643091477836258,0.09174486915388691,0.353818570229647,0.219539177538719,0.04100862134737149,0.03414206149385812,-0.3953994048981464,0.012779430838483208,-0.06809338521400754
1778210886077072403,1778210886082225778,-0.17757686732280398,-0.18406195162889993,0.1287479972533756,-0.24052033264667827,0.21267261768520562,-0.03604943923094517,0.0913633936064695,0.353818570229647,0.22068360418097122,0.04100862134737149,0.032616159304188486,-0.3953994048981464,0.013160906385900617,-0.06885633630884236
1778210886098038183,1778210886102222636,-0.17719539177538657,-0.18825818265049143,0.1287479972533756,-0.24090180819409568,0.21267261768520562,-0.03604943923094517,0.09174486915388691,0.353818570229647,0.22182803082322344,0.0413900968947889,0.03185320820935367,-0.3953994048981464,0.014686808575570254,-0.06885633630884236
1778210886118111178,1778210886122120754,-0.17681391622796916,-0.1909285114824133,0.1287479972533756,-0.2412832837415131,0.2122911421377882,-0.03604943923094517,0.09174486915388691,0.353818570229647,0.22182803082322344,0.0413900968947889,0.029182879377431803,-0.3953994048981464,0.01583123521782248,-0.06885633630884236
1778210886138806586,1778210886142146186,-0.17643244068055175,-0.19436179140916998,0.1287479972533756,-0.2412832837415131,0.21038376440070117,-0.03604943923094517,0.09212634470130432,0.35458152132448184,0.22182803082322344,0.0413900968947889,0.029182879377431803,-0.3953994048981464,0.01583123521782248,-0.06885633630884236
1778210886159451109,1778210886162111237,-0.17528801403829952,-0.1962691691462588,0.1283665217059582,-0.2412832837415131,0.21000228885328376,-0.03604943923094517,0.09212634470130432,0.3564888990615689,0.22182803082322344,0.0413900968947889,0.028038452735179575,-0.3953994048981464,0.01621271076523989,-0.06885633630884236
1778210886180043854,1778210886182174845,-0.1741435873960473,-0.19817654688334585,0.12722209506370596,-0.2412832837415131,0.20962081330586635,-0.03604943923094517,0.09212634470130432,0.35954070344090816,0.22182803082322344,0.0413900968947889,0.026894026092927348,-0.3953994048981464,0.01621271076523989,-0.06885633630884236
1778210886192581289,1778210886202206644,-0.17376211184862989,-0.19893949797818067,0.12531471732661892,-0.2412832837415131,0.20962081330586635,-0.03604943923094517,0.09212634470130432,0.3606851300831604,0.22182803082322344,0.0413900968947889,0.02613107499809253,-0.3953994048981464,0.0165941863126573,-0.06885633630884236
1778210886215946623,1778210886222186649,-0.17147325856412543,-0.19893949797818067,0.12302586404211446,-0.2412832837415131,0.20962081330586635,-0.03604943923094517,0.09212634470130432,0.36259250782024743,0.22182803082322344,0.0413900968947889,0.023842221713588074,-0.3953994048981464,0.01621271076523989,-0.06885633630884236
1778210886236646235,1778210886242240619,-0.17109178301670802,-0.19893949797818067,0.12188143739986224,-0.2412832837415131,0.20962081330586635,-0.03604943923094517,0.09212634470130432,0.3644998855573345,0.22182803082322344,0.04100862134737149,0.023842221713588074,-0.3953994048981464,0.01621271076523989,-0.06885633630884236
1778210886257902295,1778210886262184994,-0.17109178301670802,-0.19893949797818067,0.12226291294727964,-0.2412832837415131,0.20962081330586635,-0.03604943923094517,0.09212634470130432,0.3656443121995867,0.22182803082322344,0.04100862134737149,0.023460746166170665,-0.3953994048981464,0.01583123521782248,-0.06885633630884236
1778210886278357175,1778210886282168819,-0.17109178301670802,-0.19855802243076326,0.12188143739986224,-0.2412832837415131,0.20962081330586635,-0.03604943923094517,0.09212634470130432,0.3660257877470041,0.22182803082322344,0.04100862134737149,0.023079270618753256,-0.3953994048981464,0.01583123521782248,-0.06847486076142495
1778210886293107215,1778210886302101196,-0.1707103074692906,-0.19855802243076326,0.12188143739986224,-0.2412832837415131,0.20962081330586635,-0.03604943923094517,0.09212634470130432,0.3660257877470041,0.22182803082322344,0.04100862134737149,0.022316319523918438,-0.3953994048981464,0.01583123521782248,-0.06885633630884236
1778210886312388849,1778210886322310204,-0.1699473563744558,-0.19855802243076326,0.12188143739986224,-0.2416647592889305,0.20962081330586635,-0.03604943923094517,0.09250782024872173,0.3660257877470041,0.22182803082322344,0.04100862134737149,0.02117189288166621,-0.3953994048981464,0.015068284122987663,-0.06885633630884236
1778210886334121909,1778210886342199156,-0.16918440527962098,-0.19855802243076326,0.12111848630502742,-0.2412832837415131,0.20962081330586635,-0.03566796368352776,0.09250782024872173,0.3660257877470041,0.22182803082322344,0.04100862134737149,0.02117189288166621,-0.3953994048981464,0.013923857480735435,-0.06885633630884236
1778210886352679730,1778210886362135571,-0.16842145418478616,-0.19855802243076326,0.11921110856794037,-0.2412832837415131,0.20962081330586635,-0.03566796368352776,0.09288929579613914,0.3660257877470041,0.22182803082322344,0.04100862134737149,0.02117189288166621,-0.3953994048981464,0.012779430838483208,-0.06885633630884236
1778210886375439987,1778210886382171119,-0.1665140764476991,-0.19855802243076326,0.11806668192568814,-0.2412832837415131,0.20962081330586635,-0.03566796368352776,0.09327077134355655,0.3660257877470041,0.22144655527580603,0.0413900968947889,0.02117189288166621,-0.3953994048981464,0.011253528648813571,-0.06885633630884236
1778210886396472192,1778210886402131117,-0.1661326009002817,-0.19855802243076326,0.11730373083085333,-0.24090180819409568,0.20962081330586635,-0.03566796368352776,0.09670405127031323,0.3660257877470041,0.22144655527580603,0.0413900968947889,0.02117189288166621,-0.3953994048981464,0.006675822079804661,-0.06885633630884236
1778210886417314125,1778210886422118775,-0.1661326009002817,-0.19855802243076326,0.11692225528343592,-0.24090180819409568,0.20962081330586635,-0.03566796368352776,0.09822995345998287,0.3656443121995867,0.22106507972838862,0.0413900968947889,0.02117189288166621,-0.3953994048981464,0.0040054932478827965,-0.06885633630884236
1778210886437793868,1778210886442316882,-0.1657511253528643,-0.19855802243076326,0.11654077973601851,-0.24052033264667827,0.20962081330586635,-0.03566796368352776,0.10051880674448732,0.3656443121995867,0.22106507972838862,0.0413900968947889,0.02117189288166621,-0.3953994048981464,-0.0005722133211261138,-0.06885633630884236
1778210886458147405,1778210886462134418,-0.16498817425802947,-0.19855802243076326,0.11654077973601851,-0.24052033264667827,0.20962081330586635,-0.03566796368352776,0.10090028229190473,0.3656443121995867,0.22106507972838862,0.0413900968947889,0.02117189288166621,-0.3953994048981464,-0.007820248722056888,-0.06885633630884236
1778210886472881218,1778210886482314737,-0.16384374761577725,-0.19855802243076326,0.1161593041886011,-0.24052033264667827,0.20962081330586635,-0.03490501258869294,0.1035706111238266,0.3656443121995867,0.22106507972838862,0.04100862134737149,0.02117189288166621,-0.3953994048981464,-0.010490577553978753,-0.06923781185625977
1778210886493574210,1778210886502266733,-0.16346227206835984,-0.19855802243076326,0.11501487754634887,-0.24052033264667827,0.20962081330586635,-0.03414206149385812,0.10624093995574846,0.3656443121995867,0.22068360418097122,0.04100862134737149,0.02117189288166621,-0.3953994048981464,-0.010872053101396162,-0.07000076295109459
1778210886512235487,1778210886522596104,-0.16308079652094243,-0.19855802243076326,0.11348897535667923,-0.24013885709926086,0.20962081330586635,-0.03376058594644071,0.10738536659800069,0.3656443121995867,0.22068360418097122,0.04100862134737149,0.02117189288166621,-0.3953994048981464,-0.010872053101396162,-0.07228961623559904
1778210886535356497,1778210886542189112,-0.16041046768902056,-0.19741359578851103,0.112344548714427,-0.24013885709926086,0.20962081330586635,-0.032997634851605895,0.1077668421454181,0.3656443121995867,0.21915770199130158,0.0413900968947889,0.02117189288166621,-0.3953994048981464,-0.012397955291065799,-0.0745784695201035
1778210886552568610,1778210886562152385,-0.16002899214160315,-0.1966506446936762,0.11120012207217478,-0.24013885709926086,0.20962081330586635,-0.032616159304188486,0.1081483176928355,0.3652628366521693,0.21763179980163194,0.0413900968947889,0.02117189288166621,-0.3953994048981464,-0.01583123521782248,-0.07763027389944277
1778210886575471791,1778210886582249989,-0.1573586633096813,-0.19550621805142399,0.11081864652475737,-0.23975738155184345,0.20962081330586635,-0.03147173266193626,0.11081864652475737,0.36373693446249966,0.21725032425421453,0.0413900968947889,0.02117189288166621,-0.3953994048981464,-0.018883039597161755,-0.07991912718394723
1778210886596592812,1778210886602115813,-0.15506981002517684,-0.19359884031433516,0.11081864652475737,-0.2378500038147564,0.20962081330586635,-0.03070878156710144,0.11501487754634887,0.36335545891508225,0.21686884870679712,0.041771572442206306,0.02117189288166621,-0.3953994048981464,-0.019264515144579164,-0.08220798046845168
1778210886616288188,1778210886622130369,-0.15430685893034202,-0.19169146257724812,0.11081864652475737,-0.2370870527199216,0.20962081330586635,-0.03032730601968403,0.11463340199893146,0.3614480811779952,0.21648737315937971,0.041771572442206306,0.02117189288166621,-0.395017929350729,-0.019645990691996573,-0.08373388265812132
1778210886637625047,1778210886642168828,-0.15201800564583756,-0.18940260929274366,0.11081864652475737,-0.2370870527199216,0.20962081330586635,-0.03032730601968403,0.11463340199893146,0.35915922789349075,0.21381704432745785,0.042915999084458534,0.02117189288166621,-0.395017929350729,-0.019645990691996573,-0.08487830930037354
1778210886657352132,1778210886662154200,-0.1493476768139157,-0.18787670710307403,0.11081864652475737,-0.23670557717250418,0.20962081330586635,-0.03032730601968403,0.11463340199893146,0.3580148012512385,0.21343556878004044,0.04444190127412817,0.02155336842908362,-0.395017929350729,-0.019264515144579164,-0.08640421149004318
1778210886678473958,1778210886682151622,-0.14820325017166347,-0.18520637827115216,0.11081864652475737,-0.23632410162508677,0.20962081330586635,-0.03032730601968403,0.11501487754634887,0.3580148012512385,0.21381704432745785,0.04444190127412817,0.02155336842908362,-0.395017929350729,-0.018501564049744346,-0.08678568703746059
1778210886693506561,1778210886702202294,-0.14667734798199383,-0.18406195162889993,0.11081864652475737,-0.23632410162508677,0.20962081330586635,-0.03032730601968403,0.11463340199893146,0.3580148012512385,0.21381704432745785,0.0455863279163804,0.02155336842908362,-0.395017929350729,-0.0165941863126573,-0.08678568703746059
1778210886717354500,1778210886722147779,-0.14400701915007197,-0.18139162279697807,0.11081864652475737,-0.23594262607766936,0.20962081330586635,-0.03032730601968403,0.11463340199893146,0.3572518501564037,0.21381704432745785,0.05016403448538931,0.02155336842908362,-0.395017929350729,-0.014305333028152845,-0.08678568703746059
1778210886737975616,1778210886742129534,-0.14324406805523715,-0.17948424505989102,0.11081864652475737,-0.23556115053025195,0.20923933775844894,-0.03032730601968403,0.11501487754634887,0.3572518501564037,0.21381704432745785,0.051689936675058945,0.02155336842908362,-0.3953994048981464,-0.014305333028152845,-0.087167162584878
1778210886758638678,1778210886762156272,-0.1409552147707327,-0.17757686732280398,0.11081864652475737,-0.23441672388799972,0.20923933775844894,-0.03032730601968403,0.11463340199893146,0.3572518501564037,0.21267261768520562,0.05512321660181563,0.02155336842908362,-0.395017929350729,-0.013542381933318026,-0.087167162584878
1778210886779815173,1778210886782247282,-0.13790341039139342,-0.1749065384908821,0.11081864652475737,-0.2336537727931649,0.20923933775844894,-0.03032730601968403,0.11501487754634887,0.3568703746089863,0.20962081330586635,0.056649118791485265,0.02155336842908362,-0.3953994048981464,-0.013923857480735435,-0.08793011367971282
1778210886800003222,1778210886802136564,-0.13561455710688897,-0.1749065384908821,0.11081864652475737,-0.2332722972457475,0.20923933775844894,-0.03032730601968403,0.11501487754634887,0.35420004577706443,0.20618753337910967,0.06008239871824195,0.02155336842908362,-0.3953994048981464,-0.014305333028152845,-0.08983749141679986
1778210886819754209,1778210886822121747,-0.1333257038223845,-0.1749065384908821,0.11081864652475737,-0.2332722972457475,0.20923933775844894,-0.03032730601968403,0.11501487754634887,0.35076676585030775,0.20122835126268335,0.061608300907911584,0.02155336842908362,-0.3953994048981464,-0.014305333028152845,-0.09212634470130432
1778210886832661893,1778210886842246018,-0.13218127718013228,-0.1749065384908821,0.11081864652475737,-0.23289082169833009,0.20923933775844894,-0.03032730601968403,0.11692225528343592,0.3492408636606381,0.19779507133592666,0.06351567864499863,0.02193484397650103,-0.3953994048981464,-0.013160906385900617,-0.09327077134355655
1778210886855772211,1778210886862229891,-0.1287479972533756,-0.1749065384908821,0.11081864652475737,-0.23289082169833009,0.20885786221103153,-0.03032730601968403,0.11844815747310555,0.34618905928129884,0.19359884031433516,0.06694895857175531,0.02193484397650103,-0.3953994048981464,-0.013923857480735435,-0.09479667353322618
1778210886876807201,1778210886882184859,-0.12569619287403633,-0.1749065384908821,0.11081864652475737,-0.23289082169833009,0.20847638666361412,-0.02994583047226662,0.11921110856794037,0.3450446326390466,0.1905470359349959,0.07152666514076422,0.02193484397650103,-0.3953994048981464,-0.014686808575570254,-0.09517814908064359
1778210886897364852,1778210886902219341,-0.12149996185244483,-0.1749065384908821,0.11081864652475737,-0.23289082169833009,0.20695048447394448,-0.028801403830014394,0.11921110856794037,0.3442816815442118,0.18749523155565662,0.0745784695201035,0.02193484397650103,-0.3953994048981464,-0.0165941863126573,-0.09517814908064359
1778210886918233375,1778210886922222135,-0.11806668192568814,-0.1749065384908821,0.10967421988250514,-0.23212787060349527,0.20580605783169226,-0.028038452735179575,0.11959258411535778,0.34199282825970734,0.1867322804608218,0.07801174944686018,0.022316319523918438,-0.3953994048981464,-0.018883039597161755,-0.09479667353322618
1778210886932926897,1778210886942305773,-0.1161593041886011,-0.1749065384908821,0.10967421988250514,-0.23212787060349527,0.20542458228427485,-0.027656977187762166,0.11959258411535778,0.3393224994277855,0.1867322804608218,0.0791561760891124,0.022316319523918438,-0.3953994048981464,-0.019264515144579164,-0.09479667353322618
1778210886953467515,1778210886962246578,-0.11387045090409664,-0.1749065384908821,0.11005569542992255,-0.23174639505607786,0.20504310673685744,-0.026894026092927348,0.12111848630502742,0.3374151216906984,0.1867322804608218,0.08335240711070391,0.022316319523918438,-0.3953994048981464,-0.017738612954909527,-0.09441519798580877
1778210886972637733,1778210886982217265,-0.11272602426184442,-0.1749065384908821,0.11005569542992255,-0.23174639505607786,0.20199130235751817,-0.02536812390325771,0.12226291294727964,0.3362706950484462,0.1867322804608218,0.08678568703746059,0.022316319523918438,-0.3953994048981464,-0.018501564049744346,-0.09441519798580877
1778210886993029463,1778210887002114206,-0.11043717097733996,-0.1749065384908821,0.11005569542992255,-0.2294575417715734,0.20046540016784853,-0.024223697261005483,0.12188143739986224,0.3362706950484462,0.1863508049134044,0.08945601586938245,0.022316319523918438,-0.3953994048981464,-0.018883039597161755,-0.09441519798580877
1778210887012663206,1778210887022272022,-0.1081483176928355,-0.1749065384908821,0.11005569542992255,-0.22869459067673858,0.19817654688334407,-0.022316319523918438,0.12226291294727964,0.3358892195010288,0.1863508049134044,0.09212634470130432,0.022316319523918438,-0.3953994048981464,-0.018883039597161755,-0.09403372243839137
1778210887036292417,1778210887042199372,-0.10738536659800069,-0.1749065384908821,0.11005569542992255,-0.22831311512932118,0.19817654688334407,-0.02117189288166621,0.12226291294727964,0.335126268406194,0.1863508049134044,0.09479667353322618,0.022697795071335847,-0.3953994048981464,-0.02040894178683139,-0.09327077134355655
1778210887056565184,1778210887062134049,-0.10471503776607882,-0.1749065384908821,0.11005569542992255,-0.22831311512932118,0.19779507133592666,-0.019264515144579164,0.12264438849469705,0.33398184176394174,0.1863508049134044,0.09861142900740028,0.022697795071335847,-0.3953994048981464,-0.02040894178683139,-0.09250782024872173
1778210887077211256,1778210887082157785,-0.103952086671244,-0.1749065384908821,0.11005569542992255,-0.22831311512932118,0.19741359578850926,-0.017738612954909527,0.12264438849469705,0.33360036621652434,0.1863508049134044,0.10013733119706991,0.023460746166170665,-0.3953994048981464,-0.022316319523918438,-0.09098191805905209
1778210887092445993,1778210887102151381,-0.10166323338673955,-0.1749065384908821,0.11005569542992255,-0.22831311512932118,0.1951247425040048,-0.0165941863126573,0.12264438849469705,0.33360036621652434,0.18596932936598698,0.10318913557640919,0.024223697261005483,-0.3953994048981464,-0.02193484397650103,-0.09021896696421727
1778210887112852491,1778210887122194604,-0.10013733119706991,-0.1749065384908821,0.11005569542992255,-0.22831311512932118,0.19436179140916998,-0.015449759670405072,0.12264438849469705,0.33360036621652434,0.18406195162889993,0.10547798886091364,0.024986648355840302,-0.3953994048981464,-0.02193484397650103,-0.08983749141679986
1778210887134032587,1778210887142126971,-0.09708552681773064,-0.1749065384908821,0.11005569542992255,-0.22831311512932118,0.19436179140916998,-0.013923857480735435,0.12264438849469705,0.33360036621652434,0.18368047608148252,0.1081483176928355,0.02536812390325771,-0.3953994048981464,-0.02193484397650103,-0.08983749141679986
1778210887152160651,1778210887162328866,-0.09479667353322618,-0.1749065384908821,0.11005569542992255,-0.22831311512932118,0.19436179140916998,-0.013542381933318026,0.12302586404211446,0.3320744640268547,0.18329900053406512,0.10967421988250514,0.02574959945067512,-0.3953994048981464,-0.02155336842908362,-0.08983749141679986
1778210887175934570,1778210887182430952,-0.08983749141679986,-0.17376211184862989,0.11005569542992255,-0.22869459067673858,0.19436179140916998,-0.013542381933318026,0.12302586404211446,0.3290226596475154,0.1825360494392303,0.11158159761959219,0.027656977187762166,-0.3953994048981464,-0.02193484397650103,-0.08869306477454764
1778210887192262330,1778210887202199118,-0.08525978484779095,-0.17185473411154284,0.11005569542992255,-0.22869459067673858,0.19436179140916998,-0.013542381933318026,0.12378881513694928,0.32597085526817615,0.1821545738918129,0.11387045090409664,0.028419928282596985,-0.3953994048981464,-0.02193484397650103,-0.087167162584878
1778210887213463189,1778210887222248500,-0.08144502937361686,-0.1699473563744558,0.11005569542992255,-0.22869459067673858,0.19436179140916998,-0.013542381933318026,0.12340733958953187,0.3248264286259239,0.17986572060730843,0.11654077973601851,0.029182879377431803,-0.3953994048981464,-0.02193484397650103,-0.087167162584878
1778210887232445955,1778210887242176506,-0.07763027389944277,-0.16880292973220357,0.11005569542992255,-0.22869459067673858,0.19436179140916998,-0.013542381933318026,0.12378881513694928,0.3248264286259239,0.17948424505989102,0.11997405966277519,0.02994583047226662,-0.3953994048981464,-0.02193484397650103,-0.087167162584878
1778210887252733676,1778210887262183421,-0.07228961623559904,-0.16842145418478616,0.11005569542992255,-0.22869459067673858,0.19436179140916998,-0.013542381933318026,0.12340733958953187,0.3248264286259239,0.17910276951247361,0.12264438849469705,0.03032730601968403,-0.3953994048981464,-0.02193484397650103,-0.087167162584878
1778210887275023226,1778210887282159618,-0.06580453192950309,-0.16842145418478616,0.11043717097733996,-0.22869459067673858,0.19436179140916998,-0.013923857480735435,0.12569619287403633,0.3233005264362543,0.17757686732280398,0.12607766842145374,0.03070878156710144,-0.3953994048981464,-0.02193484397650103,-0.087167162584878
1778210887296200303,1778210887302255795,-0.061608300907911584,-0.16842145418478616,0.1119630731670096,-0.22831311512932118,0.19436179140916998,-0.013923857480735435,0.12760357061112337,0.3206301976043324,0.17605096513313434,0.12798504615854078,0.03070878156710144,-0.3953994048981464,-0.02193484397650103,-0.087167162584878
1778210887316791665,1778210887322162714,-0.05741206988632008,-0.16727702754253393,0.11387045090409664,-0.22793163958190377,0.1947432669565874,-0.013923857480735435,0.13065537499046265,0.31681544213015833,0.17566948958571693,0.13141832608529747,0.03109025711451885,-0.3953994048981464,-0.02155336842908362,-0.087167162584878
1778210887337097854,1778210887342222224,-0.05321583886472858,-0.16536964980544688,0.11577782864118369,-0.22793163958190377,0.1947432669565874,-0.013923857480735435,0.13103685053788006,0.31414511329823647,0.17528801403829952,0.13370717936980192,0.03109025711451885,-0.3953994048981464,-0.02155336842908362,-0.087167162584878
1778210887358211879,1778210887362139982,-0.051308461127641536,-0.16117341878385538,0.11844815747310555,-0.22831311512932118,0.1947432669565874,-0.013923857480735435,0.13103685053788006,0.3122377355611494,0.17528801403829952,0.1371404592965586,0.03109025711451885,-0.3953994048981464,-0.02155336842908362,-0.087167162584878
1778210887372999808,1778210887382649918,-0.04901960784313708,-0.15964751659418575,0.1203555352101926,-0.22831311512932118,0.1947432669565874,-0.013542381933318026,0.13141832608529747,0.311856260013732,0.17528801403829952,0.14019226367589788,0.03109025711451885,-0.3953994048981464,-0.018883039597161755,-0.087167162584878
1778210887394197581,1778210887402192681,-0.046349279011215216,-0.15621423666742906,0.12226291294727964,-0.22793163958190377,0.1947432669565874,-0.013160906385900617,0.13447013046463674,0.311856260013732,0.17528801403829952,0.14400701915007197,0.03147173266193626,-0.3953994048981464,-0.017738612954909527,-0.08678568703746059
1778210887412649105,1778210887422238042,-0.04367895017929335,-0.15468833447775943,0.12417029068436669,-0.22793163958190377,0.1947432669565874,-0.013542381933318026,0.13561455710688897,0.3107118333714798,0.1749065384908821,0.14705882352941124,0.03147173266193626,-0.3953994048981464,-0.018120088502326936,-0.08678568703746059
1778210887434349131,1778210887442194118,-0.03833829251544962,-0.15278095674067238,0.12417029068436669,-0.22793163958190377,0.1947432669565874,-0.013542381933318026,0.1367589837491412,0.3068970778973057,0.1749065384908821,0.15049210345616792,0.03185320820935367,-0.3953994048981464,-0.018120088502326936,-0.08678568703746059
1778210887455787841,1778210887462140320,-0.03566796368352776,-0.15087357900358533,0.12417029068436669,-0.22793163958190377,0.1947432669565874,-0.013923857480735435,0.137521934843976,0.30460822461280124,0.1749065384908821,0.1531624322880898,0.032616159304188486,-0.3953994048981464,-0.018120088502326936,-0.08678568703746059
1778210887475946766,1778210887482206283,-0.032616159304188486,-0.1493476768139157,0.12417029068436669,-0.2256427862973993,0.1947432669565874,-0.013923857480735435,0.13828488593881083,0.303463797970549,0.1745250629434647,0.15621423666742906,0.033379110399023304,-0.3953994048981464,-0.0165941863126573,-0.08678568703746059
1778210887496503672,1778210887502210173,-0.02994583047226662,-0.14744029907682865,0.12417029068436669,-0.2256427862973993,0.1947432669565874,-0.013923857480735435,0.13828488593881083,0.30155642023346196,0.1745250629434647,0.15926604104676834,0.033379110399023304,-0.3953994048981464,-0.014686808575570254,-0.08678568703746059
1778210887518006280,1778210887522195931,-0.02651255054550994,-0.14438849469748938,0.1245517662317841,-0.22449835965514708,0.1947432669565874,-0.013923857480735435,0.1409552147707327,0.2992675669489575,0.17376211184862989,0.1615548943312728,0.03376058594644071,-0.3953994048981464,-0.013923857480735435,-0.087167162584878
1778210887537977115,1778210887542099519,-0.023460746166170665,-0.14286259250781974,0.12531471732661892,-0.22220950637064263,0.1951247425040048,-0.013923857480735435,0.1413366903181501,0.29621576256961824,0.17299916075379507,0.16384374761577725,0.03376058594644071,-0.3953994048981464,-0.014305333028152845,-0.08678568703746059
1778210887558745364,1778210887562130308,-0.019264515144579164,-0.14057373922331529,0.12531471732661892,-0.2210650797283904,0.1951247425040048,-0.013542381933318026,0.1409552147707327,0.29240100709544414,0.17299916075379507,0.16498817425802947,0.03376058594644071,-0.395017929350729,-0.013160906385900617,-0.08678568703746059
1778210887579569300,1778210887582164751,-0.01583123521782248,-0.13790341039139342,0.12531471732661892,-0.22030212863355558,0.1951247425040048,-0.013542381933318026,0.1409552147707327,0.28934920271610487,0.17299916075379507,0.1665140764476991,0.03376058594644071,-0.3946364538033116,-0.01163500419623098,-0.087167162584878
1778210887600073618,1778210887602143840,-0.013160906385900617,-0.13523308155947156,0.12531471732661892,-0.21801327534905113,0.1947432669565874,-0.013542381933318026,0.14057373922331529,0.2870603494316004,0.17261768520637766,0.16765850308995134,0.03376058594644071,-0.3915846494239723,-0.007820248722056888,-0.087167162584878
1778210887614782530,1778210887622232452,-0.009727626459143934,-0.13447013046463674,0.12645914396887115,-0.2168688487067989,0.1951247425040048,-0.013542381933318026,0.1409552147707327,0.28477149614709596,0.17261768520637766,0.1699473563744558,0.03376058594644071,-0.3881513694972156,-0.006294346532387252,-0.08678568703746059
1778210887635216924,1778210887642126357,-0.005912870984969842,-0.1325627527275497,0.1283665217059582,-0.21229114213779,0.1951247425040048,-0.013542381933318026,0.14019226367589788,0.2824826428625915,0.17261768520637766,0.17147325856412543,0.03376058594644071,-0.3835736629282067,-0.006675822079804661,-0.08678568703746059
1778210887652528453,1778210887662163398,-0.002861066605630569,-0.12989242389562783,0.12989242389562783,-0.21000228885328553,0.1951247425040048,-0.013542381933318026,0.14057373922331529,0.27981231403066964,0.17261768520637766,0.17185473411154284,0.03376058594644071,-0.3786144808117804,-0.006294346532387252,-0.08678568703746059
1778210887662683972,1778210887682221885,-0.000953688868543523,-0.1287479972533756,0.12989242389562783,-0.20962081330586813,0.1951247425040048,-0.013542381933318026,0.14057373922331529,0.278286411841,0.17261768520637766,0.17261768520637766,0.03376058594644071,-0.37594415197985853,-0.005531395437552433,-0.08678568703746059
1778210887693440836,1778210887702188836,0.005912870984969842,-0.1245517662317841,0.13027389944304524,-0.20695048447394626,0.1951247425040048,-0.013542381933318026,0.1409552147707327,0.27218280308232146,0.17261768520637766,0.1749065384908821,0.03452353704127553,-0.3664072632944233,-0.0024795910582131597,-0.08678568703746059
1778210887715174589,1778210887722182787,0.012397955291065799,-0.12188143739986224,0.13218127718013228,-0.20656900892652885,0.1951247425040048,-0.013542381933318026,0.1417181658655675,0.26722362096589514,0.17223620965896025,0.17605096513313434,0.03528648813611035,-0.36030365453574476,0.0005722133211261138,-0.08678568703746059
1778210887736287678,1778210887742119853,0.0165941863126573,-0.11730373083085333,0.1329442282749671,-0.20618753337911144,0.1951247425040048,-0.013542381933318026,0.14362554360265456,0.26379034103913845,0.17223620965896025,0.17719539177538657,0.03566796368352776,-0.3545815213244836,0.004386968795300206,-0.08678568703746059
1778210887756734958,1778210887762138607,0.0207904173342488,-0.11348897535667923,0.13447013046463674,-0.20618753337911144,0.1947432669565874,-0.013160906385900617,0.1455329213397416,0.25921263447012954,0.17223620965896025,0.1783398184176388,0.03643091477836258,-0.34809643701838766,0.009727626459143934,-0.087167162584878
1778210887776787344,1778210887782120596,0.024986648355840302,-0.11043717097733996,0.137521934843976,-0.20542458228427662,0.1947432669565874,-0.01201647974364839,0.1493476768139157,0.25577935454337286,0.17223620965896025,0.18101014724956066,0.037575341420614805,-0.34275577935454393,0.014305333028152845,-0.087167162584878
1778210887797500898,1778210887802176553,0.029564354924849212,-0.10585946440833105,0.13981078812848047,-0.20199130235751994,0.1947432669565874,-0.011253528648813571,0.1493476768139157,0.2534905012588684,0.17147325856412543,0.18406195162889993,0.03910124361028444,-0.3374151216907002,0.01583123521782248,-0.08678568703746059
1778210887818891259,1778210887822106667,0.03490501258869294,-0.10013733119706991,0.14057373922331529,-0.20199130235751994,0.1947432669565874,-0.010872053101396162,0.15087357900358533,0.25082017242694654,0.1707103074692906,0.18787670710307403,0.04024567025253667,-0.3324559395742739,0.01621271076523989,-0.08678568703746059
1778210887838958626,1778210887842103677,0.04024567025253667,-0.09632257572289582,0.14057373922331529,-0.20122835126268512,0.1947432669565874,-0.010490577553978753,0.15278095674067238,0.24776836804760727,0.16842145418478616,0.1909285114824133,0.041771572442206306,-0.32749675745784756,0.01697566186007471,-0.08678568703746059
1778210887859721639,1778210887862149578,0.0455863279163804,-0.0913633936064695,0.14057373922331529,-0.1997024490730155,0.1947432669565874,-0.010872053101396162,0.15468833447775943,0.24395361257343318,0.16727702754253393,0.19398031586175257,0.04406042572671076,-0.32291905088883865,0.018883039597161755,-0.08678568703746059
1778210887880025799,1778210887882086678,0.04940108339055449,-0.08678568703746059,0.14057373922331529,-0.19893949797818067,0.1947432669565874,-0.010872053101396162,0.15659571221484647,0.23975738155184168,0.16498817425802947,0.19703212024109185,0.04596780346379781,-0.31910429541466456,0.02117189288166621,-0.08678568703746059
1778210887900278048,1778210887902134058,0.0539787899595634,-0.08144502937361686,0.14057373922331529,-0.19817654688334585,0.1947432669565874,-0.010872053101396162,0.15659571221484647,0.23594262607766758,0.16498817425802947,0.20084687571526594,0.04787518120088485,-0.31528953994049047,0.02536812390325771,-0.08678568703746059
1778210887921242486,1778210887922081872,0.05855649652857231,-0.07419699397268609,0.1409552147707327,-0.19855802243076326,0.19436179140916998,-0.010872053101396162,0.15621423666742906,0.23365377279316313,0.16460669871061206,0.20542458228427485,0.05016403448538931,-0.3118562600137338,0.028801403830014394,-0.08678568703746059
1778210887936041697,1778210887942110649,0.061226825360494175,-0.07114518959334681,0.1413366903181501,-0.19855802243076326,0.19436179140916998,-0.010872053101396162,0.15621423666742906,0.2328908216983283,0.16460669871061206,0.20847638666361412,0.052071412222476354,-0.30956740672922933,0.029182879377431803,-0.08678568703746059
1778210887942531643,1778210887962675148,0.0623712520027464,-0.06809338521400754,0.1413366903181501,-0.19817654688334585,0.19436179140916998,-0.010872053101396162,0.15659571221484647,0.2325093461509109,0.16460669871061206,0.20962081330586635,0.052071412222476354,-0.3084229800869771,0.02994583047226662,-0.08678568703746059
1778210887973182229,1778210887982263036,0.06771190966659013,-0.060845349813076766,0.1413366903181501,-0.19817654688334585,0.19436179140916998,-0.011253528648813571,0.15621423666742906,0.227931639581902,0.16460669871061206,0.21496147096971008,0.05512321660181563,-0.30270084687571597,0.033379110399023304,-0.087167162584878
1778210887994957368,1778210888002327370,0.070382238498512,-0.055886167696650446,0.1413366903181501,-0.19779507133592844,0.19436179140916998,-0.011253528648813571,0.15621423666742906,0.2244983596551453,0.16460669871061206,0.21725032425421453,0.05779354543373749,-0.29850461585412447,0.03490501258869294,-0.08678568703746059
1778210888016030967,1778210888022151345,0.07419699397268609,-0.05092698558022413,0.1413366903181501,-0.19550621805142399,0.19436179140916998,-0.010872053101396162,0.15621423666742906,0.22220950637064085,0.16460669871061206,0.2203021286335538,0.05931944762340713,-0.29430838483253297,0.03643091477836258,-0.08678568703746059
1778210888032267299,1778210888042122382,0.07648584725719054,-0.04787518120088485,0.1413366903181501,-0.1947432669565874,0.19398031586175257,-0.010872053101396162,0.15583276112001165,0.22068360418097122,0.16422522316319466,0.22182803082322344,0.060845349813076766,-0.2908751049057763,0.03681239032577999,-0.08678568703746059
1778210888056345609,1778210888062096757,0.08030060273136463,-0.04444190127412817,0.1413366903181501,-0.19398031586175257,0.19436179140916998,-0.010872053101396162,0.15621423666742906,0.21763179980163194,0.16422522316319466,0.22297245746547567,0.06351567864499863,-0.28515297169451514,0.037193865873197396,-0.08678568703746059
1778210888076814104,1778210888082172688,0.08335240711070391,-0.04062714579995408,0.1413366903181501,-0.1913099870298307,0.19436179140916998,-0.010872053101396162,0.15583276112001165,0.21457999542229267,0.16384374761577725,0.2244983596551453,0.06504158083466827,-0.2798123140306714,0.03871976806286703,-0.08640421149004318
1778210888097396511,1778210888102183352,0.08640421149004318,-0.037193865873197396,0.1413366903181501,-0.18940260929274366,0.19436179140916998,-0.010872053101396162,0.15621423666742906,0.21343556878004044,0.16384374761577725,0.22487983520256272,0.06694895857175531,-0.2752346074616625,0.04062714579995408,-0.08640421149004318
1778210888118121251,1778210888122124039,0.08983749141679986,-0.033379110399023304,0.1413366903181501,-0.1867322804608218,0.19398031586175257,-0.010872053101396162,0.15697718776226388,0.2119096665903708,0.16384374761577725,0.22564278629739754,0.06847486076142495,-0.2702754253452362,0.04329747463187594,-0.08640421149004318
1778210888139152696,1778210888142131226,0.09327077134355655,-0.029182879377431803,0.1413366903181501,-0.18406195162889993,0.19398031586175257,-0.011253528648813571,0.1573586633096813,0.21000228885328376,0.16384374761577725,0.22640573739223235,0.06961928740367718,-0.2660791943236447,0.04406042572671076,-0.08602273594262577
1778210888159700836,1778210888162202032,0.09708552681773064,-0.02613107499809253,0.1413366903181501,-0.18406195162889993,0.19359884031433516,-0.011253528648813571,0.1577401388570987,0.20923933775844894,0.16384374761577725,0.22716868848706717,0.06961928740367718,-0.2618829633020532,0.04406042572671076,-0.08602273594262577
1778210888179549573,1778210888182101426,0.10013733119706991,-0.023460746166170665,0.1413366903181501,-0.18368047608148252,0.19359884031433516,-0.011253528648813571,0.1581216144045161,0.2080949111161967,0.16346227206835984,0.22716868848706717,0.070382238498512,-0.2580682078278791,0.04444190127412817,-0.08602273594262577
1778210888200442485,1778210888202113234,0.10166323338673955,-0.019645990691996573,0.1413366903181501,-0.18368047608148252,0.19207293812466553,-0.010872053101396162,0.16002899214160315,0.20656900892652708,0.16346227206835984,0.22716868848706717,0.07114518959334681,-0.2538719768062876,0.04596780346379781,-0.08411535820553873
1778210888220647870,1778210888222104660,0.103952086671244,-0.01697566186007471,0.1413366903181501,-0.18368047608148252,0.1913099870298307,-0.011253528648813571,0.16041046768902056,0.20466163118944003,0.1619363698786902,0.22755016403448458,0.07190814068818163,-0.24891279468986127,0.04825665674830226,-0.08220798046845168
1778210888236139519,1778210888242114028,0.10624093995574846,-0.014686808575570254,0.1413366903181501,-0.18368047608148252,0.1913099870298307,-0.010872053101396162,0.16041046768902056,0.2035172045471878,0.16117341878385538,0.22755016403448458,0.07190814068818163,-0.24509803921568718,0.05092698558022413,-0.08182650492103427
1778210888261571901,1778210888262099008,0.10891126878767032,-0.010490577553978753,0.1413366903181501,-0.18368047608148252,0.1913099870298307,-0.010872053101396162,0.1615548943312728,0.20237277790493557,0.16117341878385538,0.22755016403448458,0.07190814068818163,-0.24090180819409568,0.05321583886472858,-0.08144502937361686
1778210888272465703,1778210888282190243,0.10967421988250514,-0.008583199816891707,0.1413366903181501,-0.18368047608148252,0.1913099870298307,-0.010872053101396162,0.1619363698786902,0.20046540016784853,0.16117341878385538,0.22755016403448458,0.07228961623559904,-0.23556115053025195,0.05321583886472858,-0.08144502937361686
1778210888294856056,1778210888302221441,0.11158159761959219,-0.0040054932478827965,0.1413366903181501,-0.18368047608148252,0.1913099870298307,-0.010872053101396162,0.16422522316319466,0.1951247425040048,0.16117341878385538,0.22755016403448458,0.07305256733043386,-0.23022049286640822,0.05474174105439822,-0.07953765163652982
1778210888314570114,1778210888322193070,0.11387045090409664,-0.0013351644159609322,0.1413366903181501,-0.18368047608148252,0.1913099870298307,-0.010872053101396162,0.16422522316319466,0.18787670710307403,0.16079194323643797,0.22716868848706717,0.07381551842526868,-0.22411688410772967,0.056267643244067855,-0.078774700541695
1778210888332657783,1778210888342179946,0.11387045090409664,0.0024795910582131597,0.1413366903181501,-0.18368047608148252,0.1913099870298307,-0.010872053101396162,0.16460669871061206,0.18139162279697807,0.16079194323643797,0.22678721293964976,0.0745784695201035,-0.21877622644388595,0.056649118791485265,-0.07724879835202536
1778210888355887771,1778210888362231106,0.11425192645151405,0.005912870984969842,0.14248111696040233,-0.18406195162889993,0.1909285114824133,-0.010872053101396162,0.16498817425802947,0.1741435873960473,0.16117341878385538,0.22678721293964976,0.07686732280460795,-0.21152819104295517,0.05741206988632008,-0.07572289616235572
1778210888376624384,1778210888382136243,0.11425192645151405,0.008964675364309116,0.14438849469748938,-0.18406195162889993,0.1909285114824133,-0.010872053101396162,0.16727702754253393,0.16956588082703838,0.16117341878385538,0.22716868848706717,0.07839322499427759,-0.20580605783169403,0.05741206988632008,-0.0745784695201035
1778210888397278104,1778210888402122193,0.11425192645151405,0.01201647974364839,0.1451514457923242,-0.18406195162889993,0.1909285114824133,-0.010872053101396162,0.16880292973220357,0.1665140764476991,0.16117341878385538,0.22716868848706717,0.07991912718394723,-0.20084687571526771,0.05779354543373749,-0.07343404287785127
1778210888418291579,1778210888422132688,0.11463340199893146,0.015068284122987663,0.1451514457923242,-0.18406195162889993,0.1909285114824133,-0.010872053101396162,0.1699473563744558,0.16422522316319466,0.16117341878385538,0.22755016403448458,0.08144502937361686,-0.1958876935988414,0.05779354543373749,-0.07190814068818163
1778210888438908960,1778210888442107911,0.11501487754634887,0.01697566186007471,0.1455329213397416,-0.18406195162889993,0.1909285114824133,-0.010872053101396162,0.17147325856412543,0.1615548943312728,0.16117341878385538,0.22755016403448458,0.0829709315632865,-0.19169146257724812,0.05779354543373749,-0.0707637140459294
1778210888459350317,1778210888462120526,0.11539635309376628,0.018120088502326936,0.14629587243457642,-0.18406195162889993,0.1909285114824133,-0.010872053101396162,0.17185473411154284,0.16041046768902056,0.16117341878385538,0.22755016403448458,0.08373388265812132,-0.18825818265049143,0.05779354543373749,-0.06885633630884236
1778210888474264251,1778210888482162571,0.11539635309376628,0.018883039597161755,0.14705882352941124,-0.18406195162889993,0.1909285114824133,-0.010490577553978753,0.17185473411154284,0.16079194323643797,0.16117341878385538,0.22755016403448458,0.08373388265812132,-0.18596932936598698,0.05779354543373749,-0.06847486076142495
1778210888494844485,1778210888502121425,0.1161593041886011,0.020027466239413982,0.14705882352941124,-0.18406195162889993,0.1909285114824133,-0.008583199816891707,0.17109178301670802,0.16079194323643797,0.16117341878385538,0.22716868848706717,0.08373388265812132,-0.18329900053406512,0.057030594338902674,-0.06771190966659013
1778210888515832010,1778210888522142088,0.1161593041886011,0.0207904173342488,0.14705882352941124,-0.18406195162889993,0.1909285114824133,-0.007820248722056888,0.17109178301670802,0.16079194323643797,0.16117341878385538,0.22678721293964976,0.08335240711070391,-0.18177309834439548,0.056649118791485265,-0.06771190966659013
1778210888536253424,1778210888542116101,0.1161593041886011,0.02117189288166621,0.14705882352941124,-0.18406195162889993,0.1909285114824133,-0.007820248722056888,0.16880292973220357,0.1619363698786902,0.16117341878385538,0.22564278629739754,0.08335240711070391,-0.18101014724956066,0.056649118791485265,-0.06733043411917272
1778210888556674029,1778210888562112782,0.1161593041886011,0.02155336842908362,0.14705882352941124,-0.18406195162889993,0.1909285114824133,-0.00705729762722207,0.1665140764476991,0.1619363698786902,0.16117341878385538,0.2244983596551453,0.08335240711070391,-0.18062867170214325,0.056267643244067855,-0.06733043411917272
1778210888577141020,1778210888582119178,0.11654077973601851,0.02155336842908362,0.14705882352941124,-0.18406195162889993,0.1909285114824133,-0.005912870984969842,0.1665140764476991,0.1619363698786902,0.16117341878385538,0.22259098191805826,0.08335240711070391,-0.18062867170214325,0.05550469214923304,-0.06733043411917272
1778210888592454991,1778210888602316479,0.1161593041886011,0.02155336842908362,0.14705882352941124,-0.18406195162889993,0.1913099870298307,-0.005531395437552433,0.1661326009002817,0.1619363698786902,0.16117341878385538,0.22106507972838862,0.08335240711070391,-0.18062867170214325,0.0539787899595634,-0.06694895857175531
1778210888613667389,1778210888622252971,0.1161593041886011,0.02155336842908362,0.14820325017166347,-0.18406195162889993,0.1913099870298307,-0.005149919890135024,0.1657511253528643,0.1619363698786902,0.16117341878385538,0.21915770199130158,0.08335240711070391,-0.18062867170214325,0.051689936675058945,-0.06580453192950309
1778210888633899396,1778210888642185039,0.11577782864118369,0.02155336842908362,0.15087357900358533,-0.18406195162889993,0.1909285114824133,-0.005149919890135024,0.16422522316319466,0.16308079652094243,0.16117341878385538,0.21877622644388417,0.08335240711070391,-0.18062867170214325,0.04825665674830226,-0.06466010528725086
1778210888655154426,1778210888662148808,0.11539635309376628,0.02155336842908362,0.15278095674067238,-0.18444342717631734,0.1913099870298307,-0.005149919890135024,0.16384374761577725,0.16422522316319466,0.16117341878385538,0.21839475089646676,0.0829709315632865,-0.18062867170214325,0.0455863279163804,-0.06427862973983345
1778210888674761210,1778210888682207339,0.11539635309376628,0.02155336842908362,0.1539253833829246,-0.18444342717631734,0.1913099870298307,-0.004768444342717615,0.16422522316319466,0.1661326009002817,0.16117341878385538,0.21801327534904935,0.08335240711070391,-0.18062867170214325,0.04406042572671076,-0.06427862973983345
1778210888692775297,1778210888702226698,0.11501487754634887,0.02155336842908362,0.15468833447775943,-0.18444342717631734,0.1913099870298307,-0.002861066605630569,0.16460669871061206,0.16765850308995134,0.16117341878385538,0.21801327534904935,0.08335240711070391,-0.18062867170214325,0.041771572442206306,-0.06427862973983345
1778210888712499585,1778210888722184427,0.11501487754634887,0.02155336842908362,0.15697718776226388,-0.18406195162889993,0.19169146257724812,-0.002861066605630569,0.16460669871061206,0.16880292973220357,0.16117341878385538,0.21801327534904935,0.08335240711070391,-0.18101014724956066,0.04024567025253667,-0.06427862973983345
1778210888735246567,1778210888742144389,0.11387045090409664,0.02155336842908362,0.15888456549935093,-0.18406195162889993,0.19169146257724812,-0.002861066605630569,0.16498817425802947,0.16956588082703838,0.16117341878385538,0.21725032425421453,0.08335240711070391,-0.18101014724956066,0.03986419470511926,-0.06427862973983345
1778210888755584884,1778210888762142703,0.11348897535667923,0.02155336842908362,0.16041046768902056,-0.18406195162889993,0.19169146257724812,-0.002861066605630569,0.16765850308995134,0.16956588082703838,0.16117341878385538,0.2161058976119623,0.08335240711070391,-0.18101014724956066,0.03833829251544962,-0.06427862973983345
1778210888772879701,1778210888782275267,0.11348897535667923,0.02155336842908362,0.16117341878385538,-0.18444342717631734,0.19283588921950034,-0.002861066605630569,0.16842145418478616,0.16918440527962098,0.16117341878385538,0.2153429465171275,0.08335240711070391,-0.18101014724956066,0.037575341420614805,-0.06427862973983345
1778210888796721541,1778210888802202411,0.11310749980926182,0.02155336842908362,0.16308079652094243,-0.18406195162889993,0.1951247425040048,-0.002861066605630569,0.16803997863736875,0.16956588082703838,0.16117341878385538,0.21381704432745785,0.0829709315632865,-0.18101014724956066,0.03681239032577999,-0.06427862973983345
1778210888817018704,1778210888822131070,0.11272602426184442,0.02155336842908362,0.16384374761577725,-0.18406195162889993,0.1993209735255963,-0.002861066605630569,0.16918440527962098,0.16956588082703838,0.16117341878385538,0.21305409323262303,0.0829709315632865,-0.18101014724956066,0.03490501258869294,-0.06466010528725086
1778210888837197505,1778210888842122361,0.1119630731670096,0.02155336842908362,0.16384374761577725,-0.18406195162889993,0.20237277790493557,-0.002861066605630569,0.17147325856412543,0.1707103074692906,0.16117341878385538,0.2122911421377882,0.0829709315632865,-0.18101014724956066,0.03414206149385812,-0.06466010528725086
1778210888857633037,1778210888862143444,0.11120012207217478,0.02155336842908362,0.16460669871061206,-0.18406195162889993,0.2038986800946052,-0.002861066605630569,0.17185473411154284,0.17299916075379507,0.16117341878385538,0.21038376440070117,0.0829709315632865,-0.18139162279697807,0.03414206149385812,-0.06466010528725086
1778210888878123845,1778210888882120048,0.11043717097733996,0.02155336842908362,0.1661326009002817,-0.18368047608148252,0.20847638666361412,-0.002861066605630569,0.17185473411154284,0.17338063630121248,0.16117341878385538,0.21000228885328376,0.0829709315632865,-0.1825360494392303,0.03376058594644071,-0.06466010528725086
1778210888898356344,1778210888902138852,0.10929274433508773,0.02117189288166621,0.16727702754253393,-0.18368047608148252,0.21114671549553599,-0.002861066605630569,0.17185473411154284,0.17338063630121248,0.16117341878385538,0.2077134355687793,0.0829709315632865,-0.18406195162889993,0.033379110399023304,-0.06427862973983345
1778210888918618823,1778210888922121036,0.10738536659800069,0.02155336842908362,0.1699473563744558,-0.18329900053406512,0.21457999542229267,-0.002861066605630569,0.17223620965896025,0.17376211184862989,0.16117341878385538,0.20695048447394448,0.08258945601586909,-0.18444342717631734,0.03109025711451885,-0.06466010528725086
1778210888939695241,1778210888942145849,0.103952086671244,0.02117189288166621,0.17261768520637766,-0.18329900053406512,0.21839475089646676,-0.002861066605630569,0.17147325856412543,0.17719539177538657,0.16117341878385538,0.20504310673685744,0.08258945601586909,-0.18596932936598698,0.02994583047226662,-0.06466010528725086
1778210888954321063,1778210888962227094,0.10166323338673955,0.02117189288166621,0.1745250629434647,-0.1825360494392303,0.21915770199130158,-0.002861066605630569,0.17147325856412543,0.17948424505989102,0.16117341878385538,0.20466163118944003,0.08258945601586909,-0.18787670710307403,0.02994583047226662,-0.06427862973983345
1778210888974895195,1778210888982311907,0.09822995345998287,0.02117189288166621,0.17757686732280398,-0.18139162279697807,0.22144655527580603,-0.002861066605630569,0.1665140764476991,0.1821545738918129,0.16117341878385538,0.20466163118944003,0.08220798046845168,-0.19016556038757848,0.029182879377431803,-0.06466010528725086
1778210888992565875,1778210889002216304,0.095559624628061,0.02117189288166621,0.1787212939650562,-0.18062867170214325,0.22220950637064085,-0.002861066605630569,0.16384374761577725,0.18520637827115216,0.16079194323643797,0.20466163118944003,0.08220798046845168,-0.19245441367208294,0.028038452735179575,-0.06466010528725086
1778210889021300340,1778210889022126821,0.09060044251163468,0.02117189288166621,0.1787212939650562,-0.18024719615472584,0.22564278629739754,-0.002861066605630569,0.16002899214160315,0.18940260929274366,0.16117341878385538,0.2031357289997704,0.08220798046845168,-0.19550621805142399,0.02574959945067512,-0.06466010528725086
1778210889032937445,1778210889042110371,0.08754863813229541,0.02117189288166621,0.1787212939650562,-0.17986572060730843,0.22602426184481494,-0.002861066605630569,0.16002899214160315,0.19169146257724812,0.16117341878385538,0.20237277790493557,0.08220798046845168,-0.19779507133592844,0.024223697261005483,-0.06504158083466827
1778210889053925824,1778210889062283779,0.08182650492103427,0.02117189288166621,0.18139162279697807,-0.17910276951247361,0.22945754177157163,-0.002861066605630569,0.1573586633096813,0.19588769359883962,0.16117341878385538,0.20160982681010076,0.08220798046845168,-0.2004654001678503,0.023460746166170665,-0.06466010528725086
1778210889074578972,1778210889082124505,0.07534142061493831,0.02117189288166621,0.18558785381856957,-0.1783398184176388,0.23517967498283276,-0.002861066605630569,0.15468833447775943,0.1997024490730137,0.16117341878385538,0.20084687571526594,0.08182650492103427,-0.20237277790493735,0.022316319523918438,-0.06466010528725086
1778210889092143815,1778210889102240019,0.07000076295109459,0.02117189288166621,0.18749523155565662,-0.17681391622796916,0.24013885709925908,-0.002861066605630569,0.15087357900358533,0.20275425345235298,0.16079194323643797,0.19855802243076148,0.08144502937361686,-0.2042801556420244,0.02193484397650103,-0.06504158083466827
1778210889116619760,1778210889122126616,0.061226825360494175,0.02117189288166621,0.18940260929274366,-0.17566948958571693,0.2454795147631028,-0.002861066605630569,0.15087357900358533,0.20656900892652708,0.16117341878385538,0.1955062180514222,0.08106355382619945,-0.20580605783169403,0.02155336842908362,-0.06466010528725086
1778210889137022838,1778210889142121890,0.05436026550698081,0.02117189288166621,0.1913099870298307,-0.1745250629434647,0.24814984359502468,-0.002861066605630569,0.15125505455100274,0.2080949111161967,0.16117341878385538,0.19169146257724812,0.08068207827878204,-0.20656900892652885,0.018883039597161755,-0.06504158083466827
1778210889156868530,1778210889162202521,0.04787518120088485,0.02117189288166621,0.19207293812466553,-0.17261768520637766,0.2489127946898595,-0.002861066605630569,0.15125505455100274,0.2080949111161967,0.16117341878385538,0.18749523155565662,0.07991912718394723,-0.20656900892652885,0.017357137407492118,-0.06580453192950309
1778210889177256753,1778210889182126737,0.04100862134737149,0.02117189288166621,0.19169146257724812,-0.17223620965896025,0.25158312352178136,-0.002861066605630569,0.15125505455100274,0.20847638666361412,0.16079194323643797,0.18406195162889993,0.078774700541695,-0.20656900892652885,0.017738612954909527,-0.06580453192950309
1778210889197682221,1778210889202163707,0.03452353704127553,0.02117189288166621,0.19169146257724812,-0.17185473411154284,0.2534905012588684,-0.002861066605630569,0.15163653009842015,0.21076523994811858,0.16079194323643797,0.17948424505989102,0.07801174944686018,-0.2080949111161985,0.01697566186007471,-0.06580453192950309
1778210889218755230,1778210889222123908,0.028801403830014394,0.02117189288166621,0.19207293812466553,-0.16803997863736875,0.25616083009079027,-0.002861066605630569,0.1531624322880898,0.21457999542229267,0.16079194323643797,0.17566948958571693,0.07686732280460795,-0.21190966659037258,0.01697566186007471,-0.0661860074769205
1778210889239137983,1778210889242109611,0.022316319523918438,0.02117189288166621,0.19207293812466553,-0.1657511253528643,0.25997558556496436,-0.002861066605630569,0.1531624322880898,0.219539177538719,0.16079194323643797,0.17376211184862989,0.07610437170977313,-0.21610589761196408,0.01621271076523989,-0.0661860074769205
1778210889253604249,1778210889262127489,0.017738612954909527,0.02117189288166621,0.19207293812466553,-0.16498817425802947,0.26340886549172104,-0.002861066605630569,0.15278095674067238,0.22297245746547567,0.16079194323643797,0.17223620965896025,0.07572289616235572,-0.21953917753872076,0.0165941863126573,-0.0661860074769205
1778210889274414794,1778210889282170213,0.01201647974364839,0.02117189288166621,0.19436179140916998,-0.16422522316319466,0.26340886549172104,-0.002861066605630569,0.15239948119325497,0.227931639581902,0.16079194323643797,0.1707103074692906,0.0745784695201035,-0.22373540856031227,0.0165941863126573,-0.06694895857175531
1778210889295930265,1778210889302199439,0.005149919890135024,0.02117189288166621,0.19703212024109185,-0.16117341878385538,0.26798657206072996,-0.002861066605630569,0.15201800564583756,0.2328908216983283,0.16079194323643797,0.16842145418478616,0.07381551842526868,-0.22678721293965154,0.017357137407492118,-0.06809338521400754
1778210889315080671,1778210889322120291,-0.0005722133211261138,0.02117189288166621,0.19855802243076148,-0.16079194323643797,0.27141985198748664,-0.002861066605630569,0.15163653009842015,0.23823147936217204,0.16079194323643797,0.16765850308995134,0.07343404287785127,-0.23060196841382563,0.02193484397650103,-0.06809338521400754
1778210889332567439,1778210889342189226,-0.0036240177004653873,0.02117189288166621,0.1997024490730137,-0.15888456549935093,0.2744716563668259,-0.002861066605630569,0.1497291523613331,0.24204623483634613,0.16041046768902056,0.16536964980544688,0.07343404287785127,-0.2332722972457475,0.024223697261005483,-0.06809338521400754
1778210889356538577,1778210889362715429,-0.008201724269474298,0.02040894178683139,0.1997024490730137,-0.15697718776226388,0.27599755855649555,-0.002861066605630569,0.14820325017166347,0.24395361257343318,0.16079194323643797,0.16079194323643797,0.07228961623559904,-0.23670557717250418,0.024223697261005483,-0.06885633630884236
1778210889377200229,1778210889382151974,-0.012779430838483208,0.02040894178683139,0.1997024490730137,-0.15621423666742906,0.278286411841,-0.003242542153047978,0.14438849469748938,0.24433508812085059,0.16041046768902056,0.1577401388570987,0.07114518959334681,-0.23937590600442604,0.024986648355840302,-0.07000076295109459
1778210889398514556,1778210889402168576,-0.017357137407492118,0.02040894178683139,0.20122835126268335,-0.15506981002517684,0.278286411841,-0.0036240177004653873,0.14057373922331529,0.24586099031052022,0.16079194323643797,0.1539253833829246,0.0707637140459294,-0.2412832837415131,0.028419928282596985,-0.07000076295109459
1778210889418473805,1778210889422120753,-0.02193484397650103,0.02040894178683139,0.2035172045471878,-0.15430685893034202,0.278286411841,-0.003242542153047978,0.1409552147707327,0.2500572213321117,0.16079194323643797,0.15163653009842015,0.06847486076142495,-0.24319066147860013,0.032234683756771076,-0.07000076295109459
1778210889439008355,1778210889442103401,-0.024223697261005483,0.020027466239413982,0.2038986800946052,-0.1539253833829246,0.278286411841,-0.003242542153047978,0.1409552147707327,0.25463492790112063,0.16041046768902056,0.1493476768139157,0.0665674830243379,-0.24471656366826977,0.03528648813611035,-0.07114518959334681
1778210889459434835,1778210889462123541,-0.029182879377431803,0.019645990691996573,0.2038986800946052,-0.1539253833829246,0.278286411841,-0.003242542153047978,0.1409552147707327,0.2584496833752947,0.16079194323643797,0.14744029907682865,0.06504158083466827,-0.24471656366826977,0.03452353704127553,-0.07152666514076422
1778210889480531457,1778210889482120914,-0.033379110399023304,0.01621271076523989,0.2038986800946052,-0.1535439078355072,0.278286411841,-0.003242542153047978,0.1409552147707327,0.2622644388494688,0.16079194323643797,0.14286259250781974,0.06351567864499863,-0.24471656366826977,0.03643091477836258,-0.07114518959334681
1778210889500895181,1778210889502105376,-0.037193865873197396,0.01201647974364839,0.20428015564202262,-0.1531624322880898,0.278286411841,-0.003242542153047978,0.14057373922331529,0.26379034103913845,0.16079194323643797,0.14019226367589788,0.06198977645532899,-0.24471656366826977,0.037956816968032214,-0.07114518959334681
1778210889521342014,1778210889522100297,-0.04100862134737149,0.007820248722056888,0.20428015564202262,-0.1535439078355072,0.278286411841,-0.003242542153047978,0.13942931258106306,0.2656977187762255,0.16079194323643797,0.13523308155947156,0.06008239871824195,-0.24471656366826977,0.037193865873197396,-0.07152666514076422
1778210889541513436,1778210889542110793,-0.047112230106050035,0.004768444342717615,0.20428015564202262,-0.1539253833829246,0.278286411841,-0.003242542153047978,0.13904783703364565,0.2695124742503996,0.16079194323643797,0.1325627527275497,0.0581750209811549,-0.24471656366826977,0.037193865873197396,-0.07114518959334681
1778210889552160926,1778210889562145193,-0.051308461127641536,0.0024795910582131597,0.20428015564202262,-0.15430685893034202,0.278286411841,-0.003242542153047978,0.13790341039139342,0.27180132753490405,0.16079194323643797,0.13065537499046265,0.05779354543373749,-0.24471656366826977,0.037575341420614805,-0.07114518959334681
1778210889577101686,1778210889582152235,-0.05741206988632008,-0.0005722133211261138,0.20428015564202262,-0.15430685893034202,0.2786678873884174,-0.003242542153047978,0.13790341039139342,0.27599755855649555,0.16117341878385538,0.12722209506370596,0.05550469214923304,-0.24471656366826977,0.037193865873197396,-0.07114518959334681
1778210889582748990,1778210889602186205,-0.05970092317082454,-0.0024795910582131597,0.2038986800946052,-0.15430685893034202,0.2790493629358348,-0.003242542153047978,0.137521934843976,0.27676050965133037,0.16117341878385538,0.12569619287403633,0.05512321660181563,-0.24471656366826977,0.03681239032577999,-0.07114518959334681
1778210889613534082,1778210889622119509,-0.070382238498512,-0.007438773174639479,0.2038986800946052,-0.15430685893034202,0.28095674067292187,-0.003242542153047978,0.137521934843976,0.2790493629358348,0.16117341878385538,0.1203555352101926,0.05245288776989376,-0.24471656366826977,0.03566796368352776,-0.07114518959334681
1778210889635348842,1778210889642128281,-0.07763027389944277,-0.009727626459143934,0.2038986800946052,-0.15506981002517684,0.2817196917677567,-0.003242542153047978,0.13637750820172378,0.2832455939574263,0.16117341878385538,0.11806668192568814,0.05054551003280672,-0.24471656366826977,0.03681239032577999,-0.07114518959334681
1778210889653294575,1778210889662168155,-0.08411535820553873,-0.012779430838483208,0.2038986800946052,-0.15583276112001165,0.2824826428625915,-0.003242542153047978,0.13561455710688897,0.2862973983367656,0.1615548943312728,0.11692225528343592,0.04940108339055449,-0.24471656366826977,0.03681239032577999,-0.07114518959334681
1778210889676872339,1778210889682194386,-0.09288929579613914,-0.015449759670405072,0.2038986800946052,-0.15888456549935093,0.2859159227893482,-0.003242542153047978,0.1333257038223845,0.2901121538109397,0.1615548943312728,0.11539635309376628,0.047112230106050035,-0.24471656366826977,0.037575341420614805,-0.07114518959334681
1778210889697188725,1778210889702215516,-0.10051880674448732,-0.01697566186007471,0.2038986800946052,-0.1623178454261076,0.28896772716868746,-0.0036240177004653873,0.1325627527275497,0.29316395819027896,0.1615548943312728,0.11425192645151405,0.0455863279163804,-0.24471656366826977,0.037575341420614805,-0.0707637140459294
1778210889717995399,1778210889722136685,-0.10738536659800069,-0.019264515144579164,0.2038986800946052,-0.16498817425802947,0.28896772716868746,-0.0040054932478827965,0.1329442282749671,0.2954528114747834,0.1619363698786902,0.11272602426184442,0.04406042572671076,-0.24471656366826977,0.037956816968032214,-0.070382238498512
1778210889738563450,1778210889742155424,-0.11501487754634887,-0.02117189288166621,0.2038986800946052,-0.1657511253528643,0.28896772716868746,-0.004386968795300206,0.13103685053788006,0.29659723811703564,0.1619363698786902,0.11158159761959219,0.04367895017929335,-0.24471656366826977,0.03871976806286703,-0.0707637140459294
1778210889759663345,1778210889762122649,-0.1203555352101926,-0.023460746166170665,0.2038986800946052,-0.1665140764476991,0.28896772716868746,-0.005531395437552433,0.12798504615854078,0.29736018921187046,0.1619363698786902,0.11043717097733996,0.04367895017929335,-0.24509803921568718,0.041771572442206306,-0.06847486076142495
1778210889779713951,1778210889782113780,-0.12607766842145374,-0.024986648355840302,0.2038986800946052,-0.16880292973220357,0.28896772716868746,-0.005912870984969842,0.12722209506370596,0.2992675669489575,0.1619363698786902,0.11005569542992255,0.04367895017929335,-0.24509803921568718,0.041771572442206306,-0.06847486076142495
1778210889794431847,1778210889802170941,-0.12989242389562783,-0.02574959945067512,0.2038986800946052,-0.16918440527962098,0.28896772716868746,-0.006294346532387252,0.12607766842145374,0.3019378957808794,0.1623178454261076,0.11005569542992255,0.04406042572671076,-0.24509803921568718,0.042153047989623715,-0.06847486076142495
1778210889815664943,1778210889822135196,-0.13447013046463674,-0.02613107499809253,0.2038986800946052,-0.1703288319218732,0.28896772716868746,-0.00705729762722207,0.12569619287403633,0.30575265125505346,0.1623178454261076,0.11005569542992255,0.04406042572671076,-0.2462424658579394,0.042534523537041125,-0.06847486076142495
1778210889836411900,1778210889842115713,-0.13828488593881083,-0.02613107499809253,0.2035172045471878,-0.17299916075379507,0.28896772716868746,-0.007820248722056888,0.12531471732661892,0.30994888227664497,0.16269932097352502,0.10929274433508773,0.04406042572671076,-0.24891279468986127,0.042534523537041125,-0.06885633630884236
1778210889852279846,1778210889862168311,-0.14057373922331529,-0.026894026092927348,0.20199130235751817,-0.17566948958571693,0.28896772716868746,-0.008583199816891707,0.12188143739986224,0.3110933089188972,0.16269932097352502,0.10662241550316587,0.04406042572671076,-0.2512016479743657,0.042534523537041125,-0.06923781185625977
1778210889876137546,1778210889882206463,-0.14400701915007197,-0.02994583047226662,0.1989394979781789,-0.17719539177538657,0.28896772716868746,-0.009727626459143934,0.12149996185244483,0.31300068665598424,0.16536964980544688,0.10471503776607882,0.04406042572671076,-0.2531090257114528,0.04329747463187594,-0.06961928740367718
1778210889896619984,1778210889902094088,-0.14667734798199383,-0.03414206149385812,0.1951247425040048,-0.1779583428702214,0.28896772716868746,-0.011253528648813571,0.12073701075761001,0.3149080643930713,0.1657511253528643,0.10204470893415696,0.04406042572671076,-0.2546349279011224,0.046349279011215216,-0.0707637140459294
1778210889917832549,1778210889922109748,-0.15049210345616792,-0.04062714579995408,0.19283588921950034,-0.18024719615472584,0.28896772716868746,-0.012397955291065799,0.11844815747310555,0.3156710154879061,0.1657511253528643,0.09861142900740028,0.04367895017929335,-0.25577935454337464,0.047112230106050035,-0.07305256733043386
1778210889937935535,1778210889942164228,-0.1535439078355072,-0.04520485236896299,0.18978408484016107,-0.18139162279697807,0.28896772716868746,-0.014686808575570254,0.11806668192568814,0.31757839322499315,0.1661326009002817,0.09403372243839137,0.04367895017929335,-0.25616083009079205,0.0497825589379719,-0.07572289616235572
1778210889959647543,1778210889962149769,-0.15697718776226388,-0.05245288776989376,0.18749523155565662,-0.18368047608148252,0.28896772716868746,-0.015068284122987663,0.11806668192568814,0.3194857709620802,0.16727702754253393,0.09021896696421727,0.04367895017929335,-0.25616083009079205,0.051308461127641536,-0.07686732280460795
1778210889980184163,1778210889982140556,-0.1615548943312728,-0.05741206988632008,0.18406195162889993,-0.18406195162889993,0.28896772716868746,-0.01583123521782248,0.11768520637827073,0.32177462424658465,0.16956588082703838,0.08525978484779095,0.04367895017929335,-0.25616083009079205,0.05474174105439822,-0.07953765163652982
1778210890000331402,1778210890002125442,-0.1665140764476991,-0.06198977645532899,0.1825360494392303,-0.18482490272373475,0.28896772716868746,-0.017738612954909527,0.11730373083085333,0.3248264286259239,0.17223620965896025,0.08106355382619945,0.04367895017929335,-0.25616083009079205,0.061226825360494175,-0.08144502937361686
1778210890020253221,1778210890022173462,-0.17261768520637766,-0.06542305638208568,0.1829175249866477,-0.18444342717631734,0.28896772716868746,-0.017738612954909527,0.11463340199893146,0.328641184100098,0.1749065384908821,0.07610437170977313,0.04367895017929335,-0.25616083009079205,0.06427862973983345,-0.08411535820553873
1778210890035702339,1778210890042108721,-0.17643244068055175,-0.06885633630884236,0.1821545738918129,-0.18444342717631734,0.28896772716868746,-0.017738612954909527,0.11463340199893146,0.33054856183718506,0.17643244068055175,0.07305256733043386,0.04329747463187594,-0.25616083009079205,0.06504158083466827,-0.08602273594262577
1778210890044793907,1778210890062180546,-0.17910276951247361,-0.0707637140459294,0.18177309834439548,-0.18444342717631734,0.28858625162127005,-0.017738612954909527,0.11463340199893146,0.3313115129320199,0.17681391622796916,0.07190814068818163,0.04329747463187594,-0.25616083009079205,0.06542305638208568,-0.08678568703746059
1778210890073116808,1778210890082165706,-0.1867322804608218,-0.07686732280460795,0.18024719615472584,-0.18482490272373475,0.28858625162127005,-0.018120088502326936,0.11348897535667923,0.33474479285877656,0.17757686732280398,0.06580453192950309,0.042915999084458534,-0.25616083009079205,0.06733043411917272,-0.08754863813229541
1778210890095691924,1778210890102176213,-0.19169146257724812,-0.08258945601586909,0.17719539177538657,-0.18482490272373475,0.28858625162127005,-0.017738612954909527,0.11348897535667923,0.33817807278553325,0.17986572060730843,0.06198977645532899,0.042915999084458534,-0.25616083009079205,0.07114518959334681,-0.08754863813229541
1778210890115636971,1778210890122162122,-0.1962691691462588,-0.08564126039520836,0.1749065384908821,-0.18520637827115216,0.28858625162127005,-0.017738612954909527,0.11310749980926182,0.3400854505226203,0.18406195162889993,0.0581750209811549,0.04100862134737149,-0.25616083009079205,0.07228961623559904,-0.08754863813229541
1778210890137093387,1778210890142139730,-0.20122835126268512,-0.09021896696421727,0.17338063630121248,-0.18596932936598698,0.28820477607385264,-0.017738612954909527,0.112344548714427,0.3408484016174551,0.18520637827115216,0.055886167696650446,0.03910124361028444,-0.25616083009079205,0.07381551842526868,-0.08793011367971282
1778210890153062036,1778210890162193188,-0.203898680094607,-0.09327077134355655,0.17185473411154284,-0.18787670710307403,0.28820477607385264,-0.017738612954909527,0.10967421988250514,0.34199282825970734,0.1867322804608218,0.05359731441214599,0.03833829251544962,-0.25616083009079205,0.07572289616235572,-0.08869306477454764
1778210890172160302,1778210890182260056,-0.20733196002136367,-0.09670405127031323,0.1703288319218732,-0.18787670710307403,0.28820477607385264,-0.017738612954909527,0.10852979324025291,0.34275577935454216,0.18825818265049143,0.05245288776989376,0.03643091477836258,-0.25616083009079205,0.07610437170977313,-0.08983749141679986
1778210890193471467,1778210890202213758,-0.21152819104295517,-0.10013733119706991,0.16956588082703838,-0.18787670710307403,0.28782330052643523,-0.017738612954909527,0.10700389105058328,0.343518730449377,0.18825818265049143,0.052071412222476354,0.03452353704127553,-0.25616083009079205,0.07572289616235572,-0.09098191805905209
1778210890212434649,1778210890222121013,-0.21343556878004222,-0.10433356221866141,0.16880292973220357,-0.18825818265049143,0.2874418249790178,-0.017738612954909527,0.10700389105058328,0.34580758373388143,0.18825818265049143,0.052071412222476354,0.032616159304188486,-0.25616083009079205,0.07610437170977313,-0.0913633936064695
1778210890234879398,1778210890242098880,-0.2168688487067989,-0.1081483176928355,0.16880292973220357,-0.18863965819790884,0.2870603494316004,-0.018120088502326936,0.10700389105058328,0.34733348592355107,0.18863965819790884,0.05245288776989376,0.03147173266193626,-0.2573052567330443,0.07534142061493831,-0.09174486915388691
1778210890256459582,1778210890262109321,-0.21801327534905113,-0.11272602426184442,0.16727702754253393,-0.18863965819790884,0.28515297169451337,-0.018120088502326936,0.10700389105058328,0.34733348592355107,0.18863965819790884,0.05245288776989376,0.028801403830014394,-0.2592126344701313,0.07534142061493831,-0.09174486915388691
1778210890277140708,1778210890282118990,-0.21877622644388595,-0.11654077973601851,0.16422522316319466,-0.18902113374532625,0.28477149614709596,-0.017738612954909527,0.10624093995574846,0.34733348592355107,0.18863965819790884,0.05245288776989376,0.026894026092927348,-0.2630273899443054,0.07572289616235572,-0.09174486915388691
1778210890297354132,1778210890302163449,-0.21877622644388595,-0.11959258411535778,0.1615548943312728,-0.19016556038757848,0.28439002059967855,-0.017738612954909527,0.10471503776607882,0.34733348592355107,0.18902113374532625,0.05245288776989376,0.024986648355840302,-0.2664606698710621,0.07572289616235572,-0.09174486915388691
1778210890317862953,1778210890322141546,-0.21915770199130336,-0.12378881513694928,0.15926604104676834,-0.1913099870298307,0.28439002059967855,-0.018120088502326936,0.103952086671244,0.34733348592355107,0.1905470359349959,0.05283436331731117,0.023460746166170665,-0.2698939497978188,0.07572289616235572,-0.09174486915388691
1778210890339122528,1778210890342150052,-0.21915770199130336,-0.1283665217059582,0.15697718776226388,-0.19169146257724812,0.28439002059967855,-0.018883039597161755,0.1035706111238266,0.34733348592355107,0.19169146257724812,0.05283436331731117,0.0207904173342488,-0.27332722972457546,0.07572289616235572,-0.09174486915388691
1778210890353931165,1778210890362112148,-0.21915770199130336,-0.13027389944304524,0.15659571221484647,-0.19169146257724812,0.28400854505226114,-0.019264515144579164,0.10318913557640919,0.34733348592355107,0.19169146257724812,0.05283436331731117,0.02117189288166621,-0.2759975585564973,0.07572289616235572,-0.09174486915388691
1778210890375251815,1778210890382302188,-0.21992065308613817,-0.13561455710688897,0.15583276112001165,-0.19169146257724812,0.2824826428625915,-0.019645990691996573,0.10280766002899178,0.3477149614709685,0.19169146257724812,0.05245288776989376,0.018120088502326936,-0.2790493629358366,0.07572289616235572,-0.09174486915388691
1778210890392503584,1778210890402145669,-0.21992065308613817,-0.13904783703364565,0.15583276112001165,-0.19169146257724812,0.28057526512550446,-0.020027466239413982,0.10204470893415696,0.3492408636606381,0.19169146257724812,0.05245288776989376,0.018120088502326936,-0.28133821622034105,0.07572289616235572,-0.09174486915388691
1778210890415917541,1778210890422164133,-0.21992065308613817,-0.14362554360265456,0.15583276112001165,-0.19169146257724812,0.27981231403066964,-0.02040894178683139,0.09670405127031323,0.3522926680399774,0.19169146257724812,0.05245288776989376,0.018120088502326936,-0.2866788738841848,0.07572289616235572,-0.09174486915388691
1778210890436544438,1778210890442119994,-0.21953917753872076,-0.14744029907682865,0.15583276112001165,-0.19169146257724812,0.2775234607461652,-0.02040894178683139,0.09517814908064359,0.353818570229647,0.19169146257724812,0.05245288776989376,0.017738612954909527,-0.2904936293583589,0.07572289616235572,-0.0913633936064695
1778210890457876416,1778210890462115818,-0.21953917753872076,-0.15278095674067238,0.15545128557259424,-0.19169146257724812,0.2775234607461652,-0.02117189288166621,0.09517814908064359,0.353818570229647,0.19169146257724812,0.052071412222476354,0.01697566186007471,-0.2946898603799504,0.07572289616235572,-0.0913633936064695
1778210890477725810,1778210890482118019,-0.21953917753872076,-0.15583276112001165,0.15506981002517684,-0.19169146257724812,0.2771419851987478,-0.022316319523918438,0.09517814908064359,0.353818570229647,0.19207293812466553,0.052071412222476354,0.0165941863126573,-0.29774166475928965,0.07572289616235572,-0.09174486915388691
1778210890499052710,1778210890502116865,-0.21915770199130336,-0.16041046768902056,0.1535439078355072,-0.19169146257724812,0.2771419851987478,-0.023079270618753256,0.09517814908064359,0.353818570229647,0.19207293812466553,0.051308461127641536,0.01621271076523989,-0.3000305180437941,0.07572289616235572,-0.0913633936064695
1778210890518771783,1778210890522075771,-0.21877622644388595,-0.16269932097352502,0.15049210345616792,-0.19169146257724812,0.27637903410391296,-0.024223697261005483,0.09517814908064359,0.353818570229647,0.19207293812466553,0.05092698558022413,0.01621271076523989,-0.30231937132829856,0.07572289616235572,-0.0913633936064695
1778210890532469327,1778210890542144007,-0.21877622644388595,-0.16536964980544688,0.14858472571908088,-0.19169146257724812,0.27676050965133037,-0.02536812390325771,0.09517814908064359,0.353818570229647,0.19245441367208294,0.04863813229571967,0.01621271076523989,-0.3030823224231334,0.07572289616235572,-0.0913633936064695
1778210890556701116,1778210890562115690,-0.21877622644388595,-0.16803997863736875,0.14591439688715901,-0.19169146257724812,0.27637903410391296,-0.027656977187762166,0.09517814908064359,0.353818570229647,0.19245441367208294,0.04825665674830226,0.01621271076523989,-0.304608224612803,0.07572289616235572,-0.0913633936064695
1778210890573243852,1778210890582131084,-0.21877622644388595,-0.1703288319218732,0.14286259250781974,-0.19169146257724812,0.27637903410391296,-0.028801403830014394,0.095559624628061,0.353818570229647,0.19245441367208294,0.047493705653467444,0.01621271076523989,-0.30537117570763783,0.07572289616235572,-0.0913633936064695
1778210890592346550,1778210890602177703,-0.21915770199130336,-0.17185473411154284,0.1413366903181501,-0.19169146257724812,0.2740901808194085,-0.03070878156710144,0.095559624628061,0.353818570229647,0.19245441367208294,0.047112230106050035,0.01621271076523989,-0.30689707789730747,0.07572289616235572,-0.0913633936064695
1778210890614771844,1778210890622209645,-0.21915770199130336,-0.17185473411154284,0.13942931258106306,-0.19169146257724812,0.2733272297245737,-0.03185320820935367,0.095559624628061,0.353818570229647,0.19245441367208294,0.046730754558632626,0.01621271076523989,-0.3076600289921423,0.07534142061493831,-0.0913633936064695
1778210890632322875,1778210890642142196,-0.21915770199130336,-0.17223620965896025,0.13790341039139342,-0.1913099870298307,0.2729457541771563,-0.032997634851605895,0.09517814908064359,0.353818570229647,0.19245441367208294,0.046349279011215216,0.01621271076523989,-0.3084229800869771,0.07534142061493831,-0.0913633936064695
1778210890656118396,1778210890662182860,-0.21915770199130336,-0.17261768520637766,0.1371404592965586,-0.19169146257724812,0.27256427862973887,-0.03414206149385812,0.095559624628061,0.353818570229647,0.19245441367208294,0.04596780346379781,0.01621271076523989,-0.3084229800869771,0.07534142061493831,-0.0913633936064695
1778210890677278876,1778210890682137279,-0.21877622644388595,-0.17261768520637766,0.1371404592965586,-0.1913099870298307,0.2706569008926518,-0.03452353704127553,0.095559624628061,0.353818570229647,0.19245441367208294,0.04520485236896299,0.01621271076523989,-0.3084229800869771,0.07534142061493831,-0.0913633936064695
1778210890697314899,1778210890702104957,-0.21877622644388595,-0.17261768520637766,0.1371404592965586,-0.1913099870298307,0.2702754253452344,-0.03452353704127553,0.09594110017547841,0.3534370946822296,0.19245441367208294,0.04406042572671076,0.01621271076523989,-0.3084229800869771,0.07534142061493831,-0.0913633936064695
1778210890718176292,1778210890722112637,-0.21839475089646854,-0.17261768520637766,0.1371404592965586,-0.1913099870298307,0.269893949797817,-0.03452353704127553,0.09632257572289582,0.3534370946822296,0.19245441367208294,0.04406042572671076,0.01621271076523989,-0.3084229800869771,0.07572289616235572,-0.0913633936064695
1778210890732722975,1778210890742162745,-0.21763179980163372,-0.17261768520637766,0.1371404592965586,-0.1913099870298307,0.269893949797817,-0.03414206149385812,0.09594110017547841,0.3534370946822296,0.19245441367208294,0.04367895017929335,0.01621271076523989,-0.3084229800869771,0.07572289616235572,-0.0913633936064695
1778210890753308774,1778210890762136434,-0.21610589761196408,-0.17261768520637766,0.1371404592965586,-0.1913099870298307,0.269893949797817,-0.03376058594644071,0.09594110017547841,0.3534370946822296,0.19245441367208294,0.04329747463187594,0.01621271076523989,-0.3084229800869771,0.07534142061493831,-0.0913633936064695
1778210890774791490,1778210890782144456,-0.21572442206454667,-0.17261768520637766,0.1371404592965586,-0.1913099870298307,0.2695124742503996,-0.033379110399023304,0.09594110017547841,0.3534370946822296,0.19245441367208294,0.04329747463187594,0.01621271076523989,-0.3084229800869771,0.07572289616235572,-0.0913633936064695
1778210890792843342,1778210890802181641,-0.21534294651712926,-0.17261768520637766,0.1371404592965586,-0.1913099870298307,0.2695124742503996,-0.033379110399023304,0.09594110017547841,0.3534370946822296,0.19245441367208294,0.042915999084458534,0.01621271076523989,-0.3084229800869771,0.07572289616235572,-0.0913633936064695
1778210890815347600,1778210890822096741,-0.21419851987487704,-0.17261768520637766,0.1371404592965586,-0.1909285114824133,0.2695124742503996,-0.03376058594644071,0.09594110017547841,0.3534370946822296,0.19245441367208294,0.042915999084458534,0.01621271076523989,-0.3084229800869771,0.07534142061493831,-0.09098191805905209
1778210890836931616,1778210890842123401,-0.21381704432745963,-0.17261768520637766,0.1371404592965586,-0.1905470359349959,0.2695124742503996,-0.03376058594644071,0.09632257572289582,0.3530556191348122,0.19245441367208294,0.04329747463187594,0.01621271076523989,-0.3084229800869771,0.0749599450675209,-0.0913633936064695
1778210890857127285,1778210890862140447,-0.21343556878004222,-0.17261768520637766,0.1371404592965586,-0.19016556038757848,0.2695124742503996,-0.03376058594644071,0.09632257572289582,0.3522926680399774,0.19245441367208294,0.04329747463187594,0.01621271076523989,-0.3084229800869771,0.0745784695201035,-0.09098191805905209
1778210890877840248,1778210890882141181,-0.2130540932326248,-0.17261768520637766,0.1371404592965586,-0.18902113374532625,0.2695124742503996,-0.03376058594644071,0.09632257572289582,0.3522926680399774,0.19207293812466553,0.04329747463187594,0.01621271076523989,-0.3084229800869771,0.07381551842526868,-0.09098191805905209
1778210890898542514,1778210890902181132,-0.2126726176852074,-0.17261768520637766,0.1371404592965586,-0.18787670710307403,0.2695124742503996,-0.03376058594644071,0.09632257572289582,0.35114824139772516,0.19245441367208294,0.04329747463187594,0.01621271076523989,-0.3084229800869771,0.07152666514076422,-0.09098191805905209
1778210890919469044,1778210890922099831,-0.21190966659037258,-0.17261768520637766,0.1371404592965586,-0.18749523155565662,0.2695124742503996,-0.03376058594644071,0.09670405127031323,0.3496223392080555,0.19245441367208294,0.04329747463187594,0.01621271076523989,-0.3084229800869771,0.0707637140459294,-0.09098191805905209
1778210890935012163,1778210890942172007,-0.21152819104295517,-0.17261768520637766,0.1367589837491412,-0.18749523155565662,0.2695124742503996,-0.03376058594644071,0.09632257572289582,0.3484779125658033,0.19207293812466553,0.04329747463187594,0.01621271076523989,-0.3084229800869771,0.070382238498512,-0.09098191805905209
1778210890958710531,1778210890962210215,-0.21038376440070294,-0.17261768520637766,0.13561455710688897,-0.18749523155565662,0.2695124742503996,-0.03376058594644071,0.09632257572289582,0.34657053482871625,0.19245441367208294,0.04329747463187594,0.01621271076523989,-0.3084229800869771,0.06771190966659013,-0.0913633936064695
1778210890979269418,1778210890982148088,-0.20962081330586813,-0.17261768520637766,0.13447013046463674,-0.18749523155565662,0.2691309987029822,-0.03376058594644071,0.09670405127031323,0.34580758373388143,0.19245441367208294,0.04329747463187594,0.01621271076523989,-0.3084229800869771,0.06733043411917272,-0.0913633936064695
1778210891000049951,1778210891002117462,-0.20771343556878108,-0.17261768520637766,0.1333257038223845,-0.1871137560082392,0.2695124742503996,-0.033379110399023304,0.09822995345998287,0.34580758373388143,0.19207293812466553,0.04406042572671076,0.01621271076523989,-0.3084229800869771,0.06733043411917272,-0.0913633936064695
1778210891020425207,1778210891022146906,-0.20618753337911144,-0.17261768520637766,0.13141832608529747,-0.1871137560082392,0.2695124742503996,-0.03376058594644071,0.10013733119706991,0.34580758373388143,0.19245441367208294,0.04406042572671076,0.01621271076523989,-0.3084229800869771,0.06427862973983345,-0.0913633936064695
1778210891041500621,1778210891042116830,-0.203898680094607,-0.17261768520637766,0.12989242389562783,-0.1863508049134044,0.2695124742503996,-0.033379110399023304,0.10013733119706991,0.3450446326390466,0.19245441367208294,0.04406042572671076,0.01621271076523989,-0.3084229800869771,0.06313420309758122,-0.0913633936064695
1778210891050911718,1778210891062326863,-0.20199130235751994,-0.17261768520637766,0.129129472800793,-0.18482490272373475,0.2691309987029822,-0.033379110399023304,0.0997558556496525,0.3439002059967944,0.19207293812466553,0.04406042572671076,0.01621271076523989,-0.3084229800869771,0.0623712520027464,-0.0913633936064695
1778210891072434461,1778210891082277033,-0.20122835126268512,-0.17261768520637766,0.1287479972533756,-0.18406195162889993,0.2691309987029822,-0.033379110399023304,0.10013733119706991,0.3412298771648725,0.19169146257724812,0.04406042572671076,0.01621271076523989,-0.3084229800869771,0.06198977645532899,-0.09288929579613914
1778210891093253384,1778210891102269803,-0.19893949797818067,-0.17223620965896025,0.1287479972533756,-0.18368047608148252,0.2691309987029822,-0.033379110399023304,0.10013733119706991,0.3393224994277855,0.19169146257724812,0.04406042572671076,0.01621271076523989,-0.3084229800869771,0.06275272755016381,-0.09479667353322618
1778210891113635038,1778210891122251558,-0.1966506446936762,-0.17223620965896025,0.1287479972533756,-0.18368047608148252,0.2687495231555648,-0.033379110399023304,0.10090028229190473,0.33855954833295065,0.18978408484016107,0.04444190127412817,0.01621271076523989,-0.3084229800869771,0.06275272755016381,-0.09899290455481768
1778210891134252152,1778210891142258832,-0.1951247425040048,-0.17223620965896025,0.1287479972533756,-0.18368047608148252,0.2687495231555648,-0.033379110399023304,0.10242618448157437,0.33855954833295065,0.18520637827115216,0.04482337682154558,0.01621271076523989,-0.3084229800869771,0.061226825360494175,-0.10318913557640919
1778210891155018546,1778210891162103001,-0.19207293812466553,-0.17223620965896025,0.1287479972533756,-0.18368047608148252,0.2687495231555648,-0.032997634851605895,0.10624093995574846,0.33817807278553325,0.1787212939650562,0.04825665674830226,0.01621271076523989,-0.3084229800869771,0.05931944762340713,-0.10662241550316587
1778210891175143689,1778210891182229307,-0.18940260929274366,-0.17223620965896025,0.1287479972533756,-0.1829175249866477,0.2687495231555648,-0.032997634851605895,0.10738536659800069,0.33855954833295065,0.17147325856412543,0.05016403448538931,0.01621271076523989,-0.3084229800869771,0.05436026550698081,-0.10891126878767032
1778210891196450417,1778210891202217832,-0.18520637827115216,-0.17223620965896025,0.1287479972533756,-0.1821545738918129,0.2687495231555648,-0.032616159304188486,0.1077668421454181,0.33817807278553325,0.16384374761577725,0.052071412222476354,0.01621271076523989,-0.3084229800869771,0.04863813229571967,-0.11005569542992255
1778210891217145775,1778210891222176451,-0.1825360494392303,-0.17223620965896025,0.1287479972533756,-0.18024719615472584,0.2691309987029822,-0.032234683756771076,0.11272602426184442,0.33817807278553325,0.1577401388570987,0.05474174105439822,0.01621271076523989,-0.3084229800869771,0.04444190127412817,-0.11081864652475737
1778210891237709481,1778210891242163076,-0.17986572060730843,-0.17223620965896025,0.1287479972533756,-0.17910276951247361,0.2695124742503996,-0.03185320820935367,0.11577782864118369,0.337033646143281,0.15506981002517684,0.055886167696650446,0.0165941863126573,-0.3088044556343945,0.04406042572671076,-0.11081864652475737
1778210891258284179,1778210891262103896,-0.1779583428702214,-0.17223620965896025,0.1287479972533756,-0.17566948958571693,0.269893949797817,-0.03147173266193626,0.11577782864118369,0.3324559395742721,0.15125505455100274,0.05855649652857231,0.0165941863126573,-0.3088044556343945,0.042534523537041125,-0.11081864652475737
1778210891279270859,1778210891282169135,-0.17528801403829952,-0.17223620965896025,0.1283665217059582,-0.1749065384908821,0.269893949797817,-0.03109025711451885,0.11539635309376628,0.3282597085526806,0.14820325017166347,0.060845349813076766,0.0165941863126573,-0.30956740672922933,0.03948271915770185,-0.11081864652475737
1778210891299763046,1778210891302145846,-0.17299916075379507,-0.17261768520637766,0.1283665217059582,-0.17338063630121248,0.269893949797817,-0.03070878156710144,0.11654077973601851,0.32558937972075874,0.1451514457923242,0.06313420309758122,0.0165941863126573,-0.31071183337148156,0.03681239032577999,-0.11081864652475737
1778210891319847421,1778210891322110744,-0.1707103074692906,-0.17223620965896025,0.12569619287403633,-0.17338063630121248,0.2702754253452344,-0.029564354924849212,0.11882963302052296,0.3248264286259239,0.14057373922331529,0.06733043411917272,0.0165941863126573,-0.3122377355611512,0.037193865873197396,-0.11120012207217478
1778210891340760316,1778210891342144317,-0.16803997863736875,-0.17223620965896025,0.12302586404211446,-0.17299916075379507,0.269893949797817,-0.028419928282596985,0.1203555352101926,0.3248264286259239,0.13599603265430638,0.07228961623559904,0.01697566186007471,-0.31376363775082083,0.03643091477836258,-0.11272602426184442
1778210891355992194,1778210891362138084,-0.1661326009002817,-0.17223620965896025,0.12226291294727964,-0.17338063630121248,0.2702754253452344,-0.028038452735179575,0.12149996185244483,0.3248264286259239,0.1329442282749671,0.07534142061493831,0.01697566186007471,-0.31528953994049047,0.03452353704127553,-0.11387045090409664
1778210891380214100,1778210891382171001,-0.16536964980544688,-0.17223620965896025,0.12226291294727964,-0.17338063630121248,0.2702754253452344,-0.027656977187762166,0.12569619287403633,0.3240634775310891,0.12989242389562783,0.07953765163652982,0.01697566186007471,-0.3171969176775775,0.03414206149385812,-0.11501487754634887
1778210891400004296,1778210891402149198,-0.16460669871061206,-0.17223620965896025,0.12226291294727964,-0.17338063630121248,0.2706569008926518,-0.027656977187762166,0.12684061951628856,0.3240634775310891,0.12684061951628856,0.08564126039520836,0.017357137407492118,-0.31795986877241234,0.03452353704127553,-0.11577782864118369
1778210891420727092,1778210891422111621,-0.16346227206835984,-0.17109178301670802,0.12188143739986224,-0.17299916075379507,0.2702754253452344,-0.027656977187762166,0.12645914396887115,0.3240634775310891,0.12569619287403633,0.08983749141679986,0.017357137407492118,-0.31795986877241234,0.03376058594644071,-0.11654077973601851
1778210891441355183,1778210891442100143,-0.16346227206835984,-0.16956588082703838,0.12111848630502742,-0.17338063630121248,0.2706569008926518,-0.028038452735179575,0.12722209506370596,0.3233005264362543,0.12531471732661892,0.09403372243839137,0.017738612954909527,-0.31795986877241234,0.03681239032577999,-0.11692225528343592
1778210891452206483,1778210891462105954,-0.16308079652094243,-0.16842145418478616,0.1203555352101926,-0.17338063630121248,0.2706569008926518,-0.028038452735179575,0.12684061951628856,0.32215609979400206,0.12493324177920151,0.09517814908064359,0.018120088502326936,-0.31795986877241234,0.03986419470511926,-0.11692225528343592
1778210891476814573,1778210891482315873,-0.16269932097352502,-0.16689555199511652,0.11959258411535778,-0.17338063630121248,0.2706569008926518,-0.028038452735179575,0.12722209506370596,0.31795986877241056,0.12417029068436669,0.10013733119706991,0.019264515144579164,-0.31795986877241234,0.042153047989623715,-0.11654077973601851
1778210891487211145,1778210891502213104,-0.1615548943312728,-0.1657511253528643,0.11959258411535778,-0.17338063630121248,0.2706569008926518,-0.028038452735179575,0.12722209506370596,0.31719691767757574,0.12378881513694928,0.10166323338673955,0.019264515144579164,-0.31795986877241234,0.042153047989623715,-0.11654077973601851
1778210891515960444,1778210891522169537,-0.15926604104676834,-0.1619363698786902,0.11921110856794037,-0.17376211184862989,0.27103837644006923,-0.027656977187762166,0.12684061951628856,0.31681544213015833,0.12378881513694928,0.10624093995574846,0.020027466239413982,-0.31910429541466456,0.042153047989623715,-0.11654077973601851
1778210891523135628,1778210891542308207,-0.1581216144045161,-0.1615548943312728,0.11921110856794037,-0.17376211184862989,0.2706569008926518,-0.027656977187762166,0.12722209506370596,0.31681544213015833,0.12340733958953187,0.10738536659800069,0.020027466239413982,-0.31910429541466456,0.042153047989623715,-0.11654077973601851
1778210891555889344,1778210891562100233,-0.1531624322880898,-0.1581216144045161,0.11921110856794037,-0.17376211184862989,0.27141985198748664,-0.02574959945067512,0.129129472800793,0.31681544213015833,0.12302586404211446,0.11310749980926182,0.02193484397650103,-0.3198672465094994,0.041771572442206306,-0.11310749980926182
1778210891562824637,1778210891582171597,-0.15201800564583756,-0.1581216144045161,0.11921110856794037,-0.17376211184862989,0.27141985198748664,-0.02536812390325771,0.129129472800793,0.31681544213015833,0.12264438849469705,0.11425192645151405,0.022316319523918438,-0.3198672465094994,0.041771572442206306,-0.1119630731670096
1778210891593221140,1778210891602169450,-0.14629587243457642,-0.1581216144045161,0.11921110856794037,-0.17376211184862989,0.27180132753490405,-0.024605172808422893,0.12951094834821042,0.31681544213015833,0.12188143739986224,0.11997405966277519,0.024223697261005483,-0.32291905088883865,0.042915999084458534,-0.10967421988250514
1778210891615187045,1778210891622178665,-0.14019226367589788,-0.1581216144045161,0.11921110856794037,-0.17376211184862989,0.27180132753490405,-0.024223697261005483,0.13103685053788006,0.31681544213015833,0.11997405966277519,0.12264438849469705,0.02536812390325771,-0.3252079041733431,0.042534523537041125,-0.10929274433508773
1778210891635852920,1778210891642108472,-0.13485160601205415,-0.1581216144045161,0.11921110856794037,-0.17338063630121248,0.2729457541771563,-0.022697795071335847,0.13485160601205415,0.3149080643930713,0.11959258411535778,0.12531471732661892,0.02651255054550994,-0.3282597085526824,0.042153047989623715,-0.10929274433508773
1778210891656480018,1778210891662117244,-0.12951094834821042,-0.1581216144045161,0.11959258411535778,-0.17299916075379507,0.2740901808194085,-0.022316319523918438,0.13790341039139342,0.3110933089188972,0.11921110856794037,0.12645914396887115,0.028419928282596985,-0.33054856183718684,0.042534523537041125,-0.10891126878767032
1778210891676957026,1778210891682113596,-0.12264438849469705,-0.1581216144045161,0.11959258411535778,-0.17261768520637766,0.2744716563668259,-0.022316319523918438,0.13866636148622824,0.3061341268024709,0.11921110856794037,0.12798504615854078,0.03032730601968403,-0.33131151293202166,0.042153047989623715,-0.10662241550316587
1778210891692964299,1778210891702183922,-0.11692225528343592,-0.1581216144045161,0.11959258411535778,-0.17261768520637766,0.2744716563668259,-0.022316319523918438,0.13828488593881083,0.3030823224231316,0.11882963302052296,0.13027389944304524,0.03070878156710144,-0.3320744640268565,0.04024567025253667,-0.10547798886091364
1778210891716959780,1778210891722143863,-0.10967421988250514,-0.1581216144045161,0.11997405966277519,-0.17299916075379507,0.2744716563668259,-0.022316319523918438,0.13866636148622824,0.30041199359120974,0.11882963302052296,0.1333257038223845,0.03147173266193626,-0.3328374151216913,0.037575341420614805,-0.10471503776607882
1778210891737694468,1778210891742117043,-0.1035706111238266,-0.1581216144045161,0.12188143739986224,-0.17299916075379507,0.2748531319142433,-0.02193484397650103,0.13904783703364565,0.2988860914015401,0.11882963302052296,0.13828488593881083,0.03414206149385812,-0.3328374151216913,0.037575341420614805,-0.10280766002899178
1778210891758217546,1778210891762126271,-0.09784847791256546,-0.1581216144045161,0.12378881513694928,-0.17261768520637766,0.27523460746166073,-0.02155336842908362,0.13904783703364565,0.29697871366445305,0.11882963302052296,0.14248111696040233,0.03490501258869294,-0.3328374151216913,0.03566796368352776,-0.10166323338673955
1778210891778866584,1778210891782213695,-0.09327077134355655,-0.1581216144045161,0.12569619287403633,-0.17299916075379507,0.27637903410391296,-0.02193484397650103,0.14019226367589788,0.2939269092851138,0.11882963302052296,0.14591439688715901,0.03604943923094517,-0.3328374151216913,0.03528648813611035,-0.10013733119706991
1778210891799668506,1778210891802149460,-0.08907454032196505,-0.1581216144045161,0.12760357061112337,-0.17299916075379507,0.2779049362935826,-0.02193484397650103,0.1413366903181501,0.29201953154802673,0.11806668192568814,0.15125505455100274,0.03604943923094517,-0.3324559395742739,0.03528648813611035,-0.09861142900740028
1778210891820019999,1778210891822142716,-0.08487830930037354,-0.1577401388570987,0.13027389944304524,-0.17299916075379507,0.2775234607461652,-0.02155336842908362,0.1409552147707327,0.28896772716868746,0.11692225528343592,0.15659571221484647,0.03604943923094517,-0.3324559395742739,0.03528648813611035,-0.09784847791256546
1778210891840553909,1778210891842129611,-0.08144502937361686,-0.15545128557259424,0.13218127718013228,-0.17299916075379507,0.2775234607461652,-0.02193484397650103,0.1413366903181501,0.28477149614709596,0.11539635309376628,0.16117341878385538,0.03604943923094517,-0.3324559395742739,0.03643091477836258,-0.09784847791256546
1778210891861340827,1778210891862103879,-0.07763027389944277,-0.15201800564583756,0.1329442282749671,-0.17299916075379507,0.2779049362935826,-0.02193484397650103,0.1413366903181501,0.27981231403066964,0.11539635309376628,0.16498817425802947,0.03566796368352776,-0.33131151293202166,0.03681239032577999,-0.09670405127031323
1778210891871676886,1778210891882205273,-0.07572289616235572,-0.15011062790875052,0.13408865491721933,-0.17299916075379507,0.2775234607461652,-0.02193484397650103,0.1413366903181501,0.278286411841,0.11539635309376628,0.16765850308995134,0.03566796368352776,-0.33016708628976943,0.037193865873197396,-0.09517814908064359
1778210891892334034,1778210891902179330,-0.07228961623559904,-0.14705882352941124,0.13485160601205415,-0.17299916075379507,0.2775234607461652,-0.02117189288166621,0.1409552147707327,0.27637903410391296,0.11539635309376628,0.17261768520637766,0.03566796368352776,-0.32711528191043016,0.037193865873197396,-0.09365224689097396
1778210891912922466,1778210891922188450,-0.06847486076142495,-0.14400701915007197,0.13485160601205415,-0.17261768520637766,0.2775234607461652,-0.018883039597161755,0.1413366903181501,0.2740901808194085,0.11539635309376628,0.17757686732280398,0.03566796368352776,-0.3248264286259257,0.03833829251544962,-0.09098191805905209
1778210891934105659,1778210891942109221,-0.06542305638208568,-0.14057373922331529,0.1371404592965586,-0.17185473411154284,0.2771419851987478,-0.01697566186007471,0.1409552147707327,0.27180132753490405,0.11539635309376628,0.18177309834439548,0.03604943923094517,-0.32291905088883865,0.03871976806286703,-0.09060044251163468
1778210891954073179,1778210891962125897,-0.06313420309758122,-0.13828488593881083,0.13904783703364565,-0.16880292973220357,0.27676050965133037,-0.0165941863126573,0.14057373922331529,0.2706569008926518,0.11539635309376628,0.1867322804608218,0.03604943923094517,-0.3202487220569168,0.042153047989623715,-0.09021896696421727
1778210891974854642,1778210891982280505,-0.06008239871824195,-0.13485160601205415,0.1409552147707327,-0.16689555199511652,0.27676050965133037,-0.015068284122987663,0.14019226367589788,0.2695124742503996,0.11539635309376628,0.19016556038757848,0.03604943923094517,-0.31795986877241234,0.04444190127412817,-0.08869306477454764
1778210891995403875,1778210892002147316,-0.05741206988632008,-0.13179980163271487,0.14248111696040233,-0.16460669871061206,0.27637903410391296,-0.013542381933318026,0.1409552147707327,0.26722362096589514,0.11539635309376628,0.19321736476691775,0.03604943923094517,-0.31528953994049047,0.0455863279163804,-0.08640421149004318
1778210892020154253,1778210892022101559,-0.05245288776989376,-0.129129472800793,0.14400701915007197,-0.16422522316319466,0.27676050965133037,-0.011253528648813571,0.1409552147707327,0.26302738994430364,0.11539635309376628,0.1955062180514222,0.03643091477836258,-0.313000686655986,0.047112230106050035,-0.08373388265812132
1778210892041223425,1778210892042110186,-0.04901960784313708,-0.12722209506370596,0.1455329213397416,-0.16422522316319466,0.27637903410391296,-0.010490577553978753,0.1413366903181501,0.25883115892271213,0.11539635309376628,0.19741359578850926,0.03643091477836258,-0.3118562600137338,0.04901960784313708,-0.08335240711070391
1778210892052236499,1778210892062118531,-0.046730754558632626,-0.12531471732661892,0.14629587243457642,-0.16498817425802947,0.27637903410391296,-0.010490577553978753,0.1413366903181501,0.2573052567330425,0.11539635309376628,0.19779507133592666,0.03643091477836258,-0.31109330891889897,0.0497825589379719,-0.08258945601586909
1778210892072078648,1778210892082151964,-0.042534523537041125,-0.12378881513694928,0.14782177462424606,-0.16498817425802947,0.2744716563668259,-0.010490577553978753,0.14400701915007197,0.253109025711451,0.11539635309376628,0.1997024490730137,0.03643091477836258,-0.3076600289921423,0.05016403448538931,-0.08258945601586909
1778210892098129153,1778210892102172948,-0.03604943923094517,-0.1203555352101926,0.1489662012664983,-0.16498817425802947,0.2737087052719911,-0.010490577553978753,0.1489662012664983,0.24776836804760727,0.11539635309376628,0.20122835126268335,0.03643091477836258,-0.30155642023346374,0.05016403448538931,-0.08182650492103427
1778210892121114942,1778210892122106456,-0.03109025711451885,-0.11730373083085333,0.1497291523613331,-0.16498817425802947,0.2737087052719911,-0.011253528648813571,0.1497291523613331,0.24280918593118095,0.11539635309376628,0.20275425345235298,0.03643091477836258,-0.2950713359273678,0.052071412222476354,-0.07991912718394723
1778210892132195823,1778210892142254983,-0.029564354924849212,-0.11463340199893146,0.15087357900358533,-0.16498817425802947,0.2733272297245737,-0.011253528648813571,0.1497291523613331,0.2405203326466765,0.11539635309376628,0.2031357289997704,0.03681239032577999,-0.2920195315480285,0.05283436331731117,-0.07953765163652982
1778210892152746495,1778210892162111107,-0.024223697261005483,-0.11081864652475737,0.1539253833829246,-0.16498817425802947,0.2733272297245737,-0.011253528648813571,0.15087357900358533,0.23479819943541536,0.11539635309376628,0.20504310673685744,0.037575341420614805,-0.28591592278934996,0.0539787899595634,-0.07801174944686018
1778210892173141857,1778210892182185827,-0.018883039597161755,-0.10700389105058328,0.15506981002517684,-0.16498817425802947,0.2729457541771563,-0.011253528648813571,0.15201800564583756,0.23022049286640645,0.11539635309376628,0.20580605783169226,0.03871976806286703,-0.279430838483254,0.05436026550698081,-0.07572289616235572
1778210892193468171,1778210892202146945,-0.013923857480735435,-0.103952086671244,0.15697718776226388,-0.16498817425802947,0.269893949797817,-0.011253528648813571,0.15278095674067238,0.2244983596551453,0.11539635309376628,0.2080949111161967,0.03948271915770185,-0.27332722972457546,0.056267643244067855,-0.07534142061493831
1778210892214138226,1778210892222104264,-0.009727626459143934,-0.0993743801022351,0.15964751659418575,-0.16498817425802947,0.26836804760814736,-0.011253528648813571,0.15239948119325497,0.219539177538719,0.11539635309376628,0.20962081330586635,0.04100862134737149,-0.2664606698710621,0.061608300907911584,-0.07534142061493831
1778210892234629506,1778210892242150328,-0.004386968795300206,-0.09479667353322618,0.1615548943312728,-0.16498817425802947,0.2656977187762255,-0.011253528648813571,0.15278095674067238,0.21381704432745785,0.11577782864118369,0.21114671549553599,0.042534523537041125,-0.2592126344701313,0.06389715419241604,-0.0745784695201035
1778210892255730200,1778210892262128296,0.0001907377737087046,-0.08831158922713023,0.16308079652094243,-0.16498817425802947,0.2611200122072166,-0.011253528648813571,0.15278095674067238,0.2080949111161967,0.11539635309376628,0.21419851987487526,0.04444190127412817,-0.2512016479743657,0.06351567864499863,-0.07381551842526868
1778210892276308553,1778210892282121008,0.005149919890135024,-0.08258945601586909,0.16308079652094243,-0.16536964980544688,0.25883115892271213,-0.011253528648813571,0.15239948119325497,0.2038986800946052,0.11539635309376628,0.21686884870679712,0.046730754558632626,-0.24357213702601754,0.06427862973983345,-0.07305256733043386
1778210892301357360,1778210892302131562,0.01201647974364839,-0.07648584725719054,0.16384374761577725,-0.16536964980544688,0.2573052567330425,-0.010872053101396162,0.15239948119325497,0.20046540016784853,0.11539635309376628,0.22068360418097122,0.0497825589379719,-0.23441672388799972,0.06427862973983345,-0.07190814068818163
1778210892312647193,1778210892322098024,0.013923857480735435,-0.07152666514076422,0.16384374761577725,-0.16536964980544688,0.25577935454337286,-0.010872053101396162,0.15239948119325497,0.1993209735255963,0.11539635309376628,0.22220950637064085,0.05054551003280672,-0.23098344396124304,0.06466010528725086,-0.07114518959334681
1778210892339722810,1778210892342114126,0.018883039597161755,-0.06466010528725086,0.16384374761577725,-0.16536964980544688,0.2534905012588684,-0.009727626459143934,0.15239948119325497,0.1955062180514222,0.11577782864118369,0.22564278629739754,0.05321583886472858,-0.22259098191806004,0.06542305638208568,-0.07152666514076422
1778210892352345023,1778210892362181433,0.02040894178683139,-0.06008239871824195,0.16384374761577725,-0.16536964980544688,0.2527275501640336,-0.008583199816891707,0.15239948119325497,0.19283588921950034,0.11577782864118369,0.22716868848706717,0.05436026550698081,-0.21992065308613817,0.06580453192950309,-0.07114518959334681
1778210892377940219,1778210892382237371,0.023842221713588074,-0.05321583886472858,0.16384374761577725,-0.1657511253528643,0.25082017242694654,-0.008201724269474298,0.15239948119325497,0.18863965819790884,0.11577782864118369,0.2283131151293194,0.05741206988632008,-0.21229114213779,0.06733043411917272,-0.07000076295109459
1778210892392623783,1778210892402222887,0.02574959945067512,-0.04901960784313708,0.16422522316319466,-0.16536964980544688,0.25082017242694654,-0.008201724269474298,0.15239948119325497,0.18558785381856957,0.11577782864118369,0.23022049286640645,0.0581750209811549,-0.20923933775845072,0.06809338521400754,-0.06923781185625977
1778210892415283314,1778210892422157554,0.027275501640344757,-0.042915999084458534,0.16498817425802947,-0.16536964980544688,0.25043869687952913,-0.008201724269474298,0.15239948119325497,0.18139162279697807,0.11577782864118369,0.23060196841382385,0.061226825360494175,-0.20237277790493735,0.06809338521400754,-0.06809338521400754
1778210892432667648,1778210892442104340,0.027656977187762166,-0.037956816968032214,0.16460669871061206,-0.16536964980544688,0.25043869687952913,-0.008201724269474298,0.15239948119325497,0.17986572060730843,0.1161593041886011,0.23098344396124126,0.06313420309758122,-0.19855802243076326,0.06771190966659013,-0.06694895857175531
1778210892461796601,1778210892462331436,0.028801403830014394,-0.03185320820935367,0.16460669871061206,-0.1657511253528643,0.25043869687952913,-0.008201724269474298,0.15239948119325497,0.17681391622796916,0.1161593041886011,0.2328908216983283,0.06504158083466827,-0.19283588921950034,0.06847486076142495,-0.06504158083466827
1778210892473297253,1778210892482205058,0.029182879377431803,-0.028419928282596985,0.16460669871061206,-0.1657511253528643,0.25043869687952913,-0.008201724269474298,0.15239948119325497,0.17528801403829952,0.1161593041886011,0.2328908216983283,0.0665674830243379,-0.18863965819790884,0.06847486076142495,-0.06466010528725086
1778210892495120623,1778210892502152079,0.02994583047226662,-0.024986648355840302,0.16460669871061206,-0.1657511253528643,0.25043869687952913,-0.008201724269474298,0.15239948119325497,0.17147325856412543,0.1161593041886011,0.23327229724574572,0.06847486076142495,-0.18482490272373475,0.06847486076142495,-0.06427862973983345
1778210892512488812,1778210892522427976,0.02994583047226662,-0.02155336842908362,0.16460669871061206,-0.1661326009002817,0.25043869687952913,-0.008201724269474298,0.15278095674067238,0.16956588082703838,0.11654077973601851,0.23327229724574572,0.06923781185625977,-0.18177309834439548,0.06847486076142495,-0.06427862973983345
1778210892536274851,1778210892542245545,0.03070878156710144,-0.017738612954909527,0.16460669871061206,-0.1665140764476991,0.25043869687952913,-0.008201724269474298,0.15278095674067238,0.1665140764476991,0.11654077973601851,0.23365377279316313,0.06961928740367718,-0.1779583428702214,0.06885633630884236,-0.06389715419241604
1778210892557009550,1778210892562260495,0.03109025711451885,-0.013923857480735435,0.16460669871061206,-0.1665140764476991,0.2500572213321117,-0.008201724269474298,0.1531624322880898,0.16346227206835984,0.11654077973601851,0.23441672388799795,0.06961928740367718,-0.1745250629434647,0.06885633630884236,-0.06351567864499863
1778210892578124366,1778210892582369157,0.03147173266193626,-0.010109102006561344,0.16460669871061206,-0.1665140764476991,0.24967574578469431,-0.008201724269474298,0.1531624322880898,0.16002899214160315,0.11692225528343592,0.23556115053025017,0.06923781185625977,-0.17147325856412543,0.07000076295109459,-0.06313420309758122
1778210892597943402,1778210892602152319,0.03185320820935367,-0.008201724269474298,0.16460669871061206,-0.1665140764476991,0.24814984359502468,-0.008201724269474298,0.1531624322880898,0.1573586633096813,0.11692225528343592,0.23594262607766758,0.06885633630884236,-0.16842145418478616,0.07114518959334681,-0.061226825360494175
1778210892618782083,1778210892622171656,0.032234683756771076,-0.006675822079804661,0.16460669871061206,-0.1665140764476991,0.24700541695277245,-0.008201724269474298,0.1535439078355072,0.15468833447775943,0.11730373083085333,0.236324101625085,0.06885633630884236,-0.16689555199511652,0.07152666514076422,-0.060463874265659356
1778210892639485530,1778210892642124669,0.032997634851605895,-0.006294346532387252,0.16460669871061206,-0.1665140764476991,0.24662394140535504,-0.008201724269474298,0.15659571221484647,0.15278095674067238,0.11768520637827073,0.23746852826733722,0.06885633630884236,-0.16460669871061206,0.0707637140459294,-0.06008239871824195
1778210892659599836,1778210892662106808,0.03376058594644071,-0.006294346532387252,0.16460669871061206,-0.1665140764476991,0.24662394140535504,-0.008201724269474298,0.15697718776226388,0.15125505455100274,0.11959258411535778,0.23785000381475463,0.06885633630884236,-0.16308079652094243,0.07114518959334681,-0.06008239871824195
1778210892672424309,1778210892682236556,0.03414206149385812,-0.006294346532387252,0.16460669871061206,-0.1665140764476991,0.24624246585793763,-0.008201724269474298,0.15659571221484647,0.15011062790875052,0.12073701075761001,0.23823147936217204,0.06923781185625977,-0.1623178454261076,0.07114518959334681,-0.06008239871824195
1778210892696064527,1778210892702227431,0.03604943923094517,-0.004768444342717615,0.16460669871061206,-0.1665140764476991,0.24395361257343318,-0.008201724269474298,0.15697718776226388,0.1493476768139157,0.12073701075761001,0.23823147936217204,0.06923781185625977,-0.16079194323643797,0.07114518959334681,-0.06008239871824195
1778210892716186859,1778210892722106498,0.03681239032577999,-0.0036240177004653873,0.16460669871061206,-0.1665140764476991,0.24357213702601577,-0.008201724269474298,0.15659571221484647,0.1493476768139157,0.12149996185244483,0.23823147936217204,0.06923781185625977,-0.16002899214160315,0.07114518959334681,-0.06008239871824195
1778210892736760060,1778210892742213335,0.037575341420614805,-0.0013351644159609322,0.16498817425802947,-0.16689555199511652,0.24357213702601577,-0.008201724269474298,0.15621423666742906,0.1493476768139157,0.12264438849469705,0.23823147936217204,0.06923781185625977,-0.15888456549935093,0.07114518959334681,-0.05970092317082454
1778210892757606968,1778210892762194167,0.03871976806286703,0.0001907377737087046,0.16498817425802947,-0.16689555199511652,0.24357213702601577,-0.008201724269474298,0.15506981002517684,0.1493476768139157,0.12378881513694928,0.23785000381475463,0.06885633630884236,-0.1581216144045161,0.07000076295109459,-0.05970092317082454
1778210892778081317,1778210892782500118,0.03986419470511926,0.0005722133211261138,0.16536964980544688,-0.16803997863736875,0.24357213702601577,-0.007820248722056888,0.1497291523613331,0.1493476768139157,0.12378881513694928,0.23746852826733722,0.06923781185625977,-0.15697718776226388,0.06923781185625977,-0.05970092317082454
1778210892798491829,1778210892802164794,0.04024567025253667,0.000953688868543523,0.1657511253528643,-0.16956588082703838,0.24319066147859836,-0.007820248722056888,0.14858472571908088,0.1497291523613331,0.12417029068436669,0.2367055771725024,0.06923781185625977,-0.15659571221484647,0.06923781185625977,-0.05970092317082454
1778210892819114184,1778210892822253640,0.0413900968947889,0.000953688868543523,0.1657511253528643,-0.17261768520637766,0.24357213702601577,-0.007820248722056888,0.14858472571908088,0.1497291523613331,0.12417029068436669,0.23517967498283276,0.06885633630884236,-0.15621423666742906,0.06885633630884236,-0.06008239871824195
1778210892840085209,1778210892842116933,0.041771572442206306,0.000953688868543523,0.1657511253528643,-0.17338063630121248,0.24319066147859836,-0.007820248722056888,0.14820325017166347,0.1497291523613331,0.12417029068436669,0.23403524834058054,0.06885633630884236,-0.15506981002517684,0.06809338521400754,-0.06008239871824195
1778210892854973504,1778210892862186922,0.041771572442206306,0.000953688868543523,0.1657511253528643,-0.1741435873960473,0.24319066147859836,-0.007820248722056888,0.14820325017166347,0.15049210345616792,0.12417029068436669,0.2325093461509109,0.06885633630884236,-0.15430685893034202,0.06809338521400754,-0.06008239871824195
1778210892875699261,1778210892882200991,0.042153047989623715,0.000953688868543523,0.1657511253528643,-0.17643244068055175,0.24357213702601577,-0.007438773174639479,0.14820325017166347,0.15049210345616792,0.12417029068436669,0.2321278706034935,0.06885633630884236,-0.1535439078355072,0.06809338521400754,-0.06008239871824195
1778210892896452076,1778210892902105317,0.042153047989623715,0.000953688868543523,0.1657511253528643,-0.17681391622796916,0.24319066147859836,-0.006294346532387252,0.14820325017166347,0.15049210345616792,0.12417029068436669,0.23060196841382385,0.06885633630884236,-0.15239948119325497,0.06771190966659013,-0.06008239871824195
1778210892916998380,1778210892922144104,0.042153047989623715,0.000953688868543523,0.1657511253528643,-0.17757686732280398,0.24357213702601577,-0.005531395437552433,0.1489662012664983,0.15049210345616792,0.12417029068436669,0.22945754177157163,0.06885633630884236,-0.15087357900358533,0.06733043411917272,-0.06008239871824195
1778210892937200485,1778210892942169034,0.041771572442206306,0.000953688868543523,0.1657511253528643,-0.17910276951247361,0.24357213702601577,-0.004386968795300206,0.1489662012664983,0.15049210345616792,0.12417029068436669,0.22755016403448458,0.06885633630884236,-0.1497291523613331,0.06694895857175531,-0.06008239871824195
1778210892958635941,1778210892962125313,0.0413900968947889,0.000953688868543523,0.1657511253528643,-0.18062867170214325,0.24395361257343318,-0.002861066605630569,0.1493476768139157,0.15049210345616792,0.12417029068436669,0.22678721293964976,0.06885633630884236,-0.1489662012664983,0.06427862973983345,-0.060463874265659356
1778210892978463649,1778210892982113816,0.0413900968947889,0.000953688868543523,0.1657511253528643,-0.18062867170214325,0.24395361257343318,-0.0020981155107957505,0.1493476768139157,0.15087357900358533,0.1245517662317841,0.22564278629739754,0.06923781185625977,-0.1489662012664983,0.0623712520027464,-0.060463874265659356
1778210892998919193,1778210893002150201,0.0413900968947889,0.000953688868543523,0.1657511253528643,-0.18101014724956066,0.24433508812085059,-0.0001907377737087046,0.15049210345616792,0.15278095674067238,0.1245517662317841,0.2244983596551453,0.06885633630884236,-0.1489662012664983,0.06008239871824195,-0.060463874265659356
1778210893019346030,1778210893022122423,0.0413900968947889,0.000953688868543523,0.1657511253528643,-0.18101014724956066,0.2454795147631028,0.0001907377737087046,0.15087357900358533,0.15583276112001165,0.12493324177920151,0.2241168841077279,0.06885633630884236,-0.1489662012664983,0.05893797207598972,-0.060463874265659356
1778210893040441700,1778210893042114921,0.04062714579995408,0.000953688868543523,0.16689555199511652,-0.18101014724956066,0.24738689250018986,0.0005722133211261138,0.15125505455100274,0.1581216144045161,0.12531471732661892,0.2241168841077279,0.06885633630884236,-0.1489662012664983,0.057030594338902674,-0.060463874265659356
1778210893061055830,1778210893062103203,0.04024567025253667,0.000953688868543523,0.16918440527962098,-0.18101014724956066,0.24776836804760727,0.0024795910582131597,0.15125505455100274,0.15926604104676834,0.12607766842145374,0.22335393301289308,0.06885633630884236,-0.1489662012664983,0.052071412222476354,-0.060463874265659356
1778210893080966796,1778210893082114524,0.03871976806286703,0.000953688868543523,0.17109178301670802,-0.18101014724956066,0.2485313191424421,0.002861066605630569,0.15163653009842015,0.15964751659418575,0.12798504615854078,0.22144655527580603,0.06923781185625977,-0.1489662012664983,0.04940108339055449,-0.060463874265659356
1778210893091398506,1778210893102221720,0.03833829251544962,0.000953688868543523,0.17185473411154284,-0.18062867170214325,0.25082017242694654,0.002861066605630569,0.15239948119325497,0.16002899214160315,0.12798504615854078,0.22144655527580603,0.06923781185625977,-0.1489662012664983,0.0497825589379719,-0.060463874265659356
1778210893112752545,1778210893122126421,0.037956816968032214,0.000953688868543523,0.17338063630121248,-0.18062867170214325,0.25463492790112063,0.002861066605630569,0.15239948119325497,0.16041046768902056,0.12989242389562783,0.22068360418097122,0.06885633630884236,-0.1489662012664983,0.04901960784313708,-0.060463874265659356
1778210893133183068,1778210893142113577,0.03528648813611035,0.000953688868543523,0.1741435873960473,-0.18062867170214325,0.25616083009079027,0.0024795910582131597,0.15278095674067238,0.16269932097352502,0.13141832608529747,0.219539177538719,0.06885633630884236,-0.1493476768139157,0.04901960784313708,-0.060463874265659356
1778210893152747501,1778210893162474220,0.03490501258869294,0.000953688868543523,0.17605096513313434,-0.18062867170214325,0.26035706111238177,0.0024795910582131597,0.15239948119325497,0.16460669871061206,0.13141832608529747,0.219539177538719,0.06885633630884236,-0.1493476768139157,0.04901960784313708,-0.060463874265659356
1778210893174686990,1778210893182191505,0.032616159304188486,0.000953688868543523,0.17719539177538657,-0.18062867170214325,0.26379034103913845,0.0024795910582131597,0.15278095674067238,0.16765850308995134,0.13141832608529747,0.219539177538719,0.06885633630884236,-0.15049210345616792,0.04863813229571967,-0.060845349813076766
1778210893192582275,1778210893202201839,0.03109025711451885,0.000953688868543523,0.1779583428702214,-0.18024719615472584,0.26836804760814736,0.0024795910582131597,0.15239948119325497,0.1703288319218732,0.13179980163271487,0.219539177538719,0.06885633630884236,-0.15239948119325497,0.04825665674830226,-0.060845349813076766
1778210893215588089,1778210893222247116,0.028801403830014394,0.000953688868543523,0.1779583428702214,-0.18024719615472584,0.2740901808194085,0.0024795910582131597,0.15239948119325497,0.1741435873960473,0.13218127718013228,0.219539177538719,0.06885633630884236,-0.15583276112001165,0.04863813229571967,-0.060845349813076766
1778210893232675120,1778210893242127725,0.02651255054550994,0.000953688868543523,0.1779583428702214,-0.17986572060730843,0.2771419851987478,0.0024795910582131597,0.15239948119325497,0.17643244068055175,0.13218127718013228,0.21915770199130158,0.06885633630884236,-0.15888456549935093,0.04825665674830226,-0.060845349813076766
1778210893242342645,1778210893262098643,0.024605172808422893,0.000953688868543523,0.1779583428702214,-0.17986572060730843,0.2786678873884174,0.0024795910582131597,0.15201800564583756,0.1779583428702214,0.13218127718013228,0.21915770199130158,0.06885633630884236,-0.16117341878385538,0.04825665674830226,-0.060845349813076766
1778210893273346669,1778210893282346992,0.018501564049744346,0.000953688868543523,0.1779583428702214,-0.17986572060730843,0.2832455939574263,0.0024795910582131597,0.15201800564583756,0.18406195162889993,0.13408865491721933,0.21915770199130158,0.06885633630884236,-0.16803997863736875,0.047493705653467444,-0.060845349813076766
1778210893294681496,1778210893302232264,0.015068284122987663,0.000953688868543523,0.1787212939650562,-0.17986572060730843,0.29240100709544414,0.0024795910582131597,0.15163653009842015,0.18940260929274366,0.13523308155947156,0.21915770199130158,0.06885633630884236,-0.17376211184862989,0.04596780346379781,-0.060845349813076766
1778210893315762813,1778210893322148841,0.010109102006561344,0.0005722133211261138,0.1787212939650562,-0.1783398184176388,0.30422674906538383,0.0024795910582131597,0.15201800564583756,0.19626916914625703,0.1371404592965586,0.21915770199130158,0.06885633630884236,-0.17910276951247361,0.04444190127412817,-0.060845349813076766
1778210893332656187,1778210893342132155,0.006675822079804661,0.0005722133211261138,0.1787212939650562,-0.17566948958571693,0.30918593118181015,0.0024795910582131597,0.15163653009842015,0.20122835126268335,0.13981078812848047,0.21915770199130158,0.06847486076142495,-0.18329900053406512,0.04444190127412817,-0.060845349813076766
1778210893361675131,1778210893362246277,-0.000953688868543523,0.0005722133211261138,0.17910276951247361,-0.17223620965896025,0.3236820019836717,0.0024795910582131597,0.15049210345616792,0.21000228885328376,0.1417181658655675,0.21915770199130158,0.06885633630884236,-0.19016556038757848,0.04482337682154558,-0.060845349813076766
1778210893372748562,1778210893382272455,-0.0036240177004653873,0.0005722133211261138,0.17910276951247361,-0.17147325856412543,0.33093003738460247,0.0020981155107957505,0.1489662012664983,0.21496147096971008,0.14286259250781974,0.21915770199130158,0.06885633630884236,-0.19550621805142399,0.04444190127412817,-0.060845349813076766
1778210893394831833,1778210893402196731,-0.008964675364309116,0.0005722133211261138,0.17910276951247361,-0.16765850308995134,0.34275577935454216,0.0020981155107957505,0.14820325017166347,0.2241168841077279,0.14362554360265456,0.21915770199130158,0.06847486076142495,-0.2004654001678503,0.04406042572671076,-0.060845349813076766
1778210893415670592,1778210893422177645,-0.015449759670405072,0.0005722133211261138,0.17948424505989102,-0.16536964980544688,0.3526741435873948,0.0020981155107957505,0.14667734798199383,0.23098344396124126,0.14591439688715901,0.21877622644388417,0.06847486076142495,-0.20542458228427662,0.04444190127412817,-0.060845349813076766
1778210893436440401,1778210893442158086,-0.02040894178683139,0.0005722133211261138,0.18139162279697807,-0.16498817425802947,0.3614480811779952,0.0017166399633783413,0.1451514457923242,0.2370870527199198,0.14782177462424606,0.21801327534904935,0.06847486076142495,-0.2088578622110333,0.04444190127412817,-0.060845349813076766
1778210893456494597,1778210893462151478,-0.02574959945067512,0.0005722133211261138,0.1825360494392303,-0.16460669871061206,0.370603494316013,0.000953688868543523,0.1455329213397416,0.24242771038376354,0.15011062790875052,0.2153429465171275,0.06847486076142495,-0.2126726176852074,0.04406042572671076,-0.060845349813076766
1778210893472560462,1778210893482465179,-0.03070878156710144,0.0005722133211261138,0.1825360494392303,-0.16460669871061206,0.3816662851911179,-0.0001907377737087046,0.14591439688715901,0.2450980392156854,0.15049210345616792,0.21343556878004044,0.06809338521400754,-0.21457999542229445,0.04329747463187594,-0.060845349813076766
1778210893498479797,1778210893502179718,-0.037193865873197396,0.0005722133211261138,0.1829175249866477,-0.16460669871061206,0.3912031738765567,-0.0005722133211261138,0.14705882352941124,0.24814984359502468,0.15087357900358533,0.2080949111161967,0.06847486076142495,-0.21763179980163372,0.04367895017929335,-0.060845349813076766
1778210893513272140,1778210893522255747,-0.04024567025253667,0.0001907377737087046,0.18406195162889993,-0.16422522316319466,0.3957808804455656,-0.000953688868543523,0.14820325017166347,0.25043869687952913,0.15125505455100274,0.20695048447394448,0.06809338521400754,-0.21801327534905113,0.04329747463187594,-0.060845349813076766
1778210893535690857,1778210893542172281,-0.046349279011215216,-0.0013351644159609322,0.18444342717631734,-0.16460669871061206,0.4053177691310008,-0.0013351644159609322,0.14820325017166347,0.25463492790112063,0.1535439078355072,0.20428015564202262,0.06809338521400754,-0.21839475089646854,0.04367895017929335,-0.060845349813076766
1778210893552987495,1778210893562150253,-0.05054551003280672,-0.0024795910582131597,0.18444342717631734,-0.16460669871061206,0.40722514686808786,-0.0013351644159609322,0.14858472571908088,0.2576867322804599,0.15430685893034202,0.20199130235751817,0.06809338521400754,-0.21877622644388595,0.04406042572671076,-0.060845349813076766
1778210893576256105,1778210893582523762,-0.055886167696650446,-0.0024795910582131597,0.18482490272373475,-0.16460669871061206,0.41027695124742714,-0.0013351644159609322,0.14858472571908088,0.26302738994430364,0.15468833447775943,0.1993209735255963,0.06809338521400754,-0.21877622644388595,0.0455863279163804,-0.060845349813076766
1778210893596956045,1778210893602227176,-0.060463874265659356,-0.0024795910582131597,0.18520637827115216,-0.16460669871061206,0.4121843289845142,-0.0013351644159609322,0.14858472571908088,0.2660791943236429,0.15468833447775943,0.19703212024109185,0.06771190966659013,-0.21877622644388595,0.04596780346379781,-0.060845349813076766
1778210893617993622,1778210893622153669,-0.0661860074769205,-0.0024795910582131597,0.18558785381856957,-0.16460669871061206,0.412947280079349,-0.0017166399633783413,0.14858472571908088,0.2691309987029822,0.15545128557259424,0.19321736476691775,0.06771190966659013,-0.21877622644388595,0.04863813229571967,-0.060845349813076766
1778210893638689667,1778210893642117240,-0.07114518959334681,-0.003242542153047978,0.18596932936598698,-0.16498817425802947,0.4159990844586883,-0.0017166399633783413,0.1489662012664983,0.27141985198748664,0.15621423666742906,0.18978408484016107,0.06733043411917272,-0.21877622644388595,0.05321583886472858,-0.060845349813076766
1778210893658462178,1778210893662110021,-0.07686732280460795,-0.004768444342717615,0.18749523155565662,-0.16498817425802947,0.41905088883802755,-0.0020981155107957505,0.1489662012664983,0.2740901808194085,0.1577401388570987,0.18749523155565662,0.06694895857175531,-0.21877622644388595,0.05436026550698081,-0.060845349813076766
1778210893679134183,1778210893682128551,-0.08335240711070391,-0.007820248722056888,0.18978408484016107,-0.16498817425802947,0.4201953154802798,-0.0024795910582131597,0.1489662012664983,0.27676050965133037,0.1577401388570987,0.18520637827115216,0.0665674830243379,-0.21877622644388595,0.057030594338902674,-0.061226825360494175
1778210893700320922,1778210893702186664,-0.08945601586938245,-0.01163500419623098,0.1913099870298307,-0.16498817425802947,0.4201953154802798,-0.002861066605630569,0.1489662012664983,0.28019378957808705,0.15850308995193352,0.18329900053406512,0.0661860074769205,-0.21877622644388595,0.061608300907911584,-0.060845349813076766
1778210893715104780,1778210893722211895,-0.09403372243839137,-0.013542381933318026,0.19169146257724812,-0.16498817425802947,0.4217212176699494,-0.003242542153047978,0.1489662012664983,0.2832455939574263,0.15850308995193352,0.18062867170214325,0.06580453192950309,-0.21877622644388595,0.06389715419241604,-0.060845349813076766
1778210893736582234,1778210893742202771,-0.0993743801022351,-0.01697566186007471,0.19169146257724812,-0.16498817425802947,0.4247730220492887,-0.003242542153047978,0.1489662012664983,0.2859159227893482,0.15850308995193352,0.1783398184176388,0.06542305638208568,-0.21877622644388595,0.06504158083466827,-0.060845349813076766
1778210893756620684,1778210893762203680,-0.10433356221866141,-0.019264515144579164,0.19169146257724812,-0.16498817425802947,0.42782482642862796,-0.0036240177004653873,0.1489662012664983,0.28896772716868746,0.15964751659418575,0.17528801403829952,0.06504158083466827,-0.21877622644388595,0.0665674830243379,-0.060845349813076766
1778210893777098609,1778210893782184399,-0.11043717097733996,-0.02155336842908362,0.19169146257724812,-0.16498817425802947,0.4289692530708802,-0.0036240177004653873,0.1493476768139157,0.29201953154802673,0.1615548943312728,0.17338063630121248,0.06389715419241604,-0.21877622644388595,0.06923781185625977,-0.061226825360494175
1778210893798557188,1778210893802181734,-0.11692225528343592,-0.024223697261005483,0.19169146257724812,-0.16536964980544688,0.43087663080796723,-0.0036240177004653873,0.1489662012664983,0.29621576256961824,0.1623178454261076,0.1703288319218732,0.06351567864499863,-0.21877622644388595,0.07190814068818163,-0.061226825360494175
1778210893818992204,1778210893822126903,-0.12188143739986224,-0.026894026092927348,0.19169146257724812,-0.16536964980544688,0.43125810635538464,-0.0036240177004653873,0.14858472571908088,0.2996490424963749,0.16269932097352502,0.16842145418478616,0.06275272755016381,-0.21992065308613817,0.07190814068818163,-0.060845349813076766
1778210893838830647,1778210893842102777,-0.12722209506370596,-0.028801403830014394,0.19169146257724812,-0.16536964980544688,0.43087663080796723,-0.0040054932478827965,0.14858472571908088,0.303463797970549,0.16269932097352502,0.16765850308995134,0.0623712520027464,-0.22259098191806004,0.07190814068818163,-0.060845349813076766
1778210893852517909,1778210893862219173,-0.13065537499046265,-0.03109025711451885,0.19169146257724812,-0.1657511253528643,0.43087663080796723,-0.004386968795300206,0.14782177462424606,0.3061341268024709,0.16498817425802947,0.16498817425802947,0.06198977645532899,-0.22373540856031227,0.07343404287785127,-0.061226825360494175
1778210893875520343,1778210893882399584,-0.137521934843976,-0.03452353704127553,0.19169146257724812,-0.16689555199511652,0.43087663080796723,-0.004386968795300206,0.14820325017166347,0.30956740672922756,0.1661326009002817,0.1623178454261076,0.061608300907911584,-0.22678721293965154,0.07801174944686018,-0.061226825360494175
1778210893892162521,1778210893902280513,-0.1413366903181501,-0.03643091477836258,0.19169146257724812,-0.16803997863736875,0.43087663080796723,-0.004768444342717615,0.14705882352941124,0.3110933089188972,0.16765850308995134,0.15964751659418575,0.060845349813076766,-0.229076066224156,0.08068207827878204,-0.06198977645532899
1778210893915715963,1778210893922223472,-0.1497291523613331,-0.03910124361028444,0.19169146257724812,-0.16956588082703838,0.43087663080796723,-0.005531395437552433,0.14286259250781974,0.3149080643930713,0.17109178301670802,0.15697718776226388,0.060463874265659356,-0.23212787060349527,0.08525978484779095,-0.06466010528725086
1778210893936901999,1778210893942320914,-0.15506981002517684,-0.042915999084458534,0.19169146257724812,-0.17109178301670802,0.43087663080796723,-0.006294346532387252,0.13866636148622824,0.3191042954146628,0.1749065384908821,0.15506981002517684,0.06008239871824195,-0.23479819943541713,0.08831158922713023,-0.06504158083466827
1778210893956716988,1778210893962198961,-0.16041046768902056,-0.04520485236896299,0.1913099870298307,-0.17299916075379507,0.4304951552605498,-0.00705729762722207,0.1371404592965586,0.3236820019836717,0.17757686732280398,0.15430685893034202,0.06008239871824195,-0.2370870527199216,0.08907454032196505,-0.06580453192950309
1778210893977231941,1778210893982147398,-0.1661326009002817,-0.04901960784313708,0.19016556038757848,-0.1745250629434647,0.4304951552605498,-0.008964675364309116,0.1329442282749671,0.3282597085526806,0.18024719615472584,0.15163653009842015,0.06008239871824195,-0.23937590600442604,0.09479667353322618,-0.06809338521400754
1778210893997778132,1778210894002195883,-0.17109178301670802,-0.05359731441214599,0.18902113374532625,-0.17681391622796916,0.4301136797131324,-0.010490577553978753,0.12951094834821042,0.3316929884794373,0.1821545738918129,0.15049210345616792,0.06008239871824195,-0.24090180819409568,0.09822995345998287,-0.07000076295109459
1778210894018937992,1778210894022136803,-0.1745250629434647,-0.05970092317082454,0.1863508049134044,-0.17986572060730843,0.429732204165715,-0.012397955291065799,0.12531471732661892,0.335126268406194,0.18444342717631734,0.14782177462424606,0.06008239871824195,-0.2416647592889305,0.0993743801022351,-0.07305256733043386
1778210894033644953,1778210894042122915,-0.17719539177538657,-0.06198977645532899,0.1825360494392303,-0.17986572060730843,0.4293507286182976,-0.014305333028152845,0.1245517662317841,0.337033646143281,0.18482490272373475,0.1447699702449068,0.05970092317082454,-0.24319066147860013,0.10204470893415696,-0.07686732280460795
1778210894054210070,1778210894062169934,-0.18024719615472584,-0.06733043411917272,0.17757686732280398,-0.18062867170214325,0.42668039978637573,-0.01583123521782248,0.12188143739986224,0.33817807278553325,0.18558785381856957,0.14248111696040233,0.06008239871824195,-0.24395361257343495,0.10700389105058328,-0.07953765163652982
1778210894072877833,1778210894082159294,-0.18368047608148252,-0.07190814068818163,0.17376211184862989,-0.18062867170214325,0.42668039978637573,-0.017738612954909527,0.12073701075761001,0.3393224994277855,0.18825818265049143,0.13981078812848047,0.05970092317082454,-0.24433508812085236,0.11005569542992255,-0.08068207827878204
1778210894095887314,1778210894102114976,-0.18940260929274366,-0.07686732280460795,0.1707103074692906,-0.18062867170214325,0.4259174486915409,-0.020027466239413982,0.11768520637827073,0.3408484016174551,0.19016556038757848,0.1367589837491412,0.05970092317082454,-0.24509803921568718,0.112344548714427,-0.08144502937361686
1778210894115895116,1778210894122149791,-0.19359884031433516,-0.07953765163652982,0.16803997863736875,-0.18062867170214325,0.4217212176699494,-0.020027466239413982,0.11463340199893146,0.34161135271228993,0.19245441367208294,0.13523308155947156,0.05893797207598972,-0.24509803921568718,0.11387045090409664,-0.0829709315632865
1778210894136953951,1778210894142109940,-0.19855802243076326,-0.08411535820553873,0.1657511253528643,-0.18101014724956066,0.4179064621957753,-0.02040894178683139,0.11387045090409664,0.343518730449377,0.19398031586175257,0.1325627527275497,0.05741206988632008,-0.24509803921568718,0.11692225528343592,-0.08487830930037354
1778210894156805613,1778210894162122041,-0.203898680094607,-0.08754863813229541,0.16269932097352502,-0.18139162279697807,0.41485465781643605,-0.02155336842908362,0.11158159761959219,0.345426108186464,0.19588769359883962,0.13103685053788006,0.057030594338902674,-0.24509803921568718,0.12073701075761001,-0.08678568703746059
1778210894172345418,1778210894182195939,-0.20771343556878108,-0.09021896696421727,0.1615548943312728,-0.18177309834439548,0.41142137788967936,-0.023460746166170665,0.11005569542992255,0.34733348592355107,0.19626916914625703,0.12989242389562783,0.056267643244067855,-0.24509803921568718,0.1203555352101926,-0.087167162584878
1778210894198687909,1778210894202128504,-0.21572442206454667,-0.09517814908064359,0.1615548943312728,-0.18444342717631734,0.40722514686808786,-0.023842221713588074,0.103952086671244,0.3496223392080555,0.1997024490730137,0.12989242389562783,0.05474174105439822,-0.2462424658579394,0.1203555352101926,-0.087167162584878
1778210894212839790,1778210894222198822,-0.21801327534905113,-0.09822995345998287,0.16117341878385538,-0.18520637827115216,0.4056992446784182,-0.024223697261005483,0.0997558556496525,0.35191119249256,0.20046540016784853,0.12951094834821042,0.05321583886472858,-0.24853131914244386,0.12073701075761001,-0.087167162584878
1778210894235575248,1778210894242117024,-0.2248798352025645,-0.10242618448157437,0.16041046768902056,-0.18596932936598698,0.3995956359197397,-0.024605172808422893,0.09594110017547841,0.35458152132448184,0.20275425345235298,0.12951094834821042,0.04901960784313708,-0.25196459906920055,0.1203555352101926,-0.087167162584878
1778210894256018539,1778210894262141617,-0.2294575417715734,-0.10700389105058328,0.1577401388570987,-0.18749523155565662,0.39806973373007004,-0.024986648355840302,0.09327077134355655,0.3561074235141515,0.2035172045471878,0.129129472800793,0.04863813229571967,-0.2538719768062876,0.12073701075761001,-0.087167162584878
1778210894276752673,1778210894282191988,-0.2336537727931649,-0.11158159761959219,0.15583276112001165,-0.18787670710307403,0.3923476005188089,-0.02574959945067512,0.0913633936064695,0.3580148012512385,0.2035172045471878,0.1283665217059582,0.046349279011215216,-0.25692378118562686,0.1203555352101926,-0.08678568703746059
1778210894297736354,1778210894302164564,-0.2370870527199216,-0.11730373083085333,0.15430685893034202,-0.18787670710307403,0.3900587472343009,-0.02651255054550994,0.08831158922713023,0.35877775234607334,0.2038986800946052,0.12684061951628856,0.04367895017929335,-0.25997558556496614,0.1203555352101926,-0.08678568703746059
1778210894312350577,1778210894322107115,-0.23937590600442604,-0.11959258411535778,0.15201800564583756,-0.18787670710307403,0.38815136949721385,-0.027275501640344757,0.08831158922713023,0.35877775234607334,0.2038986800946052,0.12684061951628856,0.042153047989623715,-0.2622644388494706,0.1203555352101926,-0.087167162584878
1778210894333003394,1778210894342110468,-0.24052033264667827,-0.12417029068436669,0.14820325017166347,-0.18787670710307403,0.38433661402303976,-0.028419928282596985,0.08793011367971282,0.35877775234607334,0.20428015564202262,0.12417029068436669,0.04024567025253667,-0.26493476768139246,0.1203555352101926,-0.08678568703746059
1778210894352657776,1778210894362123062,-0.2420462348363479,-0.1287479972533756,0.1455329213397416,-0.18825818265049143,0.3816662851911179,-0.029182879377431803,0.08640421149004318,0.35877775234607334,0.20428015564202262,0.12340733958953187,0.03871976806286703,-0.2672236209658969,0.12073701075761001,-0.08678568703746059
1778210894372239902,1778210894382294085,-0.24357213702601754,-0.1333257038223845,0.14324406805523715,-0.18825818265049143,0.38014038300144826,-0.02994583047226662,0.08411535820553873,0.35954070344090816,0.20695048447394448,0.12149996185244483,0.037575341420614805,-0.2702754253452362,0.12073701075761001,-0.087167162584878
1778210894394328608,1778210894402178127,-0.24509803921568718,-0.13828488593881083,0.14248111696040233,-0.18825818265049143,0.3767071030746916,-0.03109025711451885,0.08411535820553873,0.35954070344090816,0.2073319600213619,0.12111848630502742,0.03566796368352776,-0.2740901808194103,0.12111848630502742,-0.087167162584878
1778210894412439163,1778210894422126026,-0.24662394140535682,-0.14209964141298492,0.14248111696040233,-0.18863965819790884,0.37479972533760453,-0.03147173266193626,0.08373388265812132,0.35954070344090816,0.2073319600213619,0.11997405966277519,0.03490501258869294,-0.27676050965133214,0.12073701075761001,-0.087167162584878
1778210894435807384,1778210894442186165,-0.24738689250019164,-0.14629587243457642,0.14248111696040233,-0.18825818265049143,0.3736552986953523,-0.032234683756771076,0.08106355382619945,0.35954070344090816,0.2077134355687793,0.11882963302052296,0.03414206149385812,-0.28057526512550623,0.12264438849469705,-0.087167162584878
1778210894456238441,1778210894462119437,-0.24738689250019164,-0.15087357900358533,0.1413366903181501,-0.18825818265049143,0.3725108720531001,-0.032616159304188486,0.08068207827878204,0.35954070344090816,0.2077134355687793,0.11844815747310555,0.033379110399023304,-0.2836270695048455,0.12378881513694928,-0.08678568703746059
1778210894477330753,1778210894482129392,-0.24700541695277423,-0.15583276112001165,0.13904783703364565,-0.18863965819790884,0.368696116578926,-0.033379110399023304,0.08030060273136463,0.35954070344090816,0.2080949111161967,0.11806668192568814,0.032616159304188486,-0.28553444724193255,0.1245517662317841,-0.087167162584878
1778210894497546635,1778210894502199652,-0.24700541695277423,-0.15926604104676834,0.13828488593881083,-0.18863965819790884,0.3660257877470041,-0.03376058594644071,0.08030060273136463,0.35954070344090816,0.20885786221103153,0.11806668192568814,0.032616159304188486,-0.287823300526437,0.1245517662317841,-0.08678568703746059
1778210894518145267,1778210894522158317,-0.24700541695277423,-0.16269932097352502,0.13790341039139342,-0.18863965819790884,0.3652628366521693,-0.03376058594644071,0.08030060273136463,0.35954070344090816,0.21000228885328376,0.11806668192568814,0.032616159304188486,-0.2904936293583589,0.12493324177920151,-0.08678568703746059
1778210894538788384,1778210894542121657,-0.24700541695277423,-0.1661326009002817,0.13790341039139342,-0.18902113374532625,0.36297398336766484,-0.03414206149385812,0.08068207827878204,0.35954070344090816,0.21000228885328376,0.11806668192568814,0.032616159304188486,-0.2920195315480285,0.12493324177920151,-0.087167162584878
1778210894559338495,1778210894562110349,-0.24700541695277423,-0.16842145418478616,0.13790341039139342,-0.18902113374532625,0.36221103227283,-0.03414206149385812,0.08068207827878204,0.35954070344090816,0.21038376440070117,0.11844815747310555,0.032616159304188486,-0.2946898603799504,0.12493324177920151,-0.08678568703746059
1778210894580146092,1778210894582178365,-0.24700541695277423,-0.17109178301670802,0.13637750820172378,-0.18902113374532625,0.3610666056305778,-0.03376058594644071,0.08068207827878204,0.35954070344090816,0.21038376440070117,0.11844815747310555,0.032997634851605895,-0.29697871366445483,0.12493324177920151,-0.08678568703746059
1778210894600763712,1778210894602104772,-0.24700541695277423,-0.17223620965896025,0.13523308155947156,-0.18902113374532625,0.3580148012512385,-0.03376058594644071,0.08068207827878204,0.35954070344090816,0.21038376440070117,0.11844815747310555,0.032616159304188486,-0.29812314030670706,0.12493324177920151,-0.08678568703746059
1778210894610876638,1778210894622278175,-0.24700541695277423,-0.17261768520637766,0.13523308155947156,-0.18902113374532625,0.3568703746089863,-0.03376058594644071,0.08068207827878204,0.35954070344090816,0.21038376440070117,0.11844815747310555,0.032616159304188486,-0.29850461585412447,0.12493324177920151,-0.08678568703746059
1778210894632558599,1778210894642227801,-0.24700541695277423,-0.17261768520637766,0.13523308155947156,-0.18940260929274366,0.35496299687189925,-0.03376058594644071,0.08068207827878204,0.35954070344090816,0.21038376440070117,0.11844815747310555,0.032616159304188486,-0.3004119935912115,0.12493324177920151,-0.08678568703746059
1778210894652469462,1778210894662132979,-0.24700541695277423,-0.17261768520637766,0.13485160601205415,-0.18940260929274366,0.35458152132448184,-0.03376058594644071,0.08068207827878204,0.35954070344090816,0.21038376440070117,0.11806668192568814,0.032616159304188486,-0.30231937132829856,0.12417029068436669,-0.08678568703746059
1778210894673105969,1778210894682163858,-0.24662394140535682,-0.17261768520637766,0.1329442282749671,-0.18978408484016107,0.35458152132448184,-0.03376058594644071,0.08106355382619945,0.35954070344090816,0.21038376440070117,0.11806668192568814,0.032616159304188486,-0.30270084687571597,0.12417029068436669,-0.08678568703746059
1778210894693832221,1778210894702121023,-0.2462424658579394,-0.17261768520637766,0.13103685053788006,-0.1905470359349959,0.353818570229647,-0.03376058594644071,0.08106355382619945,0.360303654535743,0.21038376440070117,0.11806668192568814,0.032616159304188486,-0.3030823224231334,0.12417029068436669,-0.08678568703746059
1778210894714693543,1778210894722107417,-0.2462424658579394,-0.17261768520637766,0.12989242389562783,-0.1909285114824133,0.35114824139772516,-0.03376058594644071,0.08144502937361686,0.3614480811779952,0.21038376440070117,0.11844815747310555,0.032616159304188486,-0.3030823224231334,0.12417029068436669,-0.08678568703746059
1778210894735350396,1778210894742125759,-0.2462424658579394,-0.17261768520637766,0.12951094834821042,-0.1913099870298307,0.3492408636606381,-0.03414206149385812,0.08220798046845168,0.36221103227283,0.21038376440070117,0.11844815747310555,0.032616159304188486,-0.3030823224231334,0.12417029068436669,-0.08678568703746059
1778210894755721152,1778210894762147330,-0.2462424658579394,-0.17261768520637766,0.12951094834821042,-0.19169146257724812,0.3477149614709685,-0.03376058594644071,0.08373388265812132,0.36221103227283,0.21038376440070117,0.11844815747310555,0.032616159304188486,-0.3034637979705508,0.12378881513694928,-0.08678568703746059
1778210894776468338,1778210894782196378,-0.2462424658579394,-0.17261768520637766,0.12951094834821042,-0.19169146257724812,0.3477149614709685,-0.03376058594644071,0.08640421149004318,0.36221103227283,0.21038376440070117,0.11882963302052296,0.032616159304188486,-0.3038452735179682,0.12378881513694928,-0.08678568703746059
1778210894797221831,1778210894802163170,-0.2462424658579394,-0.17261768520637766,0.12951094834821042,-0.19169146257724812,0.34733348592355107,-0.03376058594644071,0.08793011367971282,0.36221103227283,0.21000228885328376,0.11882963302052296,0.032616159304188486,-0.3038452735179682,0.12378881513694928,-0.08678568703746059
1778210894818299979,1778210894822129819,-0.245860990310522,-0.17223620965896025,0.12951094834821042,-0.19169146257724812,0.34733348592355107,-0.03376058594644071,0.08831158922713023,0.36221103227283,0.21000228885328376,0.11882963302052296,0.032616159304188486,-0.3038452735179682,0.12340733958953187,-0.08678568703746059
1778210894838985139,1778210894842101707,-0.24509803921568718,-0.17185473411154284,0.12951094834821042,-0.19169146257724812,0.34695201037613366,-0.03376058594644071,0.08831158922713023,0.36221103227283,0.20962081330586635,0.11921110856794037,0.032616159304188486,-0.3038452735179682,0.12111848630502742,-0.08678568703746059
1778210894858802363,1778210894862147770,-0.24357213702601754,-0.1707103074692906,0.12951094834821042,-0.19169146257724812,0.34657053482871625,-0.03376058594644071,0.08869306477454764,0.36221103227283,0.20923933775844894,0.11997405966277519,0.032616159304188486,-0.3038452735179682,0.11730373083085333,-0.08678568703746059
1778210894879794974,1778210894882103607,-0.24280918593118272,-0.16918440527962098,0.12989242389562783,-0.19207293812466553,0.3439002059967944,-0.03376058594644071,0.08869306477454764,0.36221103227283,0.20885786221103153,0.12149996185244483,0.032616159304188486,-0.3038452735179682,0.11539635309376628,-0.08678568703746059
1778210894900345601,1778210894902107878,-0.24090180819409568,-0.16842145418478616,0.13103685053788006,-0.19245441367208294,0.34199282825970734,-0.03376058594644071,0.08869306477454764,0.3618295567254126,0.20695048447394448,0.12188143739986224,0.032616159304188486,-0.3038452735179682,0.11463340199893146,-0.08678568703746059
1778210894921508569,1778210894922122767,-0.23975738155184345,-0.16689555199511652,0.13179980163271487,-0.19245441367208294,0.3397039749752029,-0.03376058594644071,0.08983749141679986,0.3618295567254126,0.20275425345235298,0.12226291294727964,0.032997634851605895,-0.3038452735179682,0.11081864652475737,-0.08678568703746059
1778210894931661970,1778210894942269166,-0.237468528267339,-0.1657511253528643,0.1325627527275497,-0.19283588921950034,0.3393224994277855,-0.033379110399023304,0.08983749141679986,0.3618295567254126,0.20084687571526594,0.12264438849469705,0.032997634851605895,-0.3038452735179682,0.10967421988250514,-0.08678568703746059
1778210894952436506,1778210894962159086,-0.23670557717250418,-0.16308079652094243,0.13447013046463674,-0.19321736476691775,0.3393224994277855,-0.03376058594644071,0.08983749141679986,0.35992217898832557,0.19283588921950034,0.1245517662317841,0.032997634851605895,-0.3038452735179682,0.10433356221866141,-0.08678568703746059
1778210894977419370,1778210894982140309,-0.23479819943541713,-0.1615548943312728,0.13828488593881083,-0.19550621805142399,0.337033646143281,-0.03376058594644071,0.09021896696421727,0.3580148012512385,0.18520637827115216,0.12493324177920151,0.032997634851605895,-0.3038452735179682,0.10090028229190473,-0.08678568703746059
1778210894987932161,1778210895002108341,-0.2332722972457475,-0.16079194323643797,0.13942931258106306,-0.19550621805142399,0.3362706950484462,-0.03376058594644071,0.09212634470130432,0.3572518501564037,0.1829175249866477,0.12531471732661892,0.032997634851605895,-0.3038452735179682,0.10166323338673955,-0.08678568703746059
1778210895020923716,1778210895022118796,-0.2294575417715734,-0.1581216144045161,0.14324406805523715,-0.19855802243076326,0.3362706950484462,-0.033379110399023304,0.09288929579613914,0.3561074235141515,0.1779583428702214,0.12798504615854078,0.032616159304188486,-0.3038452735179682,0.10090028229190473,-0.08678568703746059
1778210895030412077,1778210895042139268,-0.22869459067673858,-0.1581216144045161,0.14400701915007197,-0.1997024490730155,0.3358892195010288,-0.033379110399023304,0.09288929579613914,0.35496299687189925,0.17605096513313434,0.12951094834821042,0.032616159304188486,-0.3038452735179682,0.09899290455481768,-0.08678568703746059
1778210895052521303,1778210895062128346,-0.22411688410772967,-0.1581216144045161,0.1455329213397416,-0.20199130235751994,0.3358892195010288,-0.033379110399023304,0.09327077134355655,0.35152971694514257,0.17223620965896025,0.13103685053788006,0.032997634851605895,-0.3038452735179682,0.09479667353322618,-0.08678568703746059
1778210895073550093,1778210895082278833,-0.21915770199130336,-0.1581216144045161,0.1455329213397416,-0.20351720454718958,0.3355077439536114,-0.033379110399023304,0.09403372243839137,0.3496223392080555,0.16918440527962098,0.13370717936980192,0.032997634851605895,-0.3038452735179682,0.09021896696421727,-0.08678568703746059
1778210895093647131,1778210895102184043,-0.21534294651712926,-0.1581216144045161,0.1455329213397416,-0.20351720454718958,0.3358892195010288,-0.032997634851605895,0.09594110017547841,0.3484779125658033,0.1665140764476991,0.137521934843976,0.032997634851605895,-0.3038452735179682,0.08754863813229541,-0.08678568703746059
1778210895113903876,1778210895122175165,-0.21190966659037258,-0.1581216144045161,0.1455329213397416,-0.2042801556420244,0.3358892195010288,-0.032997634851605895,0.09632257572289582,0.34695201037613366,0.16422522316319466,0.1413366903181501,0.032997634851605895,-0.3038452735179682,0.08678568703746059,-0.08678568703746059
1778210895135010812,1778210895142144814,-0.20695048447394626,-0.1581216144045161,0.14591439688715901,-0.20542458228427662,0.3355077439536114,-0.032997634851605895,0.09632257572289582,0.345426108186464,0.1623178454261076,0.1447699702449068,0.032997634851605895,-0.3038452735179682,0.08678568703746059,-0.08640421149004318
1778210895156351875,1778210895162116444,-0.20199130235751994,-0.1581216144045161,0.14591439688715901,-0.20656900892652885,0.3358892195010288,-0.032616159304188486,0.09746700236514805,0.34313725490195957,0.16041046768902056,0.1497291523613331,0.032997634851605895,-0.3038452735179682,0.08640421149004318,-0.08640421149004318
1778210895172690034,1778210895182305061,-0.19893949797818067,-0.15697718776226388,0.14591439688715901,-0.20695048447394626,0.3358892195010288,-0.032997634851605895,0.09746700236514805,0.3408484016174551,0.15926604104676834,0.1539253833829246,0.032997634851605895,-0.3038452735179682,0.08602273594262577,-0.08602273594262577
1778210895201815841,1778210895202282892,-0.19245441367208294,-0.1539253833829246,0.14591439688715901,-0.20695048447394626,0.3362706950484462,-0.032616159304188486,0.10013733119706991,0.33779659723811584,0.15621423666742906,0.16002899214160315,0.033379110399023304,-0.3038452735179682,0.08411535820553873,-0.08487830930037354
1778210895213008173,1778210895222143253,-0.18978408484016107,-0.15163653009842015,0.14591439688715901,-0.20695048447394626,0.3366521705958636,-0.032234683756771076,0.10242618448157437,0.3355077439536114,0.15430685893034202,0.1619363698786902,0.033379110399023304,-0.3038452735179682,0.08106355382619945,-0.08411535820553873
1778210895234798288,1778210895242129427,-0.18406195162889993,-0.14744029907682865,0.14591439688715901,-0.20695048447394626,0.3366521705958636,-0.03070878156710144,0.1077668421454181,0.33054856183718506,0.14744029907682865,0.1661326009002817,0.033379110399023304,-0.3038452735179682,0.06961928740367718,-0.0829709315632865
1778210895255304922,1778210895262127853,-0.1787212939650562,-0.14400701915007197,0.14629587243457642,-0.20695048447394626,0.337033646143281,-0.03070878156710144,0.1077668421454181,0.32635233081559356,0.1413366903181501,0.1707103074692906,0.03376058594644071,-0.3038452735179682,0.061608300907911584,-0.08220798046845168
1778210895272939262,1778210895282153927,-0.17528801403829952,-0.1413366903181501,0.14705882352941124,-0.20695048447394626,0.337033646143281,-0.03032730601968403,0.1077668421454181,0.3236820019836717,0.1371404592965586,0.17299916075379507,0.03414206149385812,-0.3038452735179682,0.060463874265659356,-0.07991912718394723
1778210895296402878,1778210895302200110,-0.1699473563744558,-0.13981078812848047,0.14705882352941124,-0.20733196002136367,0.337033646143281,-0.028801403830014394,0.10929274433508773,0.31834134431982797,0.13370717936980192,0.17719539177538657,0.03566796368352776,-0.3038452735179682,0.060845349813076766,-0.078774700541695
1778210895317054011,1778210895322097118,-0.16536964980544688,-0.13790341039139342,0.14858472571908088,-0.20733196002136367,0.337033646143281,-0.027656977187762166,0.11310749980926182,0.31376363775081906,0.13103685053788006,0.18062867170214325,0.03643091477836258,-0.3034637979705508,0.060463874265659356,-0.07839322499427759
1778210895337871735,1778210895342196057,-0.1623178454261076,-0.1367589837491412,0.15239948119325497,-0.20733196002136367,0.3397039749752029,-0.02651255054550994,0.11501487754634887,0.3107118333714798,0.13027389944304524,0.18368047608148252,0.037956816968032214,-0.3034637979705508,0.060845349813076766,-0.078774700541695
1778210895358045916,1778210895362104230,-0.15697718776226388,-0.13599603265430638,0.15697718776226388,-0.20733196002136367,0.3400854505226203,-0.024986648355840302,0.11463340199893146,0.30842298008697533,0.12760357061112337,0.18902113374532625,0.03948271915770185,-0.30193789578088115,0.060845349813076766,-0.07839322499427759
1778210895378853021,1778210895382069905,-0.15163653009842015,-0.13561455710688897,0.15926604104676834,-0.20733196002136367,0.3404669260700377,-0.023460746166170665,0.11425192645151405,0.3061341268024709,0.12684061951628856,0.19169146257724812,0.0413900968947889,-0.3000305180437941,0.060463874265659356,-0.07839322499427759
1778210895398731345,1778210895402142441,-0.14591439688715901,-0.13561455710688897,0.16002899214160315,-0.20695048447394626,0.3404669260700377,-0.02193484397650103,0.11463340199893146,0.30422674906538383,0.12645914396887115,0.19436179140916998,0.042915999084458534,-0.29850461585412447,0.060845349813076766,-0.07839322499427759
1778210895414401753,1778210895422117921,-0.14057373922331529,-0.13561455710688897,0.1619363698786902,-0.20695048447394626,0.3404669260700377,-0.019645990691996573,0.11425192645151405,0.3023193713282968,0.12569619287403633,0.19703212024109185,0.04444190127412817,-0.29736018921187224,0.060463874265659356,-0.07839322499427759
1778210895438164935,1778210895442123347,-0.13370717936980192,-0.13561455710688897,0.16498817425802947,-0.20656900892652885,0.3404669260700377,-0.01697566186007471,0.11348897535667923,0.3000305180437923,0.12340733958953187,0.20046540016784853,0.046730754558632626,-0.2950713359273678,0.060463874265659356,-0.07839322499427759
1778210895458628983,1778210895462077561,-0.12722209506370596,-0.13561455710688897,0.1665140764476991,-0.20618753337911144,0.3404669260700377,-0.0165941863126573,0.11272602426184442,0.2985046158541227,0.12302586404211446,0.2035172045471878,0.04863813229571967,-0.29392690928511556,0.060845349813076766,-0.07839322499427759
1778210895479312504,1778210895482118297,-0.11921110856794037,-0.13561455710688897,0.16956588082703838,-0.20618753337911144,0.3404669260700377,-0.015068284122987663,0.11081864652475737,0.29621576256961824,0.12264438849469705,0.20580605783169226,0.05016403448538931,-0.29278248264286333,0.060463874265659356,-0.07839322499427759
1778210895500053143,1778210895502134480,-0.11310749980926182,-0.13561455710688897,0.17109178301670802,-0.20618753337911144,0.3404669260700377,-0.013542381933318026,0.11081864652475737,0.29278248264286155,0.12264438849469705,0.20847638666361412,0.05054551003280672,-0.2920195315480285,0.060463874265659356,-0.078774700541695
1778210895521347256,1778210895522110309,-0.10471503776607882,-0.13561455710688897,0.17299916075379507,-0.20618753337911144,0.3404669260700377,-0.012397955291065799,0.10967421988250514,0.28934920271610487,0.12264438849469705,0.20962081330586635,0.052071412222476354,-0.28934920271610665,0.061226825360494175,-0.078774700541695
1778210895541226374,1778210895542111164,-0.09746700236514805,-0.13561455710688897,0.1749065384908821,-0.20656900892652885,0.3408484016174551,-0.011253528648813571,0.10967421988250514,0.2862973983367656,0.12264438849469705,0.21114671549553599,0.05245288776989376,-0.2862973983367674,0.060463874265659356,-0.078774700541695
1778210895561699433,1778210895562219970,-0.08983749141679986,-0.13561455710688897,0.17681391622796916,-0.20656900892652885,0.3412298771648725,-0.011253528648813571,0.1081483176928355,0.2824826428625915,0.12264438849469705,0.21305409323262303,0.05245288776989376,-0.28210116731517587,0.061226825360494175,-0.078774700541695
1778210895572578761,1778210895582101358,-0.08640421149004318,-0.13561455710688897,0.1779583428702214,-0.20656900892652885,0.34161135271228993,-0.010872053101396162,0.10891126878767032,0.28057526512550446,0.12264438849469705,0.21419851987487526,0.052071412222476354,-0.2801937895780888,0.061608300907911584,-0.078774700541695
1778210895598178550,1778210895602128141,-0.07686732280460795,-0.13561455710688897,0.1787212939650562,-0.20695048447394626,0.34199282825970734,-0.011253528648813571,0.11081864652475737,0.278286411841,0.12264438849469705,0.21686884870679712,0.052071412222476354,-0.27294575417715805,0.06275272755016381,-0.078774700541695
1778210895612221525,1778210895622189419,-0.07343404287785127,-0.13561455710688897,0.1787212939650562,-0.20695048447394626,0.343518730449377,-0.011253528648813571,0.11272602426184442,0.2779049362935826,0.12264438849469705,0.2199206530861364,0.052071412222476354,-0.2702754253452362,0.06466010528725086,-0.078774700541695
1778210895636695306,1778210895642298465,-0.06427862973983345,-0.13561455710688897,0.1787212939650562,-0.20733196002136367,0.3450446326390466,-0.01163500419623098,0.11463340199893146,0.27256427862973887,0.12226291294727964,0.22182803082322344,0.052071412222476354,-0.262645914396888,0.0665674830243379,-0.078774700541695
1778210895656355631,1778210895662248733,-0.05550469214923304,-0.13561455710688897,0.1787212939650562,-0.20733196002136367,0.345426108186464,-0.011253528648813571,0.1161593041886011,0.2653162432288081,0.12149996185244483,0.22220950637064085,0.052071412222476354,-0.25577935454337464,0.06847486076142495,-0.078774700541695
1778210895677038614,1778210895682298806,-0.04901960784313708,-0.13561455710688897,0.1787212939650562,-0.20695048447394626,0.3477149614709685,-0.01163500419623098,0.11997405966277519,0.2569237811856251,0.12073701075761001,0.22297245746547567,0.052071412222476354,-0.24814984359502645,0.06771190966659013,-0.078774700541695
1778210895697793428,1778210895702167570,-0.042153047989623715,-0.13447013046463674,0.1787212939650562,-0.20656900892652885,0.3480964370183859,-0.01163500419623098,0.12264438849469705,0.2492942702372769,0.11959258411535778,0.2241168841077279,0.052071412222476354,-0.2412832837415131,0.06885633630884236,-0.078774700541695
1778210895719028121,1778210895722110522,-0.03566796368352776,-0.13141832608529747,0.1787212939650562,-0.20656900892652885,0.3477149614709685,-0.011253528648813571,0.12264438849469705,0.24395361257343318,0.11959258411535778,0.22602426184481494,0.052071412222476354,-0.23517967498283454,0.07114518959334681,-0.078774700541695
1778210895733731078,1778210895742107160,-0.03070878156710144,-0.13027389944304524,0.1787212939650562,-0.20656900892652885,0.3480964370183859,-0.011253528648813571,0.12302586404211446,0.23975738155184168,0.11959258411535778,0.2286945906767368,0.052071412222476354,-0.23098344396124304,0.07190814068818163,-0.078774700541695
1778210895752267868,1778210895762099118,-0.024605172808422893,-0.129129472800793,0.1787212939650562,-0.20656900892652885,0.3480964370183859,-0.011253528648813571,0.12340733958953187,0.23594262607766758,0.11959258411535778,0.23136491950865867,0.052071412222476354,-0.22716868848706895,0.0745784695201035,-0.07839322499427759
1778210895774635517,1778210895782220583,-0.017738612954909527,-0.1287479972533756,0.1787212939650562,-0.20656900892652885,0.3477149614709685,-0.010872053101396162,0.12722209506370596,0.2328908216983283,0.11959258411535778,0.236324101625085,0.052071412222476354,-0.22220950637064263,0.07572289616235572,-0.07839322499427759
1778210895795729154,1778210895802179491,-0.01163500419623098,-0.1283665217059582,0.17910276951247361,-0.20656900892652885,0.3480964370183859,-0.010490577553978753,0.129129472800793,0.23174639505607608,0.11959258411535778,0.23975738155184168,0.05245288776989376,-0.21839475089646854,0.078774700541695,-0.07839322499427759
1778210895812473402,1778210895822181456,-0.00705729762722207,-0.12684061951628856,0.18062867170214325,-0.20656900892652885,0.3477149614709685,-0.009346150911726525,0.13103685053788006,0.22907606622415422,0.11959258411535778,0.24280918593118095,0.05245288776989376,-0.21496147096971185,0.0829709315632865,-0.07839322499427759
1778210895841506036,1778210895842099178,0.0020981155107957505,-0.12378881513694928,0.1829175249866477,-0.20656900892652885,0.3477149614709685,-0.008583199816891707,0.13103685053788006,0.2244983596551453,0.11959258411535778,0.24662394140535504,0.05245288776989376,-0.21000228885328553,0.08564126039520836,-0.07763027389944277
1778210895853180011,1778210895862135292,0.004768444342717615,-0.12226291294727964,0.18444342717631734,-0.20656900892652885,0.3477149614709685,-0.008583199816891707,0.13141832608529747,0.22106507972838862,0.11959258411535778,0.24814984359502468,0.05245288776989376,-0.20542458228427662,0.08640421149004318,-0.07686732280460795
1778210895875833962,1778210895882351048,0.01163500419623098,-0.11921110856794037,0.18749523155565662,-0.20656900892652885,0.3477149614709685,-0.008201724269474298,0.13103685053788006,0.21877622644388417,0.11959258411535778,0.25043869687952913,0.05283436331731117,-0.19932097352559808,0.087167162584878,-0.07534142061493831
1778210895895571580,1778210895902134724,0.018120088502326936,-0.11692225528343592,0.18863965819790884,-0.20656900892652885,0.3477149614709685,-0.008201724269474298,0.13103685053788006,0.2161058976119623,0.11959258411535778,0.2527275501640336,0.05283436331731117,-0.19321736476691775,0.08754863813229541,-0.07343404287785127
1778210895916113868,1778210895922133956,0.023460746166170665,-0.11463340199893146,0.18978408484016107,-0.20656900892652885,0.3477149614709685,-0.008201724269474298,0.13103685053788006,0.21381704432745785,0.11959258411535778,0.2534905012588684,0.05283436331731117,-0.1863508049134044,0.09021896696421727,-0.07152666514076422
1778210895937271049,1778210895942140720,0.029564354924849212,-0.11120012207217478,0.1909285114824133,-0.20656900892652885,0.3477149614709685,-0.007820248722056888,0.1325627527275497,0.21076523994811858,0.11997405966277519,0.25463492790112063,0.05283436331731117,-0.17948424505989102,0.09288929579613914,-0.06923781185625977
1778210895952437175,1778210895962132404,0.03414206149385812,-0.10891126878767032,0.1909285114824133,-0.20656900892652885,0.34733348592355107,-0.007820248722056888,0.13408865491721933,0.20847638666361412,0.11959258411535778,0.25463492790112063,0.05359731441214599,-0.1741435873960473,0.09365224689097396,-0.06771190966659013
1778210895976001618,1778210895982172365,0.04062714579995408,-0.10662241550316587,0.1909285114824133,-0.20656900892652885,0.34733348592355107,-0.007820248722056888,0.13447013046463674,0.20428015564202262,0.11997405966277519,0.25463492790112063,0.05512321660181563,-0.16727702754253393,0.09365224689097396,-0.06427862973983345
1778210895997039349,1778210896002176266,0.046349279011215216,-0.10318913557640919,0.1909285114824133,-0.20656900892652885,0.34695201037613366,-0.00705729762722207,0.13523308155947156,0.20199130235751817,0.11997405966277519,0.25501640344853804,0.056649118791485265,-0.1615548943312728,0.09403372243839137,-0.06313420309758122
1778210896016938183,1778210896022131925,0.05092698558022413,-0.10128175783932214,0.1909285114824133,-0.20656900892652885,0.34733348592355107,-0.005912870984969842,0.137521934843976,0.20084687571526594,0.11997405966277519,0.25539787899595545,0.05855649652857231,-0.15583276112001165,0.09365224689097396,-0.06351567864499863
1778210896037797766,1778210896042106779,0.05436026550698081,-0.09822995345998287,0.1909285114824133,-0.20656900892652885,0.34695201037613366,-0.005149919890135024,0.14019226367589788,0.20084687571526594,0.11997405966277519,0.25577935454337286,0.061226825360494175,-0.15049210345616792,0.09403372243839137,-0.06313420309758122
1778210896059683551,1778210896062100542,0.0581750209811549,-0.09403372243839137,0.1909285114824133,-0.20656900892652885,0.34618905928129884,-0.002861066605630569,0.1409552147707327,0.20084687571526594,0.11997405966277519,0.2580682078278773,0.06427862973983345,-0.1451514457923242,0.09403372243839137,-0.061226825360494175
1778210896080489663,1778210896082102039,0.06008239871824195,-0.08983749141679986,0.1909285114824133,-0.20656900892652885,0.3439002059967944,-0.0017166399633783413,0.1409552147707327,0.20084687571526594,0.11997405966277519,0.2584496833752947,0.06733043411917272,-0.14019226367589788,0.09403372243839137,-0.060845349813076766
1778210896101090938,1778210896102104216,0.06198977645532899,-0.08564126039520836,0.1909285114824133,-0.20656900892652885,0.34237430380712475,0.0001907377737087046,0.1413366903181501,0.20084687571526594,0.1203555352101926,0.25921263447012954,0.07000076295109459,-0.13561455710688897,0.09365224689097396,-0.060463874265659356
1778210896120781229,1778210896122106032,0.06351567864499863,-0.08258945601586909,0.1909285114824133,-0.20656900892652885,0.3393224994277855,0.0024795910582131597,0.1413366903181501,0.20046540016784853,0.11997405966277519,0.26035706111238177,0.07267109178301645,-0.13103685053788006,0.09403372243839137,-0.060463874265659356
1778210896141237676,1778210896142116942,0.06351567864499863,-0.07801174944686018,0.1909285114824133,-0.20656900892652885,0.3362706950484462,0.002861066605630569,0.1417181658655675,0.20084687571526594,0.11997405966277519,0.2607385366597992,0.07534142061493831,-0.12760357061112337,0.09365224689097396,-0.060463874265659356
1778210896151560220,1778210896162112470,0.06351567864499863,-0.07648584725719054,0.1909285114824133,-0.20656900892652885,0.335126268406194,0.003242542153047978,0.1417181658655675,0.20046540016784853,0.1203555352101926,0.2611200122072166,0.07724879835202536,-0.12569619287403633,0.09365224689097396,-0.06008239871824195
1778210896173354852,1778210896182259399,0.06351567864499863,-0.07190814068818163,0.1909285114824133,-0.20656900892652885,0.3313115129320199,0.005912870984969842,0.14705882352941124,0.1997024490730137,0.1203555352101926,0.261501487754634,0.07953765163652982,-0.12264438849469705,0.09365224689097396,-0.06008239871824195
1778210896193292215,1778210896202130346,0.06351567864499863,-0.06923781185625977,0.1909285114824133,-0.20695048447394626,0.328641184100098,0.005912870984969842,0.15163653009842015,0.1989394979781789,0.1203555352101926,0.261501487754634,0.08182650492103427,-0.1203555352101926,0.09327077134355655,-0.05970092317082454
1778210896213820561,1778210896222102798,0.06313420309758122,-0.0661860074769205,0.1909285114824133,-0.20771343556878108,0.328641184100098,0.005912870984969842,0.1535439078355072,0.1989394979781789,0.1203555352101926,0.2618829633020514,0.08373388265812132,-0.11806668192568814,0.09288929579613914,-0.05970092317082454
1778210896234406957,1778210896242234729,0.06313420309758122,-0.06275272755016381,0.1909285114824133,-0.2080949111161985,0.3282597085526806,0.005912870984969842,0.15468833447775943,0.1989394979781789,0.1203555352101926,0.26379034103913845,0.08564126039520836,-0.1161593041886011,0.09212634470130432,-0.05970092317082454
1778210896255098660,1778210896262169498,0.06275272755016381,-0.05970092317082454,0.1909285114824133,-0.2080949111161985,0.328641184100098,0.005531395437552433,0.15621423666742906,0.1989394979781789,0.1203555352101926,0.26417181658655586,0.08678568703746059,-0.11501487754634887,0.09021896696421727,-0.05970092317082454
1778210896276424692,1778210896282138355,0.06313420309758122,-0.056267643244067855,0.1909285114824133,-0.2084763866636159,0.328641184100098,0.005531395437552433,0.15621423666742906,0.1989394979781789,0.1203555352101926,0.2649347676813907,0.08831158922713023,-0.11539635309376628,0.08983749141679986,-0.05931944762340713
1778210896296017009,1778210896302230045,0.06313420309758122,-0.05512321660181563,0.1909285114824133,-0.2084763866636159,0.328641184100098,0.005531395437552433,0.15545128557259424,0.1989394979781789,0.1203555352101926,0.2664606698710603,0.08869306477454764,-0.11501487754634887,0.09021896696421727,-0.05855649652857231
1778210896302534117,1778210896322115061,0.06313420309758122,-0.05436026550698081,0.1909285114824133,-0.2084763866636159,0.328641184100098,0.005531395437552433,0.15278095674067238,0.1989394979781789,0.1203555352101926,0.2664606698710603,0.08869306477454764,-0.11539635309376628,0.09021896696421727,-0.0581750209811549
1778210896333571035,1778210896342098421,0.06313420309758122,-0.051308461127641536,0.1909285114824133,-0.2084763866636159,0.328641184100098,0.004768444342717615,0.1493476768139157,0.1989394979781789,0.1203555352101926,0.2668421454184777,0.08907454032196505,-0.11539635309376628,0.08983749141679986,-0.0581750209811549
1778210896355547624,1778210896362262551,0.06313420309758122,-0.05054551003280672,0.1909285114824133,-0.2080949111161985,0.328641184100098,0.004768444342717615,0.14782177462424606,0.1989394979781789,0.1203555352101926,0.2668421454184777,0.08869306477454764,-0.11539635309376628,0.08983749141679986,-0.05779354543373749
1778210896375326531,1778210896382271532,0.06313420309758122,-0.05054551003280672,0.1909285114824133,-0.20771343556878108,0.328641184100098,0.004768444342717615,0.1447699702449068,0.1989394979781789,0.1203555352101926,0.2664606698710603,0.08869306477454764,-0.11539635309376628,0.08945601586938245,-0.05741206988632008
1778210896396082310,1778210896402162705,0.06275272755016381,-0.05054551003280672,0.1909285114824133,-0.2080949111161985,0.328641184100098,0.005149919890135024,0.1409552147707327,0.1993209735255963,0.1203555352101926,0.2660791943236429,0.08869306477454764,-0.11539635309376628,0.08869306477454764,-0.057030594338902674
1778210896416771573,1778210896422121261,0.06275272755016381,-0.05054551003280672,0.1909285114824133,-0.2080949111161985,0.328641184100098,0.005149919890135024,0.1413366903181501,0.20160982681010076,0.1203555352101926,0.2656977187762255,0.08869306477454764,-0.11539635309376628,0.08640421149004318,-0.057030594338902674
1778210896437852712,1778210896442110282,0.06275272755016381,-0.05054551003280672,0.1909285114824133,-0.2080949111161985,0.328641184100098,0.005531395437552433,0.1409552147707327,0.20275425345235298,0.1203555352101926,0.2649347676813907,0.08869306477454764,-0.11539635309376628,0.08564126039520836,-0.057030594338902674
1778210896457792931,1778210896462128517,0.0623712520027464,-0.05054551003280672,0.1909285114824133,-0.2080949111161985,0.328641184100098,0.005531395437552433,0.1413366903181501,0.20275425345235298,0.1203555352101926,0.2622644388494688,0.08869306477454764,-0.11501487754634887,0.08564126039520836,-0.057030594338902674
1778210896474285518,1778210896482131619,0.0623712520027464,-0.05054551003280672,0.1909285114824133,-0.2080949111161985,0.3290226596475154,0.005531395437552433,0.14209964141298492,0.20275425345235298,0.12073701075761001,0.25959411001754695,0.08869306477454764,-0.11501487754634887,0.08525978484779095,-0.057030594338902674
1778210896499457340,1778210896502120695,0.06198977645532899,-0.05054551003280672,0.1909285114824133,-0.2080949111161985,0.32940413519493283,0.005149919890135024,0.1447699702449068,0.2031357289997704,0.12073701075761001,0.2573052567330425,0.08869306477454764,-0.112344548714427,0.08411535820553873,-0.057030594338902674
1778210896514254060,1778210896522132821,0.061226825360494175,-0.05054551003280672,0.1909285114824133,-0.2084763866636159,0.33093003738460247,0.005149919890135024,0.14667734798199383,0.2038986800946052,0.12073701075761001,0.2542534523537032,0.08869306477454764,-0.11043717097733996,0.08258945601586909,-0.057030594338902674
1778210896537464040,1778210896542104269,0.060463874265659356,-0.05054551003280672,0.1909285114824133,-0.20962081330586813,0.33855954833295065,0.005149919890135024,0.15278095674067238,0.2080949111161967,0.12073701075761001,0.25196459906919877,0.08869306477454764,-0.10852979324025291,0.08106355382619945,-0.057030594338902674
1778210896558208946,1778210896562156663,0.06008239871824195,-0.05054551003280672,0.1909285114824133,-0.21000228885328553,0.34657053482871625,0.005149919890135024,0.1539253833829246,0.2119096665903708,0.12073701075761001,0.25082017242694654,0.08869306477454764,-0.10624093995574846,0.07839322499427759,-0.057030594338902674
1778210896578674626,1778210896582370759,0.05779354543373749,-0.05054551003280672,0.1909285114824133,-0.21038376440070294,0.35420004577706443,0.005149919890135024,0.15430685893034202,0.2153429465171275,0.12073701075761001,0.24814984359502468,0.08869306477454764,-0.10433356221866141,0.07572289616235572,-0.057030594338902674
1778210896593157911,1778210896602226740,0.05741206988632008,-0.05054551003280672,0.1909285114824133,-0.21076523994812035,0.360303654535743,0.005531395437552433,0.1573586633096813,0.21801327534904935,0.12073701075761001,0.24624246585793763,0.08869306477454764,-0.1035706111238266,0.07610437170977313,-0.057030594338902674
1778210896613952912,1778210896622176494,0.05474174105439822,-0.05054551003280672,0.1909285114824133,-0.21076523994812035,0.36831464103150857,0.005531395437552433,0.1577401388570987,0.219539177538719,0.12073701075761001,0.24319066147859836,0.08831158922713023,-0.10318913557640919,0.0749599450675209,-0.05741206988632008
1778210896632590179,1778210896642118014,0.05436026550698081,-0.05054551003280672,0.1909285114824133,-0.21076523994812035,0.37594415197985676,0.005149919890135024,0.1577401388570987,0.2203021286335538,0.12073701075761001,0.2405203326466765,0.08831158922713023,-0.10318913557640919,0.0749599450675209,-0.05741206988632008
1778210896655116456,1778210896662132424,0.04940108339055449,-0.05054551003280672,0.1909285114824133,-0.21076523994812035,0.3870069428549616,0.005149919890135024,0.15850308995193352,0.22297245746547567,0.12073701075761001,0.23823147936217204,0.08831158922713023,-0.10318913557640919,0.07534142061493831,-0.057030594338902674
1778210896676558641,1778210896682159414,0.046349279011215216,-0.05054551003280672,0.1909285114824133,-0.21076523994812035,0.3953994048981482,0.005149919890135024,0.15964751659418575,0.22640573739223235,0.12111848630502742,0.23746852826733722,0.08831158922713023,-0.10318913557640919,0.0749599450675209,-0.05741206988632008
1778210896696352599,1778210896702229985,0.04329747463187594,-0.05092698558022413,0.1909285114824133,-0.21038376440070294,0.4053177691310008,0.005149919890135024,0.16002899214160315,0.23136491950865867,0.12111848630502742,0.2367055771725024,0.08793011367971282,-0.1035706111238266,0.07534142061493831,-0.05741206988632008
1778210896717213255,1778210896722234269,0.04024567025253667,-0.05092698558022413,0.1909285114824133,-0.21038376440070294,0.41142137788967936,0.004768444342717615,0.16002899214160315,0.23441672388799795,0.12188143739986224,0.23556115053025017,0.08793011367971282,-0.1035706111238266,0.0749599450675209,-0.05741206988632008
1778210896737513136,1778210896742168628,0.03643091477836258,-0.05283436331731117,0.1909285114824133,-0.21038376440070294,0.4163805600061057,0.005149919890135024,0.16002899214160315,0.236324101625085,0.12340733958953187,0.23517967498283276,0.08793011367971282,-0.1035706111238266,0.07534142061493831,-0.05741206988632008
1778210896752479502,1778210896762148975,0.033379110399023304,-0.05436026550698081,0.1909285114824133,-0.21038376440070294,0.41828793774319273,0.004768444342717615,0.16002899214160315,0.23785000381475463,0.12340733958953187,0.23517967498283276,0.08793011367971282,-0.1035706111238266,0.07534142061493831,-0.05741206988632008
1778210896773584074,1778210896782202081,0.029182879377431803,-0.056649118791485265,0.1909285114824133,-0.21038376440070294,0.4221026932173668,0.004768444342717615,0.16002899214160315,0.24013885709925908,0.12378881513694928,0.23479819943541536,0.08793011367971282,-0.10624093995574846,0.07534142061493831,-0.05741206988632008
1778210896792532881,1778210896802206716,0.02651255054550994,-0.06008239871824195,0.1909285114824133,-0.21000228885328553,0.4289692530708802,0.005149919890135024,0.16002899214160315,0.24204623483634613,0.12378881513694928,0.23479819943541536,0.08793011367971282,-0.10929274433508773,0.07534142061493831,-0.05741206988632008
1778210896814976189,1778210896822191949,0.0207904173342488,-0.06275272755016381,0.1909285114824133,-0.21000228885328553,0.4346913862821413,0.005149919890135024,0.16002899214160315,0.24242771038376354,0.12378881513694928,0.23365377279316313,0.087167162584878,-0.11539635309376628,0.07534142061493831,-0.05741206988632008
1778210896832558136,1778210896842108768,0.0165941863126573,-0.06504158083466827,0.1913099870298307,-0.21000228885328553,0.4377431906614806,0.004768444342717615,0.16041046768902056,0.24280918593118095,0.12378881513694928,0.2325093461509109,0.08678568703746059,-0.11959258411535778,0.0749599450675209,-0.05741206988632008
1778210896855279116,1778210896862137994,0.011253528648813571,-0.06694895857175531,0.19207293812466553,-0.20962081330586813,0.44499122606241137,0.004768444342717615,0.16041046768902056,0.24395361257343318,0.12417029068436669,0.23174639505607608,0.08564126039520836,-0.12531471732661892,0.0745784695201035,-0.05779354543373749
1778210896876402029,1778210896882116437,0.006675822079804661,-0.06809338521400754,0.19207293812466553,-0.21000228885328553,0.45262073701075956,0.004768444342717615,0.16079194323643797,0.24814984359502468,0.12417029068436669,0.22983901731898904,0.08411535820553873,-0.12989242389562783,0.0745784695201035,-0.05779354543373749
1778210896896287353,1778210896902365916,0.0013351644159609322,-0.06923781185625977,0.19207293812466553,-0.20962081330586813,0.46025024795910774,0.004768444342717615,0.16308079652094243,0.2523460746166162,0.1245517662317841,0.2286945906767368,0.08258945601586909,-0.13447013046463674,0.0749599450675209,-0.0581750209811549
1778210896912771778,1778210896922159843,-0.0024795910582131597,-0.06961928740367718,0.19321736476691775,-0.20962081330586813,0.46444647898069924,0.004768444342717615,0.1665140764476991,0.25463492790112063,0.1245517662317841,0.22678721293964976,0.08106355382619945,-0.1371404592965586,0.0749599450675209,-0.0581750209811549
1778210896941346658,1778210896942100738,-0.008583199816891707,-0.06961928740367718,0.1951247425040048,-0.21000228885328553,0.47322041657129965,0.004386968795300206,0.16803997863736875,0.2573052567330425,0.12760357061112337,0.22297245746547567,0.07839322499427759,-0.1413366903181501,0.0749599450675209,-0.0581750209811549
1778210896953678461,1778210896962132043,-0.014305333028152845,-0.070382238498512,0.19626916914625703,-0.20962081330586813,0.4793240253299782,0.004386968795300206,0.16803997863736875,0.25921263447012954,0.12798504615854078,0.22106507972838862,0.07686732280460795,-0.1447699702449068,0.0745784695201035,-0.05893797207598972
1778210896975080778,1778210896982111331,-0.02040894178683139,-0.07228961623559904,0.19855802243076148,-0.20962081330586813,0.488479438467996,0.004386968795300206,0.1703288319218732,0.26379034103913845,0.12989242389562783,0.21839475089646676,0.07572289616235572,-0.1489662012664983,0.0749599450675209,-0.05893797207598972
1778210896996571251,1778210897002165829,-0.02536812390325771,-0.07610437170977313,0.1993209735255963,-0.20962081330586813,0.4999237048905183,0.004386968795300206,0.17376211184862989,0.2695124742503996,0.13141832608529747,0.21648737315937971,0.07419699397268609,-0.15278095674067238,0.0745784695201035,-0.05931944762340713
1778210897012571398,1778210897022111448,-0.03070878156710144,-0.07801174944686018,0.1993209735255963,-0.20962081330586813,0.5079346913862839,0.004386968795300206,0.17566948958571693,0.2733272297245737,0.13141832608529747,0.21381704432745785,0.07305256733043386,-0.15545128557259424,0.0749599450675209,-0.06008239871824195
1778210897032513531,1778210897042128772,-0.03643091477836258,-0.08030060273136463,0.20008392462043112,-0.20962081330586813,0.5189974822613888,0.0040054932478827965,0.1779583428702214,0.27637903410391296,0.13218127718013228,0.20885786221103153,0.07228961623559904,-0.15850308995193352,0.0749599450675209,-0.06008239871824195
1778210897052919143,1778210897062194252,-0.042153047989623715,-0.08182650492103427,0.20160982681010076,-0.20962081330586813,0.5338750286106677,0.0020981155107957505,0.17986572060730843,0.2779049362935826,0.1333257038223845,0.20618753337910967,0.0707637140459294,-0.16117341878385538,0.07381551842526868,-0.060463874265659356
1778210897073923169,1778210897082289361,-0.05016403448538931,-0.08335240711070391,0.2031357289997704,-0.21000228885328553,0.5514229037918685,0.0020981155107957505,0.18368047608148252,0.28057526512550446,0.13523308155947156,0.20199130235751817,0.06847486076142495,-0.16346227206835984,0.07419699397268609,-0.060463874265659356
1778210897092157592,1778210897102192683,-0.05512321660181563,-0.08449683375295614,0.20466163118944003,-0.21000228885328553,0.5678263523308171,0.0017166399633783413,0.1867322804608218,0.28439002059967855,0.13561455710688897,0.20008392462043112,0.06771190966659013,-0.16460669871061206,0.07534142061493831,-0.060845349813076766
1778210897115123725,1778210897122135625,-0.06313420309758122,-0.08602273594262577,0.20504310673685744,-0.21000228885328553,0.5830853742275135,0.0017166399633783413,0.1871137560082392,0.2874418249790178,0.13599603265430638,0.19665064469367444,0.06542305638208568,-0.16536964980544688,0.0745784695201035,-0.060845349813076766
1778210897135513144,1778210897142124122,-0.07114518959334681,-0.08640421149004318,0.20504310673685744,-0.21000228885328553,0.5945296406500358,0.0001907377737087046,0.1871137560082392,0.2874418249790178,0.1371404592965586,0.19245441367208294,0.06313420309758122,-0.16536964980544688,0.07534142061493831,-0.060845349813076766
1778210897155118836,1778210897162110419,-0.07801174944686018,-0.08640421149004318,0.20504310673685744,-0.21000228885328553,0.6033035782406362,-0.0005722133211261138,0.18978408484016107,0.2874418249790178,0.13904783703364565,0.18978408484016107,0.061608300907911584,-0.16536964980544688,0.07534142061493831,-0.060845349813076766
1778210897172509626,1778210897182102909,-0.08373388265812132,-0.08640421149004318,0.20504310673685744,-0.21000228885328553,0.6078812848096451,-0.0013351644159609322,0.19245441367208294,0.28782330052643523,0.13942931258106306,0.18787670710307403,0.060845349813076766,-0.16536964980544688,0.07534142061493831,-0.060463874265659356
1778210897196108132,1778210897202158380,-0.09327077134355655,-0.08640421149004318,0.20504310673685744,-0.21000228885328553,0.6151293202105759,-0.002861066605630569,0.19436179140916998,0.2897306782635223,0.14057373922331529,0.1867322804608218,0.05931944762340713,-0.1657511253528643,0.07572289616235572,-0.060463874265659356
1778210897216801136,1778210897222179624,-0.10128175783932214,-0.08640421149004318,0.20504310673685744,-0.21000228885328553,0.61894407568475,-0.003242542153047978,0.1955062180514222,0.29278248264286155,0.14248111696040233,0.18596932936598698,0.0581750209811549,-0.16689555199511652,0.07572289616235572,-0.060463874265659356
1778210897237929412,1778210897242119754,-0.10967421988250514,-0.08640421149004318,0.20504310673685744,-0.21038376440070294,0.622758831158924,-0.0036240177004653873,0.19588769359883962,0.2958342870222008,0.14286259250781974,0.18558785381856957,0.05779354543373749,-0.1703288319218732,0.07610437170977313,-0.060845349813076766
1778210897257483340,1778210897262127449,-0.11844815747310555,-0.08678568703746059,0.20504310673685744,-0.21038376440070294,0.6300068665598548,-0.0036240177004653873,0.19588769359883962,0.29774166475928787,0.14324406805523715,0.18558785381856957,0.05779354543373749,-0.17528801403829952,0.07572289616235572,-0.060463874265659356
1778210897278088518,1778210897282211804,-0.12607766842145374,-0.087167162584878,0.20504310673685744,-0.21038376440070294,0.6380178530556204,-0.0036240177004653873,0.19626916914625703,0.2996490424963749,0.14362554360265456,0.18558785381856957,0.05779354543373749,-0.18101014724956066,0.07686732280460795,-0.060463874265659356
1778210897298823860,1778210897302133952,-0.13485160601205415,-0.08907454032196505,0.20504310673685744,-0.21038376440070294,0.6414511329823771,-0.0040054932478827965,0.19779507133592666,0.3019378957808794,0.14362554360265456,0.18558785381856957,0.05779354543373749,-0.1863508049134044,0.07686732280460795,-0.060463874265659356
1778210897314815963,1778210897322111839,-0.14019226367589788,-0.09250782024872173,0.20504310673685744,-0.21000228885328553,0.6445029373617164,-0.004768444342717615,0.19665064469367444,0.3038452735179664,0.14438849469748938,0.18558785381856957,0.0581750209811549,-0.1905470359349959,0.07953765163652982,-0.060845349813076766
1778210897338870655,1778210897342138214,-0.15049210345616792,-0.09670405127031323,0.20504310673685744,-0.21000228885328553,0.6448844129091338,-0.005912870984969842,0.18978408484016107,0.30537117570763606,0.14667734798199383,0.18558785381856957,0.0581750209811549,-0.1958876935988414,0.08030060273136463,-0.060463874265659356
1778210897359237691,1778210897362103894,-0.1573586633096813,-0.10013733119706991,0.20466163118944003,-0.21000228885328553,0.6445029373617164,-0.006294346532387252,0.1829175249866477,0.3076600289921405,0.14705882352941124,0.18558785381856957,0.0581750209811549,-0.20160982681010253,0.08564126039520836,-0.060463874265659356
1778210897379796309,1778210897382132775,-0.1657511253528643,-0.10509651331349623,0.20466163118944003,-0.20962081330586813,0.6445029373617164,-0.00705729762722207,0.17757686732280398,0.30918593118181015,0.14744029907682865,0.18558785381856957,0.05779354543373749,-0.2080949111161985,0.08602273594262577,-0.060463874265659356
1778210897400683913,1778210897402115130,-0.17185473411154284,-0.11043717097733996,0.20466163118944003,-0.20962081330586813,0.644121461814299,-0.008201724269474298,0.17261768520637766,0.3110933089188972,0.14782177462424606,0.18482490272373475,0.05779354543373749,-0.21572442206454667,0.087167162584878,-0.060463874265659356
1778210897421563761,1778210897422171332,-0.17757686732280398,-0.11692225528343592,0.20428015564202262,-0.21000228885328553,0.6429770351720467,-0.009346150911726525,0.16956588082703838,0.3149080643930713,0.14858472571908088,0.18406195162889993,0.05779354543373749,-0.22259098191806004,0.08678568703746059,-0.060463874265659356
1778210897441348879,1778210897442101354,-0.1829175249866477,-0.12111848630502742,0.20237277790493557,-0.21000228885328553,0.6387808041504552,-0.01163500419623098,0.1665140764476991,0.31834134431982797,0.15011062790875052,0.18177309834439548,0.05779354543373749,-0.2294575417715734,0.09060044251163468,-0.060845349813076766
1778210897452243553,1778210897462135446,-0.18558785381856957,-0.12569619287403633,0.20160982681010076,-0.21000228885328553,0.6361104753185334,-0.01201647974364839,0.16498817425802947,0.3194857709620802,0.15011062790875052,0.18139162279697807,0.05779354543373749,-0.2332722972457475,0.09288929579613914,-0.060845349813076766
1778210897473000461,1778210897482264911,-0.1909285114824133,-0.13218127718013228,0.20084687571526594,-0.20962081330586813,0.6330586709391941,-0.014686808575570254,0.15926604104676834,0.32177462424658465,0.15011062790875052,0.1783398184176388,0.05779354543373749,-0.24052033264667827,0.09479667353322618,-0.060845349813076766
1778210897492929515,1778210897502155846,-0.1958876935988414,-0.1371404592965586,0.19817654688334407,-0.2088578622110333,0.6265735866330981,-0.01697566186007471,0.15506981002517684,0.3233005264362543,0.15011062790875052,0.1745250629434647,0.05779354543373749,-0.24776836804760904,0.09479667353322618,-0.06198977645532899
1778210897519370476,1778210897522115226,-0.20122835126268512,-0.1455329213397416,0.19398031586175257,-0.20695048447394626,0.6162737468528281,-0.019264515144579164,0.1451514457923242,0.32673380636301097,0.15049210345616792,0.1703288319218732,0.05779354543373749,-0.2550164034485398,0.09670405127031323,-0.06389715419241604
1778210897535308063,1778210897542223585,-0.203898680094607,-0.15125505455100274,0.19207293812466553,-0.20656900892652885,0.6090257114518973,-0.02040894178683139,0.13981078812848047,0.33016708628976765,0.15049210345616792,0.16880292973220357,0.05779354543373749,-0.25997558556496614,0.09784847791256546,-0.06427862973983345
1778210897561556336,1778210897562131513,-0.21038376440070294,-0.16002899214160315,0.18863965819790884,-0.20656900892652885,0.595674067292288,-0.02040894178683139,0.13599603265430638,0.3355077439536114,0.15087357900358533,0.16498817425802947,0.05741206988632008,-0.2664606698710621,0.09861142900740028,-0.06466010528725086
1778210897573146573,1778210897582223568,-0.2126726176852074,-0.1657511253528643,0.18787670710307403,-0.20656900892652885,0.5880445563439398,-0.02155336842908362,0.13103685053788006,0.33855954833295065,0.15087357900358533,0.16269932097352502,0.05741206988632008,-0.2702754253452362,0.0993743801022351,-0.06504158083466827
1778210897594187832,1778210897602281268,-0.21801327534905113,-0.17109178301670802,0.1871137560082392,-0.20656900892652885,0.5766002899214175,-0.024986648355840302,0.12531471732661892,0.34199282825970734,0.15087357900358533,0.15926604104676834,0.05741206988632008,-0.2748531319142451,0.10090028229190473,-0.06504158083466827
1778210897612357200,1778210897622210905,-0.2214465552758078,-0.17757686732280398,0.18444342717631734,-0.20695048447394626,0.5643930724040604,-0.02574959945067512,0.11806668192568814,0.3439002059967944,0.15163653009842015,0.15659571221484647,0.05741206988632008,-0.27714198519874955,0.10204470893415696,-0.06504158083466827
1778210897636233864,1778210897642154135,-0.22678721293965154,-0.18520637827115216,0.18101014724956066,-0.20656900892652885,0.5525673304341208,-0.02613107499809253,0.11425192645151405,0.3480964370183859,0.1535439078355072,0.1531624322880898,0.057030594338902674,-0.2798123140306714,0.10128175783932214,-0.06542305638208568
1778210897656857195,1778210897662181544,-0.23174639505607786,-0.1913099870298307,0.1779583428702214,-0.20695048447394626,0.5403601129167637,-0.02574959945067512,0.10891126878767032,0.3526741435873948,0.15468833447775943,0.15125505455100274,0.056649118791485265,-0.2824826428625933,0.10166323338673955,-0.0661860074769205
1778210897677208551,1778210897682168886,-0.23670557717250418,-0.19550621805142399,0.1745250629434647,-0.20733196002136367,0.5281528953994066,-0.02651255054550994,0.10128175783932214,0.35420004577706443,0.15697718776226388,0.14820325017166347,0.05550469214923304,-0.28515297169451514,0.10128175783932214,-0.06733043411917272
1778210897697851978,1778210897702192415,-0.24013885709926086,-0.20160982681010253,0.1699473563744558,-0.2084763866636159,0.5155642023346321,-0.027656977187762166,0.09174486915388691,0.35458152132448184,0.1581216144045161,0.1447699702449068,0.05436026550698081,-0.2866788738841848,0.10051880674448732,-0.06847486076142495
1778210897718219447,1778210897722124471,-0.24509803921568718,-0.20695048447394626,0.16536964980544688,-0.21038376440070294,0.5029755092698576,-0.028038452735179575,0.08983749141679986,0.35458152132448184,0.1581216144045161,0.14209964141298492,0.05321583886472858,-0.2882047760738544,0.0997558556496525,-0.06923781185625977
1778210897732307740,1778210897742163483,-0.24700541695277423,-0.21114671549553776,0.1623178454261076,-0.21076523994812035,0.4995422293431009,-0.028038452735179575,0.08831158922713023,0.35458152132448184,0.1581216144045161,0.14019226367589788,0.05054551003280672,-0.28934920271610665,0.09784847791256546,-0.06961928740367718
1778210897754056627,1778210897762121323,-0.25158312352178314,-0.21610589761196408,0.16002899214160315,-0.21076523994812035,0.4922941939421701,-0.028038452735179575,0.08678568703746059,0.35458152132448184,0.15850308995193352,0.13790341039139342,0.04901960784313708,-0.2904936293583589,0.095559624628061,-0.07114518959334681
1778210897772498617,1778210897782131386,-0.2546349279011224,-0.220683604180973,0.15697718776226388,-0.21114671549553776,0.4846646829938219,-0.028038452735179575,0.0829709315632865,0.35458152132448184,0.15850308995193352,0.1371404592965586,0.04901960784313708,-0.2912565804531937,0.09365224689097396,-0.07267109178301645
1778210897794905647,1778210897802103068,-0.25959411001754873,-0.2256427862973993,0.15468833447775943,-0.2126726176852074,0.480086976424813,-0.028419928282596985,0.07572289616235572,0.3564888990615689,0.15850308995193352,0.13599603265430638,0.046349279011215216,-0.29392690928511556,0.09288929579613914,-0.07305256733043386
1778210897812750475,1778210897822253290,-0.2630273899443054,-0.23098344396124304,0.1535439078355072,-0.21534294651712926,0.47665369649805633,-0.028038452735179575,0.06961928740367718,0.35915922789349075,0.15850308995193352,0.13599603265430638,0.04482337682154558,-0.29697871366445483,0.09250782024872173,-0.07343404287785127
1778210897835913234,1778210897842120628,-0.2676050965133143,-0.23594262607766936,0.1535439078355072,-0.21953917753872076,0.4705500877393778,-0.028038452735179575,0.06771190966659013,0.36259250782024743,0.15850308995193352,0.13599603265430638,0.04329747463187594,-0.30155642023346374,0.09288929579613914,-0.07381551842526868
1778210897856640824,1778210897862115596,-0.2702754253452362,-0.2412832837415131,0.15278095674067238,-0.22602426184481672,0.46482795452811665,-0.028038452735179575,0.0623712520027464,0.3648813611047519,0.15850308995193352,0.13599603265430638,0.041771572442206306,-0.30689707789730747,0.09250782024872173,-0.07419699397268609
1778210897877253903,1778210897882210846,-0.27256427862974064,-0.24700541695277423,0.15201800564583756,-0.23022049286640822,0.4583428702220207,-0.028419928282596985,0.060845349813076766,0.3660257877470041,0.15850308995193352,0.13561455710688897,0.04100862134737149,-0.313000686655986,0.09021896696421727,-0.07534142061493831
1778210897898267517,1778210897902215977,-0.27332722972457546,-0.25234607461661795,0.15049210345616792,-0.2336537727931649,0.4545281147478466,-0.028419928282596985,0.05779354543373749,0.3664072632944215,0.15850308995193352,0.13561455710688897,0.04024567025253667,-0.3202487220569168,0.08983749141679986,-0.07572289616235572
1778210897919560476,1778210897922102009,-0.2744716563668277,-0.2584496833752965,0.15011062790875052,-0.23441672388799972,0.4510948348210899,-0.028419928282596985,0.05436026550698081,0.36717021438925634,0.15850308995193352,0.13485160601205415,0.04062714579995408,-0.32711528191043016,0.09021896696421727,-0.07572289616235572
1778210897939592093,1778210897942106289,-0.2748531319142451,-0.2622644388494706,0.15011062790875052,-0.23670557717250418,0.4472800793469158,-0.028801403830014394,0.05359731441214599,0.36678873884183893,0.15926604104676834,0.13218127718013228,0.04062714579995408,-0.3339818417639435,0.09060044251163468,-0.07572289616235572
1778210897961060193,1778210897962103076,-0.2744716563668277,-0.26836804760814914,0.15011062790875052,-0.2370870527199216,0.44384679942015914,-0.028801403830014394,0.05359731441214599,0.36678873884183893,0.16079194323643797,0.13027389944304524,0.04100862134737149,-0.3408484016174569,0.09060044251163468,-0.07610437170977313
1778210897981204583,1778210897982142032,-0.2740901808194103,-0.27218280308232323,0.1489662012664983,-0.24052033264667827,0.44041351949340246,-0.029564354924849212,0.052071412222476354,0.36678873884183893,0.1619363698786902,0.12798504615854078,0.04100862134737149,-0.34847791256580507,0.09327077134355655,-0.07648584725719054
1778210898001819657,1778210898002219164,-0.27370870527199287,-0.27790493629358437,0.14744029907682865,-0.2416647592889305,0.43583581292439355,-0.03032730601968403,0.05092698558022413,0.36678873884183893,0.16384374761577725,0.12378881513694928,0.04100862134737149,-0.35610742351415325,0.09479667353322618,-0.07648584725719054
1778210898017620790,1778210898022274055,-0.27256427862974064,-0.28210116731517587,0.1451514457923242,-0.24433508812085236,0.4327840085450543,-0.03109025711451885,0.05054551003280672,0.36678873884183893,0.1661326009002817,0.12378881513694928,0.04100862134737149,-0.3618295567254144,0.095559624628061,-0.07648584725719054
1778210898038127638,1778210898042129305,-0.2714198519874884,-0.2874418249790196,0.1409552147707327,-0.24471656366826977,0.43163958190280205,-0.03185320820935367,0.046349279011215216,0.36678873884183893,0.16803997863736875,0.1203555352101926,0.04100862134737149,-0.36831464103151035,0.09784847791256546,-0.07648584725719054
1778210898059551003,1778210898062102170,-0.2706569008926536,-0.29392690928511556,0.1367589837491412,-0.24433508812085236,0.42820630197604537,-0.032616159304188486,0.0455863279163804,0.36678873884183893,0.16956588082703838,0.11806668192568814,0.04100862134737149,-0.37670710307469335,0.09784847791256546,-0.07648584725719054
1778210898079121736,1778210898082104640,-0.2698939497978188,-0.29736018921187224,0.13218127718013228,-0.24433508812085236,0.4255359731441235,-0.03376058594644071,0.04406042572671076,0.36678873884183893,0.1703288319218732,0.11463340199893146,0.04100862134737149,-0.3835736629282067,0.09784847791256546,-0.07648584725719054
1778210898092882974,1778210898102143948,-0.26913099870298396,-0.3007934691386289,0.12722209506370596,-0.24433508812085236,0.4251544975967061,-0.03452353704127553,0.04406042572671076,0.36678873884183893,0.17261768520637766,0.11158159761959219,0.04062714579995408,-0.3870069428549634,0.09746700236514805,-0.07648584725719054
1778210898115179231,1778210898122104731,-0.26798657206073173,-0.30537117570763783,0.12111848630502742,-0.24433508812085236,0.4247730220492887,-0.03528648813611035,0.04406042572671076,0.36678873884183893,0.1749065384908821,0.1081483176928355,0.04100862134737149,-0.3946364538033116,0.09708552681773064,-0.07648584725719054
1778210898132427197,1778210898142115074,-0.26798657206073173,-0.3088044556343945,0.1161593041886011,-0.24395361257343495,0.4243915465018713,-0.03604943923094517,0.04406042572671076,0.36678873884183893,0.17681391622796916,0.10509651331349623,0.04100862134737149,-0.3988326848249031,0.09708552681773064,-0.07648584725719054
1778210898156346850,1778210898162121877,-0.26798657206073173,-0.3122377355611512,0.112344548714427,-0.24395361257343495,0.4209582665751146,-0.03681239032577999,0.04406042572671076,0.36678873884183893,0.17681391622796916,0.10242618448157437,0.04100862134737149,-0.4037918669413294,0.09403372243839137,-0.07648584725719054
1778210898177508750,1778210898182323386,-0.26798657206073173,-0.31490806439307306,0.10929274433508773,-0.24357213702601754,0.4171435111009405,-0.037575341420614805,0.04482337682154558,0.36678873884183893,0.17681391622796916,0.10128175783932214,0.04100862134737149,-0.4076066224155035,0.09212634470130432,-0.07648584725719054
1778210898197514329,1778210898202180869,-0.26798657206073173,-0.3164339665827427,0.10700389105058328,-0.24319066147860013,0.41523613336385345,-0.037956816968032214,0.04482337682154558,0.3664072632944215,0.17681391622796916,0.09784847791256546,0.04100862134737149,-0.41027695124742536,0.09060044251163468,-0.07610437170977313
1778210898217966846,1778210898222141345,-0.26798657206073173,-0.3168154421301601,0.10585946440833105,-0.24319066147860013,0.4140917067216012,-0.03871976806286703,0.04825665674830226,0.3648813611047519,0.17681391622796916,0.09632257572289582,0.04100862134737149,-0.4121843289845124,0.09021896696421727,-0.07610437170977313
1778210898239207384,1778210898242119513,-0.26798657206073173,-0.3175783932249949,0.10624093995574846,-0.24319066147860013,0.4140917067216012,-0.03910124361028444,0.04825665674830226,0.36297398336766484,0.17681391622796916,0.09479667353322618,0.04100862134737149,-0.41332875562676463,0.09060044251163468,-0.07610437170977313
1778210898259688637,1778210898262112151,-0.2672236209658969,-0.3175783932249949,0.10624093995574846,-0.24319066147860013,0.41180285343709677,-0.03910124361028444,0.05283436331731117,0.3614480811779952,0.17643244068055175,0.09365224689097396,0.04100862134737149,-0.41332875562676463,0.09060044251163468,-0.07610437170977313
1778210898274671983,1778210898282205981,-0.2656977187762273,-0.3175783932249949,0.10624093995574846,-0.24242771038376532,0.41027695124742714,-0.03910124361028444,0.05855649652857231,0.3606851300831604,0.17643244068055175,0.09365224689097396,0.04100862134737149,-0.41332875562676463,0.09060044251163468,-0.07610437170977313
1778210898295300641,1778210898302196838,-0.26379034103914023,-0.3175783932249949,0.10624093995574846,-0.24090180819409568,0.4098954757000097,-0.03910124361028444,0.05970092317082454,0.35915922789349075,0.17643244068055175,0.09365224689097396,0.04100862134737149,-0.41332875562676463,0.09060044251163468,-0.07610437170977313
1778210898316347757,1778210898322116498,-0.2618829633020532,-0.3171969176775775,0.10624093995574846,-0.24052033264667827,0.4087510490577575,-0.03910124361028444,0.060845349813076766,0.35877775234607334,0.17643244068055175,0.09403372243839137,0.04100862134737149,-0.41332875562676463,0.08983749141679986,-0.07610437170977313
1778210898336691007,1778210898342765240,-0.25692378118562686,-0.3171969176775775,0.10624093995574846,-0.24052033264667827,0.40722514686808786,-0.03871976806286703,0.06313420309758122,0.35877775234607334,0.17643244068055175,0.09479667353322618,0.04100862134737149,-0.41332875562676463,0.08945601586938245,-0.07610437170977313
1778210898357424307,1778210898362117761,-0.2531090257114528,-0.3171969176775775,0.10624093995574846,-0.24013885709926086,0.40684367132067045,-0.03871976806286703,0.06313420309758122,0.3580148012512385,0.17643244068055175,0.09746700236514805,0.04100862134737149,-0.4129472800793472,0.08678568703746059,-0.07610437170977313
1778210898377518680,1778210898382161332,-0.24891279468986127,-0.3171969176775775,0.10624093995574846,-0.24013885709926086,0.40684367132067045,-0.03871976806286703,0.06351567864499863,0.3580148012512385,0.17643244068055175,0.0993743801022351,0.04100862134737149,-0.41332875562676463,0.0829709315632865,-0.07610437170977313
1778210898392162574,1778210898402195334,-0.2454795147631046,-0.3171969176775775,0.10662241550316587,-0.24013885709926086,0.40684367132067045,-0.03871976806286703,0.06427862973983345,0.3580148012512385,0.17643244068055175,0.10128175783932214,0.04100862134737149,-0.4129472800793472,0.08258945601586909,-0.07610437170977313
1778210898413566775,1778210898422112356,-0.24242771038376532,-0.3156710154879079,0.10662241550316587,-0.24013885709926086,0.40646219577325304,-0.03871976806286703,0.06694895857175531,0.35839627679865593,0.17605096513313434,0.103952086671244,0.04100862134737149,-0.41332875562676463,0.08258945601586909,-0.07610437170977313
1778210898432159104,1778210898442152819,-0.23861295490959122,-0.31414511329823824,0.1081483176928355,-0.24013885709926086,0.40646219577325304,-0.03871976806286703,0.06809338521400754,0.35839627679865593,0.17605096513313434,0.10585946440833105,0.04100862134737149,-0.41332875562676463,0.08182650492103427,-0.07610437170977313
1778210898454524788,1778210898462098820,-0.2340352483405823,-0.3122377355611512,0.1081483176928355,-0.23975738155184345,0.40646219577325304,-0.03871976806286703,0.07114518959334681,0.35839627679865593,0.17566948958571693,0.11081864652475737,0.04062714579995408,-0.41332875562676463,0.08068207827878204,-0.07610437170977313
1778210898475876973,1778210898482177666,-0.2298390173189908,-0.30956740672922933,0.10852979324025291,-0.23975738155184345,0.40608072022583563,-0.03833829251544962,0.0707637140459294,0.3580148012512385,0.17566948958571693,0.11501487754634887,0.04062714579995408,-0.41332875562676463,0.07724879835202536,-0.07610437170977313
1778210898496461947,1778210898502200225,-0.22602426184481672,-0.3076600289921423,0.10852979324025291,-0.23975738155184345,0.40608072022583563,-0.03833829251544962,0.070382238498512,0.3580148012512385,0.17566948958571693,0.12111848630502742,0.04062714579995408,-0.4129472800793472,0.07305256733043386,-0.07648584725719054
1778210898517106268,1778210898522114276,-0.22297245746547745,-0.30575265125505524,0.1081483176928355,-0.23975738155184345,0.4053177691310008,-0.03833829251544962,0.07114518959334681,0.3580148012512385,0.17528801403829952,0.12607766842145374,0.04100862134737149,-0.41332875562676463,0.07114518959334681,-0.07610437170977313
1778210898537064843,1778210898542475396,-0.21915770199130336,-0.3038452735179682,0.1081483176928355,-0.23975738155184345,0.40341039139391377,-0.037956816968032214,0.07724879835202536,0.3580148012512385,0.1749065384908821,0.13141832608529747,0.04100862134737149,-0.41332875562676463,0.0707637140459294,-0.07610437170977313
1778210898552437228,1778210898562174381,-0.21763179980163372,-0.30231937132829856,0.1081483176928355,-0.23937590600442604,0.40302891584649636,-0.037575341420614805,0.0829709315632865,0.3580148012512385,0.1741435873960473,0.13599603265430638,0.04100862134737149,-0.41332875562676463,0.06961928740367718,-0.07610437170977313
1778210898572541969,1778210898582275877,-0.21496147096971185,-0.3004119935912115,0.1081483176928355,-0.23937590600442604,0.40302891584649636,-0.03681239032577999,0.08678568703746059,0.3580148012512385,0.17261768520637766,0.14248111696040233,0.04100862134737149,-0.41332875562676463,0.06771190966659013,-0.07648584725719054
1778210898594345723,1778210898602201693,-0.21190966659037258,-0.29850461585412447,0.1081483176928355,-0.23861295490959122,0.40302891584649636,-0.03604943923094517,0.08907454032196505,0.3561074235141515,0.17147325856412543,0.14782177462424606,0.04100862134737149,-0.41332875562676463,0.0665674830243379,-0.07610437170977313
1778210898615193881,1778210898622202534,-0.20923933775845072,-0.29697871366445483,0.10852979324025291,-0.2370870527199216,0.40302891584649636,-0.03566796368352776,0.08945601586938245,0.35152971694514257,0.16727702754253393,0.1539253833829246,0.04100862134737149,-0.41332875562676463,0.0661860074769205,-0.07610437170977313
1778210898632485964,1778210898642141642,-0.20656900892652885,-0.2950713359273678,0.10929274433508773,-0.23670557717250418,0.40264744029907895,-0.03566796368352776,0.08983749141679986,0.3492408636606381,0.16384374761577725,0.15697718776226388,0.04100862134737149,-0.41332875562676463,0.06504158083466827,-0.07610437170977313
1778210898656880984,1778210898662135948,-0.20351720454718958,-0.29278248264286333,0.11120012207217478,-0.23670557717250418,0.40302891584649636,-0.03414206149385812,0.09174486915388691,0.34618905928129884,0.16079194323643797,0.16269932097352502,0.04100862134737149,-0.41332875562676463,0.05855649652857231,-0.07610437170977313
1778210898677477655,1778210898682138148,-0.1997024490730155,-0.2908751049057763,0.11272602426184442,-0.23670557717250418,0.40302891584649636,-0.032997634851605895,0.09288929579613914,0.34580758373388143,0.15583276112001165,0.1703288319218732,0.04100862134737149,-0.41332875562676463,0.056267643244067855,-0.07610437170977313
1778210898698059740,1778210898702168607,-0.1951247425040048,-0.2885862516212718,0.11310749980926182,-0.23670557717250418,0.40264744029907895,-0.032234683756771076,0.09250782024872173,0.34580758373388143,0.14591439688715901,0.17566948958571693,0.0413900968947889,-0.41332875562676463,0.04444190127412817,-0.07763027389944277
1778210898719130984,1778210898722249970,-0.18749523155565662,-0.28591592278934996,0.11272602426184442,-0.23670557717250418,0.40302891584649636,-0.03109025711451885,0.09288929579613914,0.34580758373388143,0.1333257038223845,0.18139162279697807,0.04100862134737149,-0.41332875562676463,0.028419928282596985,-0.07991912718394723
1778210898739030552,1778210898742123879,-0.18101014724956066,-0.28515297169451514,0.11120012207217478,-0.23632410162508677,0.40264744029907895,-0.03032730601968403,0.09288929579613914,0.34580758373388143,0.12188143739986224,0.1867322804608218,0.04100862134737149,-0.41332875562676463,0.018501564049744346,-0.0829709315632865
1778210898760307695,1778210898762127563,-0.1741435873960473,-0.2832455939574281,0.10852979324025291,-0.23670557717250418,0.40302891584649636,-0.02994583047226662,0.09365224689097396,0.34580758373388143,0.11043717097733996,0.1909285114824133,0.0413900968947889,-0.41332875562676463,0.018120088502326936,-0.08525978484779095
1778210898780825544,1778210898782117550,-0.16765850308995134,-0.28210116731517587,0.10509651331349623,-0.23670557717250418,0.40302891584649636,-0.029564354924849212,0.09861142900740028,0.34580758373388143,0.10280766002899178,0.1947432669565874,0.0413900968947889,-0.41332875562676463,0.017738612954909527,-0.08754863813229541
1778210898795498486,1778210898802102909,-0.1623178454261076,-0.28133821622034105,0.10318913557640919,-0.23670557717250418,0.40302891584649636,-0.029564354924849212,0.10280766002899178,0.34580758373388143,0.10128175783932214,0.19665064469367444,0.041771572442206306,-0.41332875562676463,0.018501564049744346,-0.08831158922713023
1778210898816629547,1778210898822160379,-0.15583276112001165,-0.2790493629358366,0.10242618448157437,-0.23632410162508677,0.40341039139391377,-0.028801403830014394,0.1081483176928355,0.3450446326390466,0.10128175783932214,0.1997024490730137,0.04329747463187594,-0.41332875562676463,0.023842221713588074,-0.08869306477454764
1778210898836632445,1778210898842178547,-0.15087357900358533,-0.27676050965133214,0.10280766002899178,-0.23632410162508677,0.40341039139391377,-0.028419928282596985,0.1077668421454181,0.34313725490195957,0.10166323338673955,0.20046540016784853,0.04444190127412817,-0.4129472800793472,0.03147173266193626,-0.08831158922713023
1778210898857569100,1778210898862199081,-0.14705882352941124,-0.27218280308232323,0.10547798886091364,-0.23632410162508677,0.40341039139391377,-0.028419928282596985,0.10738536659800069,0.3404669260700377,0.10204470893415696,0.2031357289997704,0.04596780346379781,-0.4129472800793472,0.04062714579995408,-0.08793011367971282
1778210898877857136,1778210898882173624,-0.14591439688715901,-0.26836804760814914,0.1119630731670096,-0.23632410162508677,0.40341039139391377,-0.028038452735179575,0.1077668421454181,0.33817807278553325,0.10280766002899178,0.2038986800946052,0.047493705653467444,-0.4129472800793472,0.047112230106050035,-0.08793011367971282
1778210898898806748,1778210898902155443,-0.14324406805523715,-0.2634088654917228,0.12111848630502742,-0.23594262607766936,0.4037918669413312,-0.026894026092927348,0.1077668421454181,0.33817807278553325,0.10318913557640919,0.20580605783169226,0.0497825589379719,-0.4121843289845124,0.05092698558022413,-0.08754863813229541
1778210898919966166,1778210898922112351,-0.13866636148622824,-0.2580682078278791,0.12645914396887115,-0.23594262607766936,0.4037918669413312,-0.024605172808422893,0.1077668421454181,0.33817807278553325,0.10318913557640919,0.20885786221103153,0.05016403448538931,-0.40989547570000795,0.056267643244067855,-0.08754863813229541
1778210898940875910,1778210898942126644,-0.13370717936980192,-0.2546349279011224,0.12722209506370596,-0.23556115053025195,0.4037918669413312,-0.024223697261005483,0.1077668421454181,0.33779659723811584,0.10318913557640919,0.21076523994811858,0.05016403448538931,-0.40608072022583386,0.0623712520027464,-0.08754863813229541
1778210898960736451,1778210898962100723,-0.12722209506370596,-0.25272755016403536,0.12722209506370596,-0.23594262607766936,0.4037918669413312,-0.02155336842908362,0.10852979324025291,0.3358892195010288,0.1035706111238266,0.21305409323262303,0.05016403448538931,-0.40226596475165977,0.06427862973983345,-0.08754863813229541
1778210898971953773,1778210898982197256,-0.12226291294727964,-0.2508201724269483,0.12722209506370596,-0.23556115053025195,0.4037918669413312,-0.02155336842908362,0.11081864652475737,0.33474479285877656,0.1035706111238266,0.21457999542229267,0.05016403448538931,-0.4003585870145727,0.06427862973983345,-0.08754863813229541
1778210898992553328,1778210899002154370,-0.11425192645151405,-0.24853131914244386,0.12684061951628856,-0.23556115053025195,0.4037918669413312,-0.018501564049744346,0.11348897535667923,0.3320744640268547,0.103952086671244,0.21763179980163194,0.0497825589379719,-0.3957808804455638,0.06580453192950309,-0.08754863813229541
1778210899012559619,1778210899022103713,-0.10700389105058328,-0.24700541695277423,0.12722209506370596,-0.23250934615091268,0.4037918669413312,-0.0165941863126573,0.11539635309376628,0.3290226596475154,0.103952086671244,0.2203021286335538,0.04940108339055449,-0.3908216983291375,0.06809338521400754,-0.08754863813229541
1778210899033588199,1778210899042201215,-0.09784847791256546,-0.24395361257343495,0.12760357061112337,-0.22793163958190377,0.40341039139391377,-0.01621271076523989,0.11539635309376628,0.3240634775310891,0.103952086671244,0.22259098191805826,0.04940108339055449,-0.38548104066529376,0.06923781185625977,-0.087167162584878
1778210899054089464,1778210899062175211,-0.09060044251163468,-0.24052033264667827,0.12989242389562783,-0.2252613107499819,0.40302891584649636,-0.013542381933318026,0.11501487754634887,0.31834134431982797,0.103952086671244,0.22526131074998013,0.04940108339055449,-0.38014038300145003,0.06809338521400754,-0.087167162584878
1778210899079295248,1778210899082270535,-0.08220798046845168,-0.23632410162508677,0.13485160601205415,-0.22335393301289486,0.40302891584649636,-0.011253528648813571,0.11463340199893146,0.31300068665598424,0.103952086671244,0.2283131151293194,0.0497825589379719,-0.3740367742427715,0.06885633630884236,-0.08754863813229541
1778210899092460966,1778210899102153010,-0.078774700541695,-0.23289082169833009,0.13866636148622824,-0.21992065308613817,0.40302891584649636,-0.010490577553978753,0.11463340199893146,0.3110933089188972,0.103952086671244,0.22945754177157163,0.05016403448538931,-0.37174792095826703,0.06923781185625977,-0.08754863813229541
1778210899118431211,1778210899122111505,-0.070382238498512,-0.2256427862973993,0.14362554360265456,-0.2210650797283904,0.40341039139391377,-0.007820248722056888,0.11577782864118369,0.30918593118181015,0.103952086671244,0.236324101625085,0.05016403448538931,-0.3660257877470059,0.07267109178301645,-0.08754863813229541
1778210899133737429,1778210899142207348,-0.06542305638208568,-0.2210650797283904,0.14705882352941124,-0.2210650797283904,0.4037918669413312,-0.005912870984969842,0.11577782864118369,0.3076600289921405,0.103952086671244,0.23975738155184168,0.05016403448538931,-0.3625925078202492,0.07534142061493831,-0.08754863813229541
1778210899152737595,1778210899162253922,-0.06008239871824195,-0.2164873731593815,0.15049210345616792,-0.2214465552758078,0.4037918669413312,-0.005531395437552433,0.11539635309376628,0.30537117570763606,0.103952086671244,0.24280918593118095,0.0497825589379719,-0.3587777523460751,0.07801174944686018,-0.087167162584878
1778210899176276506,1778210899182191776,-0.052071412222476354,-0.20962081330586813,0.15201800564583756,-0.2214465552758078,0.4041733424887486,-0.005531395437552433,0.1161593041886011,0.30079346913862715,0.10433356221866141,0.24586099031052022,0.0497825589379719,-0.35191119249256175,0.08106355382619945,-0.087167162584878
1778210899197092886,1778210899202211501,-0.046349279011215216,-0.20542458228427662,0.15201800564583756,-0.22259098191806004,0.404554818036166,-0.005531395437552433,0.11692225528343592,0.295071335927366,0.10433356221866141,0.2485313191424421,0.0497825589379719,-0.3454261081864658,0.08411535820553873,-0.087167162584878
1778210899217200180,1778210899222138913,-0.03948271915770185,-0.20160982681010253,0.15239948119325497,-0.22335393301289486,0.404554818036166,-0.005912870984969842,0.11997405966277519,0.28934920271610487,0.10433356221866141,0.25158312352178136,0.0497825589379719,-0.33855954833295243,0.08525978484779095,-0.087167162584878
1778210899237771753,1778210899242196537,-0.03490501258869294,-0.19741359578851103,0.15239948119325497,-0.2256427862973993,0.40722514686808786,-0.005912870984969842,0.12417029068436669,0.2855344472419308,0.10433356221866141,0.2534905012588684,0.05016403448538931,-0.3324559395742739,0.08564126039520836,-0.087167162584878
1778210899259047486,1778210899262186043,-0.02994583047226662,-0.19169146257724812,0.15239948119325497,-0.22640573739223413,0.40722514686808786,-0.005912870984969842,0.1245517662317841,0.28057526512550446,0.10471503776607882,0.25577935454337286,0.05016403448538931,-0.32597085526817793,0.08678568703746059,-0.087167162584878
1778210899268940586,1778210899282279343,-0.027275501640344757,-0.1905470359349959,0.15239948119325497,-0.22678721293965154,0.40722514686808786,-0.005912870984969842,0.12531471732661892,0.2779049362935826,0.10471503776607882,0.2565423056382077,0.05054551003280672,-0.32291905088883865,0.08793011367971282,-0.087167162584878
1778210899289762656,1778210899302392795,-0.0207904173342488,-0.18596932936598698,0.15239948119325497,-0.22678721293965154,0.40760662241550527,-0.005912870984969842,0.12607766842145374,0.27218280308232146,0.10471503776607882,0.2584496833752947,0.05054551003280672,-0.3164339665827427,0.09060044251163468,-0.087167162584878
1778210899318801526,1778210899322600420,-0.015068284122987663,-0.1787212939650562,0.15239948119325497,-0.22755016403448636,0.40722514686808786,-0.005912870984969842,0.12684061951628856,0.2656977187762255,0.10471503776607882,0.25997558556496436,0.05092698558022413,-0.3072785534447249,0.09288929579613914,-0.087167162584878
1778210899341386835,1778210899342186071,-0.011253528648813571,-0.17185473411154284,0.15278095674067238,-0.22869459067673858,0.40722514686808786,-0.005912870984969842,0.12645914396887115,0.25921263447012954,0.10471503776607882,0.2607385366597992,0.051308461127641536,-0.30193789578088115,0.09517814908064359,-0.08678568703746059
1778210899356350730,1778210899362106793,-0.00705729762722207,-0.16880292973220357,0.1535439078355072,-0.2294575417715734,0.40722514686808786,-0.005912870984969842,0.12645914396887115,0.25616083009079027,0.10509651331349623,0.261501487754634,0.051689936675058945,-0.29812314030670706,0.09517814908064359,-0.08678568703746059
1778210899363097191,1778210899382050671,-0.005531395437552433,-0.1661326009002817,0.1535439078355072,-0.2294575417715734,0.40722514686808786,-0.005912870984969842,0.12684061951628856,0.25501640344853804,0.10509651331349623,0.261501487754634,0.052071412222476354,-0.29697871366445483,0.09517814908064359,-0.08678568703746059
1778210899393349384,1778210899402211822,0.0017166399633783413,-0.15850308995193352,0.1535439078355072,-0.2294575417715734,0.40722514686808786,-0.005912870984969842,0.12645914396887115,0.2489127946898595,0.10509651331349623,0.26340886549172104,0.05283436331731117,-0.2874418249790196,0.09670405127031323,-0.08678568703746059
1778210899415301567,1778210899422185730,0.006675822079804661,-0.15163653009842015,0.1535439078355072,-0.2298390173189908,0.40722514686808786,-0.005912870984969842,0.12645914396887115,0.24586099031052022,0.10509651331349623,0.2645532921339733,0.05474174105439822,-0.28133821622034105,0.09861142900740028,-0.08678568703746059
1778210899436854516,1778210899442165669,0.013160906385900617,-0.1447699702449068,0.1539253833829246,-0.23022049286640822,0.40722514686808786,-0.005912870984969842,0.12645914396887115,0.24357213702601577,0.10547798886091364,0.2668421454184777,0.056267643244067855,-0.27637903410391473,0.0993743801022351,-0.08564126039520836
1778210899457117043,1778210899462162540,0.018501564049744346,-0.1409552147707327,0.1535439078355072,-0.23250934615091268,0.40684367132067045,-0.005912870984969842,0.12607766842145374,0.24013885709925908,0.10547798886091364,0.26798657206072996,0.0581750209811549,-0.2706569008926536,0.09899290455481768,-0.08525978484779095
1778210899478445609,1778210899482153274,0.023842221713588074,-0.13523308155947156,0.1539253833829246,-0.2340352483405823,0.40684367132067045,-0.005912870984969842,0.12607766842145374,0.2370870527199198,0.10662241550316587,0.2695124742503996,0.061226825360494175,-0.2656977187762273,0.0993743801022351,-0.08525978484779095
1778210899498345788,1778210899502143592,0.029564354924849212,-0.13218127718013228,0.1539253833829246,-0.23479819943541713,0.40684367132067045,-0.006294346532387252,0.12607766842145374,0.23365377279316313,0.10852979324025291,0.2706569008926518,0.06389715419241604,-0.26035706111238355,0.10090028229190473,-0.08373388265812132
1778210899514466106,1778210899522187618,0.033379110399023304,-0.12798504615854078,0.1539253833829246,-0.23594262607766936,0.40684367132067045,-0.006294346532387252,0.12607766842145374,0.23136491950865867,0.10929274433508773,0.27180132753490405,0.0665674830243379,-0.25692378118562686,0.10090028229190473,-0.08373388265812132
1778210899539322803,1778210899542161661,0.03986419470511926,-0.12340733958953187,0.1539253833829246,-0.23632410162508677,0.40684367132067045,-0.006294346532387252,0.12645914396887115,0.22716868848706717,0.10967421988250514,0.27256427862973887,0.06961928740367718,-0.25196459906920055,0.10128175783932214,-0.08373388265812132
1778210899552244593,1778210899562238483,0.042153047989623715,-0.12149996185244483,0.15430685893034202,-0.23670557717250418,0.40684367132067045,-0.006294346532387252,0.12722209506370596,0.2241168841077279,0.10967421988250514,0.2729457541771563,0.0707637140459294,-0.2500572213321135,0.10128175783932214,-0.08373388265812132
1778210899575816110,1778210899582230137,0.047493705653467444,-0.11768520637827073,0.15430685893034202,-0.23670557717250418,0.40722514686808786,-0.006294346532387252,0.12760357061112337,0.2199206530861364,0.11043717097733996,0.2740901808194085,0.0749599450675209,-0.2462424658579394,0.10128175783932214,-0.08335240711070391
1778210899596702198,1778210899602259352,0.051308461127641536,-0.11463340199893146,0.15430685893034202,-0.23670557717250418,0.40684367132067045,-0.006294346532387252,0.12798504615854078,0.21763179980163194,0.112344548714427,0.2744716563668259,0.07763027389944277,-0.24280918593118272,0.10166323338673955,-0.08335240711070391
1778210899617149604,1778210899622141543,0.05359731441214599,-0.11158159761959219,0.15430685893034202,-0.237468528267339,0.40722514686808786,-0.006294346532387252,0.13179980163271487,0.2157244220645449,0.11272602426184442,0.2748531319142433,0.07991912718394723,-0.23975738155184345,0.10166323338673955,-0.0829709315632865
1778210899638233820,1778210899642112321,0.056649118791485265,-0.10929274433508773,0.15430685893034202,-0.23861295490959122,0.40722514686808786,-0.005912870984969842,0.13408865491721933,0.21496147096971008,0.11310749980926182,0.2748531319142433,0.08220798046845168,-0.23670557717250418,0.10204470893415696,-0.0829709315632865
1778210899658694135,1778210899662390136,0.05855649652857231,-0.10662241550316587,0.15430685893034202,-0.24052033264667827,0.40722514686808786,-0.005912870984969842,0.13408865491721933,0.21496147096971008,0.11348897535667923,0.2748531319142433,0.08373388265812132,-0.2340352483405823,0.10166323338673955,-0.0829709315632865
1778210899679169741,1778210899682214895,0.05931944762340713,-0.1035706111238266,0.15430685893034202,-0.2412832837415131,0.40722514686808786,-0.005912870984969842,0.13370717936980192,0.21496147096971008,0.11348897535667923,0.2748531319142433,0.08564126039520836,-0.23136491950866045,0.10204470893415696,-0.0829709315632865
1778210899700002998,1778210899702168652,0.060845349813076766,-0.10051880674448732,0.15430685893034202,-0.2412832837415131,0.40722514686808786,-0.005912870984969842,0.13370717936980192,0.21496147096971008,0.11463340199893146,0.2744716563668259,0.08640421149004318,-0.22831311512932118,0.10166323338673955,-0.0829709315632865
1778210899720508172,1778210899722135824,0.061226825360494175,-0.09822995345998287,0.15430685893034202,-0.2412832837415131,0.40722514686808786,-0.005912870984969842,0.1333257038223845,0.21496147096971008,0.1161593041886011,0.2740901808194085,0.087167162584878,-0.22602426184481672,0.10090028229190473,-0.0829709315632865
1778210899741593143,1778210899742102384,0.061226825360494175,-0.095559624628061,0.15430685893034202,-0.2420462348363479,0.40760662241550527,-0.005912870984969842,0.1333257038223845,0.21496147096971008,0.11654077973601851,0.2733272297245737,0.08831158922713023,-0.22373540856031227,0.10166323338673955,-0.08258945601586909
1778210899751762603,1778210899762211908,0.061226825360494175,-0.09517814908064359,0.15430685893034202,-0.24357213702601754,0.40722514686808786,-0.005912870984969842,0.1333257038223845,0.21496147096971008,0.11654077973601851,0.2729457541771563,0.08831158922713023,-0.22259098191806004,0.10090028229190473,-0.08258945601586909
1778210899772562748,1778210899782249520,0.061608300907911584,-0.09441519798580877,0.15430685893034202,-0.24509803921568718,0.40722514686808786,-0.005912870984969842,0.13370717936980192,0.21496147096971008,0.11692225528343592,0.27141985198748664,0.08831158922713023,-0.21992065308613817,0.10090028229190473,-0.08258945601586909
1778210899792193925,1778210899802172983,0.061226825360494175,-0.09441519798580877,0.15430685893034202,-0.24509803921568718,0.40760662241550527,-0.005912870984969842,0.1333257038223845,0.21496147096971008,0.11730373083085333,0.27103837644006923,0.08869306477454764,-0.21763179980163372,0.10128175783932214,-0.08258945601586909
1778210899812965783,1778210899822149507,0.061226825360494175,-0.09441519798580877,0.15430685893034202,-0.24509803921568718,0.40760662241550527,-0.005912870984969842,0.1329442282749671,0.21496147096971008,0.11768520637827073,0.2702754253452344,0.08869306477454764,-0.21496147096971185,0.10013733119706991,-0.08258945601586909
1778210899834736240,1778210899842220928,0.061226825360494175,-0.09441519798580877,0.15430685893034202,-0.2462424658579394,0.40760662241550527,-0.005912870984969842,0.1333257038223845,0.21496147096971008,0.1203555352101926,0.26836804760814736,0.08831158922713023,-0.2126726176852074,0.10013733119706991,-0.08258945601586909
1778210899855280459,1778210899862270012,0.061226825360494175,-0.09441519798580877,0.15430685893034202,-0.24776836804760904,0.40760662241550527,-0.005912870984969842,0.1329442282749671,0.21457999542229267,0.12111848630502742,0.26798657206072996,0.08831158922713023,-0.21038376440070294,0.09861142900740028,-0.08220798046845168
1778210899875020311,1778210899882241249,0.061226825360494175,-0.09441519798580877,0.15430685893034202,-0.24814984359502645,0.40760662241550527,-0.005912870984969842,0.13141832608529747,0.21381704432745785,0.12378881513694928,0.2656977187762255,0.08831158922713023,-0.2084763866636159,0.09670405127031323,-0.08182650492103427
1778210899895459927,1778210899902212386,0.061226825360494175,-0.09441519798580877,0.15430685893034202,-0.24853131914244386,0.40760662241550527,-0.005912870984969842,0.13141832608529747,0.21114671549553599,0.12417029068436669,0.26379034103913845,0.08831158922713023,-0.20695048447394626,0.09670405127031323,-0.08144502937361686
1778210899915986955,1778210899922155534,0.061226825360494175,-0.09441519798580877,0.15430685893034202,-0.24853131914244386,0.40760662241550527,-0.005912870984969842,0.13103685053788006,0.2077134355687793,0.12493324177920151,0.25921263447012954,0.08831158922713023,-0.20656900892652885,0.09594110017547841,-0.08144502937361686
1778210899941107776,1778210899942135784,0.061226825360494175,-0.09441519798580877,0.15430685893034202,-0.24853131914244386,0.4087510490577575,-0.005912870984969842,0.13141832608529747,0.20428015564202262,0.12798504615854078,0.25501640344853804,0.08831158922713023,-0.20542458228427662,0.09441519798580877,-0.08144502937361686
1778210899958399808,1778210899962114664,0.061226825360494175,-0.09441519798580877,0.15430685893034202,-0.24853131914244386,0.4098954757000097,-0.005912870984969842,0.13103685053788006,0.2035172045471878,0.129129472800793,0.2527275501640336,0.08869306477454764,-0.2042801556420244,0.09365224689097396,-0.08144502937361686
1778210899973026632,1778210899982292838,0.061226825360494175,-0.09441519798580877,0.15430685893034202,-0.24814984359502645,0.41103990234226195,-0.006294346532387252,0.13103685053788006,0.2035172045471878,0.13141832608529747,0.25120164797436395,0.08831158922713023,-0.2042801556420244,0.09327077134355655,-0.08144502937361686
1778210899995422420,1778210900002273626,0.061226825360494175,-0.09441519798580877,0.15430685893034202,-0.24776836804760904,0.4125658045319316,-0.006294346532387252,0.12951094834821042,0.2035172045471878,0.13179980163271487,0.24776836804760727,0.08831158922713023,-0.2042801556420244,0.09288929579613914,-0.08144502937361686
1778210900016160069,1778210900022154056,0.060845349813076766,-0.09441519798580877,0.15430685893034202,-0.24814984359502645,0.4167620355535231,-0.006294346532387252,0.12951094834821042,0.2038986800946052,0.13218127718013228,0.2454795147631028,0.08831158922713023,-0.2042801556420244,0.09098191805905209,-0.08144502937361686
1778210900036710885,1778210900042243404,0.060845349813076766,-0.09479667353322618,0.15430685893034202,-0.24814984359502645,0.41905088883802755,-0.006294346532387252,0.12684061951628856,0.2035172045471878,0.13408865491721933,0.2405203326466765,0.08831158922713023,-0.2042801556420244,0.08907454032196505,-0.08144502937361686
1778210900052173304,1778210900062287127,0.060463874265659356,-0.09479667353322618,0.15430685893034202,-0.24776836804760904,0.4209582665751146,-0.006675822079804661,0.12378881513694928,0.2038986800946052,0.13523308155947156,0.23937590600442427,0.08831158922713023,-0.2042801556420244,0.08869306477454764,-0.08144502937361686
1778210900073672535,1778210900082215195,0.06008239871824195,-0.09517814908064359,0.15430685893034202,-0.24776836804760904,0.42401007095445387,-0.007438773174639479,0.11882963302052296,0.2038986800946052,0.13599603265430638,0.2370870527199198,0.08831158922713023,-0.2042801556420244,0.08754863813229541,-0.08144502937361686
1778210900092927644,1778210900102303488,0.05893797207598972,-0.09632257572289582,0.15430685893034202,-0.24776836804760904,0.42706187533379314,-0.008583199816891707,0.11844815747310555,0.2038986800946052,0.13904783703364565,0.23441672388799795,0.08831158922713023,-0.2042801556420244,0.08564126039520836,-0.08144502937361686
1778210900112349781,1778210900122207444,0.05741206988632008,-0.09784847791256546,0.15430685893034202,-0.24814984359502645,0.429732204165715,-0.008964675364309116,0.11806668192568814,0.20504310673685744,0.14019226367589788,0.23174639505607608,0.08831158922713023,-0.2046616311894418,0.08564126039520836,-0.08144502937361686
1778210900135326362,1778210900142118335,0.05436026550698081,-0.0997558556496525,0.15430685893034202,-0.24776836804760904,0.4339284351873065,-0.010490577553978753,0.11806668192568814,0.20580605783169226,0.14324406805523715,0.22907606622415422,0.08831158922713023,-0.20542458228427662,0.08411535820553873,-0.08106355382619945
1778210900152530164,1778210900162100001,0.0539787899595634,-0.10051880674448732,0.15506981002517684,-0.24776836804760904,0.4346913862821413,-0.01163500419623098,0.11501487754634887,0.20580605783169226,0.14400701915007197,0.22640573739223235,0.08831158922713023,-0.20542458228427662,0.08182650492103427,-0.08030060273136463
1778210900175644619,1778210900182120161,0.04787518120088485,-0.10242618448157437,0.1577401388570987,-0.24814984359502645,0.43659876401922837,-0.013542381933318026,0.11501487754634887,0.20695048447394448,0.14705882352941124,0.2237354085603105,0.08831158922713023,-0.20542458228427662,0.07686732280460795,-0.07991912718394723
1778210900196942234,1778210900202288276,0.042915999084458534,-0.1035706111238266,0.1615548943312728,-0.24814984359502645,0.4385061417563154,-0.014686808575570254,0.11539635309376628,0.20923933775844894,0.1497291523613331,0.22106507972838862,0.08831158922713023,-0.20656900892652885,0.07610437170977313,-0.07991912718394723
1778210900216790976,1778210900222216351,0.03566796368352776,-0.1035706111238266,0.16536964980544688,-0.24776836804760904,0.4423208972304895,-0.015449759670405072,0.11577782864118369,0.2119096665903708,0.15049210345616792,0.21877622644388417,0.08793011367971282,-0.20923933775845072,0.0745784695201035,-0.07991912718394723
1778210900237775799,1778210900242167285,0.029182879377431803,-0.103952086671244,0.16727702754253393,-0.24776836804760904,0.44842450598916805,-0.017357137407492118,0.1161593041886011,0.21496147096971008,0.15125505455100274,0.21686884870679712,0.08831158922713023,-0.21152819104295517,0.0745784695201035,-0.07953765163652982
1778210900252352552,1778210900262157780,0.023842221713588074,-0.103952086671244,0.16880292973220357,-0.24776836804760904,0.4537651636530118,-0.017738612954909527,0.1161593041886011,0.21763179980163194,0.1535439078355072,0.21343556878004044,0.08831158922713023,-0.21229114213779,0.07419699397268609,-0.07953765163652982
1778210900273349845,1778210900282359212,0.01583123521782248,-0.103952086671244,0.17109178301670802,-0.24776836804760904,0.4583428702220207,-0.017738612954909527,0.12149996185244483,0.21915770199130158,0.15506981002517684,0.20885786221103153,0.08793011367971282,-0.21381704432745963,0.07152666514076422,-0.07953765163652982
1778210900293246732,1778210900302264949,0.010109102006561344,-0.103952086671244,0.17223620965896025,-0.2462424658579394,0.46444647898069924,-0.017738612954909527,0.12531471732661892,0.22068360418097122,0.15621423666742906,0.20466163118944003,0.08831158922713023,-0.21534294651712926,0.070382238498512,-0.07953765163652982
1778210900312925023,1778210900322196717,0.0005722133211261138,-0.103952086671244,0.17223620965896025,-0.24395361257343495,0.47169451438163,-0.017738612954909527,0.12684061951628856,0.22220950637064085,0.1581216144045161,0.1997024490730137,0.08793011367971282,-0.2168688487067989,0.06809338521400754,-0.07953765163652982
1778210900332563458,1778210900342161318,-0.0036240177004653873,-0.103952086671244,0.17299916075379507,-0.24280918593118272,0.4762722209506389,-0.018120088502326936,0.12645914396887115,0.2244983596551453,0.15850308995193352,0.1951247425040048,0.08831158922713023,-0.2168688487067989,0.06733043411917272,-0.0791561760891124
1778210900354408630,1778210900362258720,-0.014305333028152845,-0.103952086671244,0.17338063630121248,-0.24280918593118272,0.48504615854123934,-0.018120088502326936,0.12722209506370596,0.2283131151293194,0.15850308995193352,0.18978408484016107,0.08793011367971282,-0.2168688487067989,0.06504158083466827,-0.0791561760891124
1778210900375540756,1778210900382292554,-0.02193484397650103,-0.103952086671244,0.1745250629434647,-0.24357213702601754,0.4961089494163442,-0.018120088502326936,0.137521934843976,0.2325093461509109,0.15926604104676834,0.18558785381856957,0.08793011367971282,-0.2172503242542163,0.06504158083466827,-0.0791561760891124
1778210900392244980,1778210900402210982,-0.028419928282596985,-0.103952086671244,0.17643244068055175,-0.24395361257343495,0.5083161669337013,-0.017738612954909527,0.1531624322880898,0.2370870527199198,0.16041046768902056,0.18177309834439548,0.08793011367971282,-0.21801327534905113,0.06427862973983345,-0.0791561760891124
1778210900415763359,1778210900422193564,-0.03833829251544962,-0.103952086671244,0.1779583428702214,-0.24395361257343495,0.5247196154726499,-0.01697566186007471,0.1619363698786902,0.24395361257343318,0.16117341878385538,0.1745250629434647,0.08793011367971282,-0.21953917753872076,0.06580453192950309,-0.0791561760891124
1778210900436285667,1778210900442166488,-0.04596780346379781,-0.10433356221866141,0.17910276951247361,-0.24319066147860013,0.5376897840848418,-0.01697566186007471,0.16536964980544688,0.24662394140535504,0.1615548943312728,0.16918440527962098,0.08754863813229541,-0.22182803082322522,0.0661860074769205,-0.078774700541695
1778210900456419902,1778210900462292898,-0.05359731441214599,-0.10585946440833105,0.18024719615472584,-0.24090180819409568,0.5441748683909378,-0.01697566186007471,0.16803997863736875,0.25043869687952913,0.1615548943312728,0.16727702754253393,0.08754863813229541,-0.2256427862973993,0.06694895857175531,-0.078774700541695
1778210900476999308,1778210900482114365,-0.05970092317082454,-0.11005569542992255,0.18177309834439548,-0.23975738155184345,0.5502784771496163,-0.017357137407492118,0.16803997863736875,0.25501640344853804,0.1619363698786902,0.16269932097352502,0.08754863813229541,-0.23098344396124304,0.06771190966659013,-0.078774700541695
1778210900498648591,1778210900502160530,-0.0661860074769205,-0.11577782864118369,0.1825360494392303,-0.23594262607766936,0.5529488059815382,-0.017738612954909527,0.16727702754253393,0.2576867322804599,0.16308079652094243,0.15926604104676834,0.087167162584878,-0.2370870527199216,0.06771190966659013,-0.07839322499427759
1778210900518882788,1778210900522134815,-0.07228961623559904,-0.11921110856794037,0.1825360494392303,-0.23517967498283454,0.5540932326237904,-0.018501564049744346,0.16269932097352502,0.261501487754634,0.1661326009002817,0.15697718776226388,0.08678568703746059,-0.24357213702601754,0.06885633630884236,-0.07763027389944277
1778210900539976511,1778210900542134297,-0.07763027389944277,-0.12417029068436669,0.1825360494392303,-0.23556115053025195,0.5540932326237904,-0.019645990691996573,0.15583276112001165,0.2664606698710603,0.16765850308995134,0.15583276112001165,0.08602273594262577,-0.2496757457846961,0.06961928740367718,-0.07648584725719054
1778210900560948765,1778210900562323736,-0.08373388265812132,-0.12722209506370596,0.1825360494392303,-0.23632410162508677,0.553711757076373,-0.02040894178683139,0.15049210345616792,0.27256427862973887,0.16918440527962098,0.15545128557259424,0.08449683375295614,-0.25577935454337464,0.07114518959334681,-0.07610437170977313
1778210900581348728,1778210900582136298,-0.08945601586938245,-0.13027389944304524,0.18329900053406512,-0.23632410162508677,0.5540932326237904,-0.0207904173342488,0.1497291523613331,0.2779049362935826,0.16956588082703838,0.15468833447775943,0.0829709315632865,-0.2618829633020532,0.07267109178301645,-0.07572289616235572
1778210900601195757,1778210900602100434,-0.09708552681773064,-0.1325627527275497,0.18482490272373475,-0.23632410162508677,0.5540932326237904,-0.0207904173342488,0.14858472571908088,0.2824826428625915,0.16956588082703838,0.15468833447775943,0.08068207827878204,-0.2676050965133143,0.07267109178301645,-0.07572289616235572
1778210900611634076,1778210900622136809,-0.10051880674448732,-0.13408865491721933,0.18558785381856957,-0.23632410162508677,0.5540932326237904,-0.0207904173342488,0.14858472571908088,0.28515297169451337,0.1699473563744558,0.15430685893034202,0.07991912718394723,-0.2706569008926536,0.0745784695201035,-0.07610437170977313
1778210900632301052,1778210900642102965,-0.10852979324025291,-0.137521934843976,0.1867322804608218,-0.23670557717250418,0.5540932326237904,-0.0207904173342488,0.14820325017166347,0.28934920271610487,0.1707103074692906,0.1535439078355072,0.07763027389944277,-0.27714198519874955,0.07724879835202536,-0.07572289616235572
1778210900652912932,1778210900662181962,-0.11692225528343592,-0.14209964141298492,0.18825818265049143,-0.2370870527199216,0.5533302815289556,-0.02117189288166621,0.14744029907682865,0.29240100709544414,0.17299916075379507,0.15163653009842015,0.07648584725719054,-0.2840085450522629,0.07839322499427759,-0.07610437170977313
1778210900673977820,1778210900682145886,-0.12569619287403633,-0.14820325017166347,0.18940260929274366,-0.2378500038147564,0.5529488059815382,-0.02117189288166621,0.14705882352941124,0.2958342870222008,0.17338063630121248,0.1489662012664983,0.0749599450675209,-0.2908751049057763,0.08106355382619945,-0.07610437170977313
1778210900693759577,1778210900702204110,-0.13447013046463674,-0.15201800564583756,0.18940260929274366,-0.23823147936217381,0.5498970016021989,-0.02155336842908362,0.1447699702449068,0.2992675669489575,0.17338063630121248,0.14782177462424606,0.07381551842526868,-0.29697871366445483,0.08602273594262577,-0.07610437170977313
1778210900714316182,1778210900722188499,-0.14209964141298492,-0.15697718776226388,0.18902113374532625,-0.23899443045700863,0.5495155260547815,-0.022316319523918438,0.14248111696040233,0.3019378957808794,0.17376211184862989,0.14324406805523715,0.07343404287785127,-0.3034637979705508,0.09021896696421727,-0.07648584725719054
1778210900732975776,1778210900742232110,-0.1497291523613331,-0.1623178454261076,0.18902113374532625,-0.23975738155184345,0.5491340505073641,-0.023079270618753256,0.1413366903181501,0.30422674906538383,0.17376211184862989,0.14057373922331529,0.07305256733043386,-0.30689707789730747,0.09021896696421727,-0.07648584725719054
1778210900756137208,1778210900762207583,-0.15964751659418575,-0.16918440527962098,0.18902113374532625,-0.24013885709926086,0.5449378194857726,-0.024986648355840302,0.13790341039139342,0.30880445563439274,0.1741435873960473,0.1371404592965586,0.07152666514076422,-0.3133821622034034,0.09327077134355655,-0.07648584725719054
1778210900776664558,1778210900782215274,-0.16842145418478616,-0.1745250629434647,0.18902113374532625,-0.24052033264667827,0.5395971618219289,-0.02574959945067512,0.13561455710688897,0.3122377355611494,0.17528801403829952,0.13408865491721933,0.0707637140459294,-0.31872281986724715,0.09403372243839137,-0.07686732280460795
1778210900796597949,1778210900802289633,-0.17605096513313434,-0.1787212939650562,0.18863965819790884,-0.24090180819409568,0.5365453574425896,-0.027656977187762166,0.13179980163271487,0.31681544213015833,0.17605096513313434,0.12798504615854078,0.07000076295109459,-0.3244449530785083,0.09784847791256546,-0.07686732280460795
1778210900812597828,1778210900822164004,-0.1821545738918129,-0.18444342717631734,0.18863965819790884,-0.2416647592889305,0.5338750286106677,-0.028419928282596985,0.13027389944304524,0.3191042954146628,0.17605096513313434,0.12340733958953187,0.06809338521400754,-0.327878233005265,0.09784847791256546,-0.07686732280460795
1778210900836046238,1778210900842157220,-0.18902113374532625,-0.18940260929274366,0.18863965819790884,-0.2416647592889305,0.5300602731364936,-0.03070878156710144,0.129129472800793,0.32101167315174983,0.17605096513313434,0.11959258411535778,0.06733043411917272,-0.3328374151216913,0.10013733119706991,-0.07839322499427759
1778210900856422786,1778210900862155928,-0.19550621805142399,-0.19436179140916998,0.1867322804608218,-0.24357213702601754,0.5258640421149021,-0.03185320820935367,0.12569619287403633,0.3229190508888369,0.17643244068055175,0.11158159761959219,0.06580453192950309,-0.3370336461432828,0.10128175783932214,-0.07839322499427759
1778210900877020972,1778210900882151558,-0.19932097352559808,-0.1997024490730155,0.1829175249866477,-0.24433508812085236,0.5216678110933106,-0.03376058594644071,0.12417029068436669,0.3240634775310891,0.17643244068055175,0.10585946440833105,0.06389715419241604,-0.3416113527122917,0.10242618448157437,-0.07839322499427759
1778210900897644107,1778210900902208128,-0.20237277790493735,-0.20504310673685922,0.1787212939650562,-0.24471656366826977,0.5163271534294669,-0.03528648813611035,0.12149996185244483,0.32635233081559356,0.17643244068055175,0.10051880674448732,0.0623712520027464,-0.346570534828718,0.10204470893415696,-0.07839322499427759
1778210900918040474,1778210900922140384,-0.20542458228427662,-0.21076523994812035,0.17376211184862989,-0.24509803921568718,0.5113679713130406,-0.03643091477836258,0.11806668192568814,0.3290226596475154,0.17643244068055175,0.09517814908064359,0.060845349813076766,-0.35114824139772693,0.10204470893415696,-0.07839322499427759
1778210900938552821,1778210900942121563,-0.20733196002136367,-0.2168688487067989,0.16842145418478616,-0.24509803921568718,0.5071717402914491,-0.037193865873197396,0.11501487754634887,0.33016708628976765,0.17643244068055175,0.09021896696421727,0.06008239871824195,-0.35648889906157066,0.10242618448157437,-0.07801174944686018
1778210900958947299,1778210900962133429,-0.21000228885328553,-0.22297245746547745,0.16346227206835984,-0.24509803921568718,0.5041199359121098,-0.03833829251544962,0.11348897535667923,0.3313115129320199,0.17643244068055175,0.08487830930037354,0.05931944762340713,-0.3618295567254144,0.10242618448157437,-0.07801174944686018
1778210900980255207,1778210900982102088,-0.21152819104295517,-0.23060196841382563,0.15926604104676834,-0.24509803921568718,0.5006866559853531,-0.03910124361028444,0.11158159761959219,0.3320744640268547,0.17643244068055175,0.08106355382619945,0.05893797207598972,-0.3671702143892581,0.10280766002899178,-0.07801174944686018
1778210901000257838,1778210901002172525,-0.21381704432745963,-0.23479819943541713,0.15468833447775943,-0.2454795147631046,0.4961089494163442,-0.04024567025253667,0.11081864652475737,0.3328374151216895,0.17643244068055175,0.07724879835202536,0.05893797207598972,-0.37174792095826703,0.10204470893415696,-0.07801174944686018
1778210901020887932,1778210901022108086,-0.21534294651712926,-0.23975738155184345,0.15087357900358533,-0.245860990310522,0.4926756694895875,-0.041771572442206306,0.10967421988250514,0.3332188906691069,0.17643244068055175,0.07419699397268609,0.05893797207598972,-0.37632562752727594,0.10280766002899178,-0.07801174944686018
1778210901041345261,1778210901042097500,-0.2168688487067989,-0.24471656366826977,0.14705882352941124,-0.24662394140535682,0.488479438467996,-0.042915999084458534,0.10700389105058328,0.3332188906691069,0.17643244068055175,0.07190814068818163,0.05855649652857231,-0.3797589074540326,0.10280766002899178,-0.07801174944686018
1778210901051937199,1778210901062306173,-0.21763179980163372,-0.24700541695277423,0.1447699702449068,-0.24814984359502645,0.486572060730909,-0.04444190127412817,0.10624093995574846,0.3332188906691069,0.17643244068055175,0.07190814068818163,0.05855649652857231,-0.3820477607385371,0.10280766002899178,-0.07801174944686018
1778210901072798864,1778210901082331521,-0.21877622644388595,-0.25234607461661795,0.14057373922331529,-0.24891279468986127,0.4846646829938219,-0.046349279011215216,0.10585946440833105,0.3332188906691069,0.17643244068055175,0.07114518959334681,0.0581750209811549,-0.386625467307546,0.10242618448157437,-0.07839322499427759
1778210901093281401,1778210901102197789,-0.21953917753872076,-0.25616083009079205,0.1371404592965586,-0.2500572213321135,0.48123140306706524,-0.04825665674830226,0.10547798886091364,0.3332188906691069,0.17643244068055175,0.07000076295109459,0.0581750209811549,-0.3908216983291375,0.10318913557640919,-0.07839322499427759
1778210901113090403,1778210901122237908,-0.2210650797283904,-0.2584496833752965,0.13447013046463674,-0.2512016479743657,0.48123140306706524,-0.05054551003280672,0.10509651331349623,0.3328374151216895,0.17643244068055175,0.06923781185625977,0.0581750209811549,-0.3957808804455638,0.10242618448157437,-0.07801174944686018
1778210901133880683,1778210901142101416,-0.22182803082322522,-0.2618829633020532,0.13179980163271487,-0.25196459906920055,0.4789425497825608,-0.05283436331731117,0.10471503776607882,0.3328374151216895,0.17643244068055175,0.06923781185625977,0.0581750209811549,-0.40074006256199013,0.1035706111238266,-0.07839322499427759
1778210901154864925,1778210901162220239,-0.22182803082322522,-0.2664606698710621,0.1287479972533756,-0.25234607461661795,0.47817959868772597,-0.05436026550698081,0.10471503776607882,0.3332188906691069,0.17643244068055175,0.06923781185625977,0.0581750209811549,-0.40646219577325127,0.103952086671244,-0.07801174944686018
1778210901174927308,1778210901182183211,-0.22220950637064263,-0.26913099870298396,0.12569619287403633,-0.25234607461661795,0.47779812314030856,-0.055886167696650446,0.103952086671244,0.3332188906691069,0.17643244068055175,0.06923781185625977,0.0581750209811549,-0.4110399023422602,0.103952086671244,-0.07839322499427759
1778210901195181282,1778210901202174507,-0.22182803082322522,-0.27294575417715805,0.12302586404211446,-0.25272755016403536,0.4755092698558041,-0.056649118791485265,0.1035706111238266,0.3332188906691069,0.17643244068055175,0.06923781185625977,0.0581750209811549,-0.4156176089112691,0.10433356221866141,-0.07801174944686018
1778210901216069370,1778210901222081225,-0.22182803082322522,-0.27637903410391473,0.12188143739986224,-0.25272755016403536,0.47245746547646483,-0.05855649652857231,0.10280766002899178,0.3332188906691069,0.17643244068055175,0.06923781185625977,0.0581750209811549,-0.4198138399328606,0.103952086671244,-0.07801174944686018
1778210901232800237,1778210901242102110,-0.22220950637064263,-0.2790493629358366,0.12073701075761001,-0.25272755016403536,0.4701686121919604,-0.05970092317082454,0.10318913557640919,0.3332188906691069,0.17643244068055175,0.06923781185625977,0.0581750209811549,-0.42210269321736504,0.103952086671244,-0.07801174944686018
1778210901256353708,1778210901262104316,-0.22182803082322522,-0.2824826428625933,0.11882963302052296,-0.25272755016403536,0.4663538567177863,-0.061608300907911584,0.10318913557640919,0.3332188906691069,0.17643244068055175,0.06923781185625977,0.0581750209811549,-0.4251544975967043,0.10433356221866141,-0.07801174944686018
1778210901275837391,1778210901282388529,-0.22182803082322522,-0.2840085450522629,0.11730373083085333,-0.25272755016403536,0.46139467460135997,-0.06351567864499863,0.10318913557640919,0.3332188906691069,0.17643244068055175,0.06923781185625977,0.05779354543373749,-0.42706187533379136,0.10433356221866141,-0.07763027389944277
1778210901296347953,1778210901302176077,-0.22182803082322522,-0.28591592278934996,0.11730373083085333,-0.25272755016403536,0.4591058213168555,-0.06466010528725086,0.10280766002899178,0.3332188906691069,0.17643244068055175,0.06923781185625977,0.05779354543373749,-0.4289692530708784,0.103952086671244,-0.07763027389944277
1778210901312428563,1778210901322116214,-0.22220950637064263,-0.287823300526437,0.11730373083085333,-0.25272755016403536,0.4583428702220207,-0.06580453192950309,0.10242618448157437,0.3332188906691069,0.17643244068055175,0.06923781185625977,0.05779354543373749,-0.43011367971313064,0.103952086671244,-0.07763027389944277
1778210901338162913,1778210901342113772,-0.22182803082322522,-0.28934920271610665,0.11730373083085333,-0.25234607461661795,0.4552910658426814,-0.06694895857175531,0.103952086671244,0.3332188906691069,0.17643244068055175,0.06923781185625977,0.05779354543373749,-0.43087663080796546,0.10318913557640919,-0.07724879835202536
1778210901352470852,1778210901362148152,-0.22182803082322522,-0.28934920271610665,0.11730373083085333,-0.25234607461661795,0.454909590295264,-0.06733043411917272,0.1035706111238266,0.3332188906691069,0.17643244068055175,0.06923781185625977,0.05779354543373749,-0.43087663080796546,0.10280766002899178,-0.07724879835202536
1778210901374553818,1778210901382278465,-0.22182803082322522,-0.28934920271610665,0.11730373083085333,-0.25234607461661795,0.4537651636530118,-0.06733043411917272,0.1035706111238266,0.3332188906691069,0.17643244068055175,0.06923781185625977,0.05779354543373749,-0.43087663080796546,0.10242618448157437,-0.07724879835202536
1778210901392977384,1778210901402206040,-0.22182803082322522,-0.28934920271610665,0.11730373083085333,-0.25234607461661795,0.45223926146334215,-0.06733043411917272,0.103952086671244,0.3332188906691069,0.17643244068055175,0.06923781185625977,0.05779354543373749,-0.43087663080796546,0.10242618448157437,-0.07724879835202536
1778210901415492204,1778210901422157919,-0.22182803082322522,-0.28934920271610665,0.11730373083085333,-0.25234607461661795,0.45185778591592474,-0.06694895857175531,0.10471503776607882,0.3332188906691069,0.17605096513313434,0.06923781185625977,0.05779354543373749,-0.43087663080796546,0.10166323338673955,-0.07724879835202536
1778210901436349609,1778210901442113462,-0.2214465552758078,-0.28934920271610665,0.11730373083085333,-0.25234607461661795,0.4514763103685073,-0.0665674830243379,0.1077668421454181,0.3332188906691069,0.17643244068055175,0.06961928740367718,0.05779354543373749,-0.43087663080796546,0.10166323338673955,-0.07686732280460795
1778210901456702696,1778210901462105774,-0.2214465552758078,-0.28934920271610665,0.11730373083085333,-0.25234607461661795,0.4514763103685073,-0.0665674830243379,0.1081483176928355,0.3332188906691069,0.17643244068055175,0.06961928740367718,0.05779354543373749,-0.43087663080796546,0.10090028229190473,-0.07724879835202536
1778210901477283564,1778210901482137544,-0.2210650797283904,-0.28934920271610665,0.11730373083085333,-0.25234607461661795,0.4510948348210899,-0.0661860074769205,0.10852979324025291,0.3332188906691069,0.17605096513313434,0.07152666514076422,0.05779354543373749,-0.43087663080796546,0.09746700236514805,-0.07724879835202536
1778210901497746882,1778210901502144766,-0.2210650797283904,-0.28934920271610665,0.11730373083085333,-0.25234607461661795,0.4507133592736725,-0.0665674830243379,0.10852979324025291,0.33360036621652434,0.17605096513313434,0.07228961623559904,0.05779354543373749,-0.43087663080796546,0.09365224689097396,-0.07724879835202536
1778210901513047896,1778210901522171205,-0.220683604180973,-0.28934920271610665,0.11730373083085333,-0.25234607461661795,0.44842450598916805,-0.0665674830243379,0.10967421988250514,0.33436331731135915,0.17605096513313434,0.07343404287785127,0.05779354543373749,-0.43087663080796546,0.09288929579613914,-0.07724879835202536
1778210901534345522,1778210901542151574,-0.2210650797283904,-0.28934920271610665,0.11730373083085333,-0.25234607461661795,0.44766155489433324,-0.0665674830243379,0.11272602426184442,0.33474479285877656,0.17566948958571693,0.0749599450675209,0.05779354543373749,-0.43087663080796546,0.09250782024872173,-0.07724879835202536
1778210901552537077,1778210901562141384,-0.220683604180973,-0.28934920271610665,0.11730373083085333,-0.25234607461661795,0.4472800793469158,-0.0665674830243379,0.11425192645151405,0.335126268406194,0.17528801403829952,0.07648584725719054,0.05779354543373749,-0.43087663080796546,0.08945601586938245,-0.07724879835202536
1778210901574866030,1778210901582286773,-0.22030212863355558,-0.28934920271610665,0.11730373083085333,-0.25234607461661795,0.44460975051499396,-0.0665674830243379,0.11463340199893146,0.335126268406194,0.1741435873960473,0.0791561760891124,0.05779354543373749,-0.43087663080796546,0.08793011367971282,-0.07724879835202536
1778210901595236616,1778210901602108640,-0.21915770199130336,-0.28934920271610665,0.11730373083085333,-0.25234607461661795,0.44384679942015914,-0.0661860074769205,0.11501487754634887,0.3355077439536114,0.17223620965896025,0.0829709315632865,0.05779354543373749,-0.43087663080796546,0.08640421149004318,-0.07724879835202536
1778210901616119317,1778210901622366592,-0.21839475089646854,-0.28934920271610665,0.11692225528343592,-0.25234607461661795,0.4430838483253243,-0.0661860074769205,0.11539635309376628,0.3366521705958636,0.17109178301670802,0.08602273594262577,0.05779354543373749,-0.43087663080796546,0.08640421149004318,-0.07763027389944277
1778210901636017152,1778210901642142880,-0.2168688487067989,-0.28896772716868924,0.11654077973601851,-0.25234607461661795,0.4411764705882373,-0.06504158083466827,0.11654077973601851,0.337033646143281,0.16842145418478616,0.09021896696421727,0.05779354543373749,-0.43087663080796546,0.08678568703746059,-0.07724879835202536
1778210901652965165,1778210901662126011,-0.21572442206454667,-0.287823300526437,0.11654077973601851,-0.25196459906920055,0.44003204394598505,-0.06427862973983345,0.11921110856794037,0.337033646143281,0.16689555199511652,0.09327077134355655,0.05779354543373749,-0.43087663080796546,0.08640421149004318,-0.07724879835202536
1778210901676051693,1778210901682165144,-0.2130540932326248,-0.2862973983367674,0.11654077973601851,-0.25196459906920055,0.44003204394598505,-0.06389715419241604,0.11997405966277519,0.3366521705958636,0.16498817425802947,0.09746700236514805,0.05779354543373749,-0.43087663080796546,0.08754863813229541,-0.07724879835202536
1778210901697007897,1778210901702155485,-0.21190966659037258,-0.2840085450522629,0.11692225528343592,-0.25234607461661795,0.43965056839856764,-0.06351567864499863,0.12264438849469705,0.337033646143281,0.16460669871061206,0.1035706111238266,0.05779354543373749,-0.43087663080796546,0.087167162584878,-0.07724879835202536
1778210901717742938,1778210901722183678,-0.20923933775845072,-0.28095674067292364,0.11654077973601851,-0.25234607461661795,0.43583581292439355,-0.06313420309758122,0.12264438849469705,0.3366521705958636,0.16422522316319466,0.1081483176928355,0.05779354543373749,-0.43087663080796546,0.08678568703746059,-0.07724879835202536
1778210901737355918,1778210901742302741,-0.20618753337911144,-0.279430838483254,0.11654077973601851,-0.25234607461661795,0.43621728847181096,-0.061608300907911584,0.12264438849469705,0.3366521705958636,0.16308079652094243,0.11387045090409664,0.05779354543373749,-0.43087663080796546,0.08678568703746059,-0.07724879835202536
1778210901752543224,1778210901762152678,-0.203898680094607,-0.27752346074616696,0.11654077973601851,-0.25196459906920055,0.43583581292439355,-0.061608300907911584,0.12302586404211446,0.3366521705958636,0.16117341878385538,0.11921110856794037,0.05779354543373749,-0.43087663080796546,0.08678568703746059,-0.07724879835202536
1778210901778998066,1778210901782152428,-0.19932097352559808,-0.2748531319142451,0.11654077973601851,-0.25234607461661795,0.43583581292439355,-0.061226825360494175,0.12302586404211446,0.3366521705958636,0.16079194323643797,0.12684061951628856,0.05779354543373749,-0.43087663080796546,0.08640421149004318,-0.07724879835202536
1778210901795747574,1778210901802108206,-0.1962691691462588,-0.27332722972457546,0.11654077973601851,-0.25234607461661795,0.43583581292439355,-0.061226825360494175,0.12607766842145374,0.3362706950484462,0.16041046768902056,0.13141832608529747,0.05779354543373749,-0.43087663080796546,0.08640421149004318,-0.07724879835202536
1778210901813248462,1778210901822082952,-0.19321736476691775,-0.27218280308232323,0.11654077973601851,-0.25234607461661795,0.43621728847181096,-0.061226825360494175,0.1287479972533756,0.3355077439536114,0.16002899214160315,0.13599603265430638,0.05779354543373749,-0.43087663080796546,0.08564126039520836,-0.07724879835202536
1778210901836217670,1778210901842204932,-0.1871137560082392,-0.271038376440071,0.11654077973601851,-0.25196459906920055,0.43659876401922837,-0.061226825360494175,0.13103685053788006,0.33398184176394174,0.15888456549935093,0.14209964141298492,0.05779354543373749,-0.43087663080796546,0.08525978484779095,-0.07686732280460795
1778210901856968214,1778210901862195524,-0.1829175249866477,-0.271038376440071,0.11654077973601851,-0.25196459906920055,0.43659876401922837,-0.061608300907911584,0.13103685053788006,0.32978561074235024,0.1573586633096813,0.14629587243457642,0.05779354543373749,-0.43087663080796546,0.08487830930037354,-0.07686732280460795
1778210901878421428,1778210901882194278,-0.1779583428702214,-0.271038376440071,0.11654077973601851,-0.25196459906920055,0.43659876401922837,-0.061608300907911584,0.1325627527275497,0.32520790417334133,0.1573586633096813,0.15201800564583756,0.05779354543373749,-0.43087663080796546,0.08411535820553873,-0.07686732280460795
1778210901899208317,1778210901902121706,-0.17185473411154284,-0.271038376440071,0.11654077973601851,-0.25196459906920055,0.43659876401922837,-0.061608300907911584,0.1329442282749671,0.32253757534141947,0.15697718776226388,0.15659571221484647,0.05779354543373749,-0.43087663080796546,0.08182650492103427,-0.07686732280460795
1778210901918869989,1778210901922106975,-0.16765850308995134,-0.2714198519874884,0.11654077973601851,-0.25196459906920055,0.43659876401922837,-0.061226825360494175,0.13408865491721933,0.3191042954146628,0.15697718776226388,0.16079194323643797,0.05779354543373749,-0.43087663080796546,0.07801174944686018,-0.07686732280460795
1778210901940517183,1778210901942118341,-0.1619363698786902,-0.2714198519874884,0.11654077973601851,-0.25196459906920055,0.43659876401922837,-0.061226825360494175,0.13408865491721933,0.3149080643930713,0.15697718776226388,0.16536964980544688,0.05779354543373749,-0.43087663080796546,0.07648584725719054,-0.07686732280460795
1778210901960512682,1778210901962122895,-0.15621423666742906,-0.271038376440071,0.11654077973601851,-0.25196459906920055,0.43659876401922837,-0.060845349813076766,0.13408865491721933,0.311856260013732,0.15697718776226388,0.17109178301670802,0.05779354543373749,-0.43087663080796546,0.07534142061493831,-0.07686732280460795
1778210901981353113,1778210901982220320,-0.15125505455100274,-0.271038376440071,0.11654077973601851,-0.25196459906920055,0.43659876401922837,-0.060845349813076766,0.13408865491721933,0.3103303578240624,0.15659571221484647,0.17605096513313434,0.05779354543373749,-0.43087663080796546,0.07381551842526868,-0.07686732280460795
1778210901991079555,1778210902002191262,-0.14858472571908088,-0.271038376440071,0.11654077973601851,-0.25196459906920055,0.43659876401922837,-0.06008239871824195,0.13408865491721933,0.30880445563439274,0.15583276112001165,0.1783398184176388,0.05779354543373749,-0.43049515526054805,0.07267109178301645,-0.07686732280460795
1778210902011506597,1778210902022109927,-0.14362554360265456,-0.271038376440071,0.11654077973601851,-0.25196459906920055,0.43659876401922837,-0.060463874265659356,0.13370717936980192,0.30422674906538383,0.1531624322880898,0.1829175249866477,0.05779354543373749,-0.43011367971313064,0.07228961623559904,-0.07686732280460795
1778210902032965816,1778210902042183812,-0.13790341039139342,-0.2702754253452362,0.11654077973601851,-0.25196459906920055,0.43659876401922837,-0.06008239871824195,0.13370717936980192,0.2996490424963749,0.1497291523613331,0.1867322804608218,0.05779354543373749,-0.4282063019760436,0.07152666514076422,-0.07724879835202536
1778210902052860514,1778210902062193421,-0.13370717936980192,-0.26874952315556655,0.11654077973601851,-0.25196459906920055,0.43659876401922837,-0.06008239871824195,0.1333257038223845,0.2954528114747834,0.1493476768139157,0.19016556038757848,0.05779354543373749,-0.4251544975967043,0.0707637140459294,-0.07724879835202536
1778210902074508534,1778210902082243380,-0.12989242389562783,-0.26493476768139246,0.11692225528343592,-0.25196459906920055,0.43659876401922837,-0.05970092317082454,0.1333257038223845,0.2916380560006093,0.14820325017166347,0.19359884031433516,0.05779354543373749,-0.4213397421225302,0.07114518959334681,-0.07724879835202536
1778210902092561764,1778210902102168426,-0.12569619287403633,-0.262645914396888,0.11768520637827073,-0.25196459906920055,0.43659876401922837,-0.05855649652857231,0.13370717936980192,0.28858625162127005,0.14667734798199383,0.19588769359883962,0.05779354543373749,-0.41828793774319095,0.07114518959334681,-0.07724879835202536
1778210902112872286,1778210902122107473,-0.11997405966277519,-0.2592126344701313,0.11768520637827073,-0.25158312352178314,0.43659876401922837,-0.05741206988632008,0.1333257038223845,0.28477149614709596,0.14629587243457642,0.20122835126268335,0.05779354543373749,-0.4152361333638517,0.07000076295109459,-0.07724879835202536
1778210902136346931,1778210902142106136,-0.11387045090409664,-0.25616083009079205,0.11768520637827073,-0.25158312352178314,0.43621728847181096,-0.05474174105439822,0.1333257038223845,0.2817196917677567,0.14667734798199383,0.20504310673685744,0.05779354543373749,-0.41027695124742536,0.06733043411917272,-0.07724879835202536
1778210902156803650,1778210902162140613,-0.1077668421454181,-0.2534905012588702,0.11768520637827073,-0.2512016479743657,0.43621728847181096,-0.05054551003280672,0.13370717936980192,0.27943083848325223,0.14629587243457642,0.20885786221103153,0.05779354543373749,-0.40646219577325127,0.06771190966659013,-0.07724879835202536
1778210902176985945,1778210902182170504,-0.10051880674448732,-0.25196459906920055,0.11768520637827073,-0.24700541695277423,0.43621728847181096,-0.04901960784313708,0.13370717936980192,0.27637903410391296,0.14667734798199383,0.21114671549553599,0.05779354543373749,-0.40226596475165977,0.06771190966659013,-0.07724879835202536
1778210902197851501,1778210902202164811,-0.09403372243839137,-0.24891279468986127,0.11768520637827073,-0.24509803921568718,0.43621728847181096,-0.04596780346379781,0.13447013046463674,0.27103837644006923,0.14667734798199383,0.21496147096971008,0.05779354543373749,-0.39730678263523345,0.06809338521400754,-0.07724879835202536
1778210902212991028,1778210902222149236,-0.08869306477454764,-0.24662394140535682,0.11768520637827073,-0.24471656366826977,0.43621728847181096,-0.04406042572671076,0.13408865491721933,0.2668421454184777,0.14667734798199383,0.21725032425421453,0.05779354543373749,-0.39349202716105935,0.06847486076142495,-0.07724879835202536
1778210902236714526,1778210902242119927,-0.07953765163652982,-0.24471656366826977,0.11768520637827073,-0.24395361257343495,0.43621728847181096,-0.0413900968947889,0.13447013046463674,0.2622644388494688,0.14744029907682865,0.22106507972838862,0.05779354543373749,-0.3873884184023808,0.06771190966659013,-0.07686732280460795
1778210902257598698,1778210902262126662,-0.07152666514076422,-0.2416647592889305,0.11806668192568814,-0.24395361257343495,0.43621728847181096,-0.03833829251544962,0.13523308155947156,0.25883115892271213,0.14744029907682865,0.2244983596551453,0.0581750209811549,-0.3820477607385371,0.06847486076142495,-0.07648584725719054
1778210902278149520,1778210902282150937,-0.06389715419241604,-0.23899443045700863,0.11882963302052296,-0.24357213702601754,0.43659876401922837,-0.03566796368352776,0.13866636148622824,0.25501640344853804,0.1497291523613331,0.2286945906767368,0.0581750209811549,-0.37670710307469335,0.06885633630884236,-0.07648584725719054
1778210902297759297,1778210902302146953,-0.05436026550698081,-0.23632410162508677,0.11882963302052296,-0.2420462348363479,0.43659876401922837,-0.03376058594644071,0.13828488593881083,0.2492942702372769,0.1497291523613331,0.2328908216983283,0.05779354543373749,-0.3706034943160148,0.0707637140459294,-0.07648584725719054
1778210902318955671,1778210902322125548,-0.047493705653467444,-0.23136491950866045,0.11882963302052296,-0.23975738155184345,0.43659876401922837,-0.032616159304188486,0.13866636148622824,0.24357213702601577,0.15011062790875052,0.23746852826733722,0.0581750209811549,-0.36373693446250144,0.07228961623559904,-0.07648584725719054
1778210902339834743,1778210902342109216,-0.03833829251544962,-0.22640573739223413,0.12149996185244483,-0.23899443045700863,0.43659876401922837,-0.03070878156710144,0.13866636148622824,0.23861295490958945,0.15049210345616792,0.2409018081940939,0.0581750209811549,-0.3568703746089881,0.0749599450675209,-0.07648584725719054
1778210902354979172,1778210902362112593,-0.03414206149385812,-0.22297245746547745,0.12417029068436669,-0.23823147936217381,0.43659876401922837,-0.02994583047226662,0.1409552147707327,0.23517967498283276,0.15087357900358533,0.24433508812085059,0.0581750209811549,-0.35191119249256175,0.07534142061493831,-0.07648584725719054
1778210902373732487,1778210902382106818,-0.028038452735179575,-0.21953917753872076,0.12684061951628856,-0.2378500038147564,0.4369802395666458,-0.028801403830014394,0.14209964141298492,0.2321278706034935,0.15087357900358533,0.2485313191424421,0.0581750209811549,-0.34695201037613543,0.07572289616235572,-0.07648584725719054
1778210902396517905,1778210902402104110,-0.019645990691996573,-0.2126726176852074,0.13027389944304524,-0.2370870527199216,0.4369802395666458,-0.027656977187762166,0.14209964141298492,0.22755016403448458,0.15087357900358533,0.25463492790112063,0.0581750209811549,-0.3408484016174569,0.07572289616235572,-0.07648584725719054
1778210902412640819,1778210902422184379,-0.01583123521782248,-0.2088578622110333,0.13179980163271487,-0.23670557717250418,0.4369802395666458,-0.027656977187762166,0.14209964141298492,0.22526131074998013,0.15125505455100274,0.2573052567330425,0.0581750209811549,-0.3370336461432828,0.07572289616235572,-0.07648584725719054
1778210902436605942,1778210902442202728,-0.008201724269474298,-0.203898680094607,0.1325627527275497,-0.23632410162508677,0.4369802395666458,-0.027656977187762166,0.14286259250781974,0.22068360418097122,0.15163653009842015,0.2618829633020514,0.0581750209811549,-0.33169298847943907,0.07763027389944277,-0.07648584725719054
1778210902458240491,1778210902462148705,-0.0017166399633783413,-0.19779507133592844,0.13408865491721933,-0.23632410162508677,0.4373617151140632,-0.028038452735179575,0.14591439688715901,0.21686884870679712,0.15430685893034202,0.2660791943236429,0.0581750209811549,-0.32749675745784756,0.07801174944686018,-0.07648584725719054
1778210902479042114,1778210902482188944,0.0020981155107957505,-0.19321736476691775,0.13485160601205415,-0.23632410162508677,0.4377431906614806,-0.028038452735179575,0.1455329213397416,0.21457999542229267,0.15506981002517684,0.2691309987029822,0.05855649652857231,-0.3236820019836735,0.078774700541695,-0.07648584725719054
1778210902499838658,1778210902502133909,0.005531395437552433,-0.18825818265049143,0.1367589837491412,-0.23594262607766936,0.4377431906614806,-0.028038452735179575,0.1455329213397416,0.21381704432745785,0.15697718776226388,0.27256427862973887,0.05893797207598972,-0.31948577096208197,0.078774700541695,-0.07648584725719054
1778210902519518644,1778210902522125571,0.010109102006561344,-0.18444342717631734,0.137521934843976,-0.23594262607766936,0.4377431906614806,-0.028419928282596985,0.1455329213397416,0.21381704432745785,0.1577401388570987,0.2737087052719911,0.05970092317082454,-0.31528953994049047,0.0791561760891124,-0.07610437170977313
1778210902539921087,1778210902542107068,0.013923857480735435,-0.17910276951247361,0.137521934843976,-0.23594262607766936,0.4377431906614806,-0.028038452735179575,0.1455329213397416,0.21381704432745785,0.1581216144045161,0.27561608300907814,0.060463874265659356,-0.31071183337148156,0.078774700541695,-0.07572289616235572
1778210902560583889,1778210902562102297,0.017357137407492118,-0.17338063630121248,0.137521934843976,-0.23594262607766936,0.4377431906614806,-0.028038452735179575,0.1455329213397416,0.21305409323262303,0.1581216144045161,0.2771419851987478,0.061608300907911584,-0.30613412680247265,0.07953765163652982,-0.07610437170977313
1778210902580849283,1778210902582166704,0.019264515144579164,-0.16765850308995134,0.1371404592965586,-0.23594262607766936,0.4377431906614806,-0.028038452735179575,0.1455329213397416,0.2119096665903708,0.15888456549935093,0.2771419851987478,0.06351567864499863,-0.30155642023346374,0.0829709315632865,-0.07572289616235572
1778210902601455784,1778210902602115358,0.02117189288166621,-0.1623178454261076,0.137521934843976,-0.23594262607766936,0.4377431906614806,-0.028038452735179575,0.1451514457923242,0.21038376440070117,0.15926604104676834,0.27676050965133037,0.06504158083466827,-0.29736018921187224,0.08411535820553873,-0.07572289616235572
1778210902612317175,1778210902622216479,0.023460746166170665,-0.1577401388570987,0.1371404592965586,-0.23594262607766936,0.4377431906614806,-0.028038452735179575,0.1451514457923242,0.21000228885328376,0.15964751659418575,0.27676050965133037,0.0661860074769205,-0.2950713359273678,0.08602273594262577,-0.07572289616235572
1778210902632208601,1778210902642114327,0.02574959945067512,-0.1539253833829246,0.1371404592965586,-0.23556115053025195,0.4377431906614806,-0.028038452735179575,0.1451514457923242,0.20885786221103153,0.16041046768902056,0.27676050965133037,0.06771190966659013,-0.2912565804531937,0.08602273594262577,-0.07572289616235572
1778210902653059836,1778210902662098616,0.029182879377431803,-0.14820325017166347,0.1371404592965586,-0.23517967498283454,0.4377431906614806,-0.028038452735179575,0.1451514457923242,0.20695048447394448,0.16117341878385538,0.27676050965133037,0.06923781185625977,-0.2870603494316022,0.08678568703746059,-0.07572289616235572
1778210902673743689,1778210902682242221,0.03185320820935367,-0.14209964141298492,0.1371404592965586,-0.23441672388799972,0.4377431906614806,-0.028038452735179575,0.1451514457923242,0.20504310673685744,0.16117341878385538,0.27637903410391296,0.07114518959334681,-0.2824826428625933,0.08678568703746059,-0.07572289616235572
1778210902699490516,1778210902702121598,0.03604943923094517,-0.13523308155947156,0.1371404592965586,-0.2336537727931649,0.4377431906614806,-0.028038452735179575,0.1455329213397416,0.2031357289997704,0.1615548943312728,0.27637903410391296,0.07305256733043386,-0.27676050965133214,0.08678568703746059,-0.07572289616235572
1778210902712856813,1778210902722189440,0.037956816968032214,-0.13179980163271487,0.1371404592965586,-0.2332722972457475,0.4377431906614806,-0.027656977187762166,0.1455329213397416,0.20237277790493557,0.1615548943312728,0.27676050965133037,0.0745784695201035,-0.2744716563668277,0.08754863813229541,-0.07572289616235572
1778210902736803510,1778210902742194830,0.042534523537041125,-0.12684061951628856,0.1371404592965586,-0.2332722972457475,0.4377431906614806,-0.028038452735179575,0.1455329213397416,0.20008392462043112,0.1619363698786902,0.27676050965133037,0.07686732280460795,-0.26913099870298396,0.08983749141679986,-0.07572289616235572
1778210902756728657,1778210902762271613,0.04596780346379781,-0.12417029068436669,0.1371404592965586,-0.2332722972457475,0.4377431906614806,-0.027656977187762166,0.14591439688715901,0.19855802243076148,0.1619363698786902,0.27676050965133037,0.078774700541695,-0.26493476768139246,0.09060044251163468,-0.07572289616235572
1778210902777718711,1778210902782228795,0.04901960784313708,-0.11997405966277519,0.1371404592965586,-0.2332722972457475,0.4377431906614806,-0.028038452735179575,0.14591439688715901,0.19626916914625703,0.1619363698786902,0.27676050965133037,0.08106355382619945,-0.26112001220721837,0.09060044251163468,-0.07572289616235572
1778210902797885228,1778210902802133890,0.05245288776989376,-0.11730373083085333,0.1371404592965586,-0.2332722972457475,0.4377431906614806,-0.028038452735179575,0.14629587243457642,0.19398031586175257,0.1619363698786902,0.27676050965133037,0.08335240711070391,-0.2576867322804617,0.09060044251163468,-0.07610437170977313
1778210902812653349,1778210902822105920,0.05436026550698081,-0.11577782864118369,0.1371404592965586,-0.2332722972457475,0.4377431906614806,-0.027656977187762166,0.14705882352941124,0.19359884031433516,0.1619363698786902,0.27676050965133037,0.08487830930037354,-0.2550164034485398,0.09060044251163468,-0.07610437170977313
1778210902833131376,1778210902842174014,0.057030594338902674,-0.11310749980926182,0.1371404592965586,-0.2332722972457475,0.4377431906614806,-0.027656977187762166,0.14782177462424606,0.19321736476691775,0.1623178454261076,0.27676050965133037,0.08602273594262577,-0.25234607461661795,0.09060044251163468,-0.07610437170977313
1778210902852242447,1778210902862241275,0.05893797207598972,-0.11120012207217478,0.1371404592965586,-0.2332722972457475,0.4377431906614806,-0.027656977187762166,0.1489662012664983,0.19321736476691775,0.1623178454261076,0.27676050965133037,0.08678568703746059,-0.2496757457846961,0.09021896696421727,-0.07610437170977313
1778210902874372265,1778210902882166285,0.061226825360494175,-0.11081864652475737,0.1371404592965586,-0.2332722972457475,0.4377431906614806,-0.027275501640344757,0.1489662012664983,0.19321736476691775,0.1623178454261076,0.27676050965133037,0.08869306477454764,-0.24738689250019164,0.09021896696421727,-0.07610437170977313
1778210902892652541,1778210902902217073,0.061608300907911584,-0.11081864652475737,0.1367589837491412,-0.2332722972457475,0.4377431906614806,-0.027275501640344757,0.1489662012664983,0.19359884031433516,0.1623178454261076,0.27637903410391296,0.08869306477454764,-0.24700541695277423,0.08983749141679986,-0.07610437170977313
1778210902915757424,1778210902922133747,0.06198977645532899,-0.11005569542992255,0.13637750820172378,-0.2332722972457475,0.4377431906614806,-0.027275501640344757,0.1489662012664983,0.19321736476691775,0.16308079652094243,0.27599755855649555,0.08907454032196505,-0.24662394140535682,0.09021896696421727,-0.07610437170977313
1778210902932582021,1778210902942442680,0.06198977645532899,-0.11005569542992255,0.13637750820172378,-0.2332722972457475,0.4377431906614806,-0.027275501640344757,0.1489662012664983,0.19321736476691775,0.16498817425802947,0.27561608300907814,0.08869306477454764,-0.2462424658579394,0.08945601586938245,-0.07610437170977313
1778210902956225221,1778210902962119641,0.061226825360494175,-0.11005569542992255,0.13637750820172378,-0.23289082169833009,0.4377431906614806,-0.027275501640344757,0.1489662012664983,0.19321736476691775,0.16536964980544688,0.2748531319142433,0.08869306477454764,-0.2462424658579394,0.08907454032196505,-0.07610437170977313
1778210902977480746,1778210902982199266,0.060845349813076766,-0.11005569542992255,0.13599603265430638,-0.23289082169833009,0.438124666208898,-0.027275501640344757,0.14858472571908088,0.19321736476691775,0.1657511253528643,0.2744716563668259,0.08831158922713023,-0.2462424658579394,0.08640421149004318,-0.07610437170977313
1778210902998080842,1778210903002170230,0.060463874265659356,-0.11005569542992255,0.13599603265430638,-0.2332722972457475,0.4388876173037328,-0.027275501640344757,0.1489662012664983,0.19321736476691775,0.1661326009002817,0.2737087052719911,0.08831158922713023,-0.2462424658579394,0.08258945601586909,-0.07610437170977313
1778210903017774373,1778210903022133059,0.060463874265659356,-0.11005569542992255,0.13485160601205415,-0.23289082169833009,0.4411764705882373,-0.027275501640344757,0.14858472571908088,0.19321736476691775,0.1661326009002817,0.2733272297245737,0.08831158922713023,-0.2462424658579394,0.08258945601586909,-0.07610437170977313
1778210903038294869,1778210903042122277,0.060463874265659356,-0.11005569542992255,0.13408865491721933,-0.23289082169833009,0.4427023727779069,-0.027275501640344757,0.1489662012664983,0.19321736476691775,0.1665140764476991,0.27218280308232146,0.08831158922713023,-0.2462424658579394,0.08220798046845168,-0.07610437170977313
1778210903059151848,1778210903062112159,0.060463874265659356,-0.11005569542992255,0.1333257038223845,-0.23289082169833009,0.44460975051499396,-0.027275501640344757,0.1489662012664983,0.19321736476691775,0.16842145418478616,0.27180132753490405,0.08831158922713023,-0.2462424658579394,0.08182650492103427,-0.07610437170977313
1778210903080412674,1778210903082099828,0.060463874265659356,-0.11005569542992255,0.1333257038223845,-0.23289082169833009,0.4453727016098288,-0.027275501640344757,0.1489662012664983,0.19321736476691775,0.16918440527962098,0.27141985198748664,0.08831158922713023,-0.2462424658579394,0.08106355382619945,-0.07610437170977313
1778210903101222869,1778210903102098007,0.060463874265659356,-0.11005569542992255,0.1333257038223845,-0.2332722972457475,0.44766155489433324,-0.027275501640344757,0.1489662012664983,0.19321736476691775,0.16918440527962098,0.27103837644006923,0.08831158922713023,-0.2462424658579394,0.07648584725719054,-0.07610437170977313
1778210903121158660,1778210903122060387,0.060463874265659356,-0.11005569542992255,0.1333257038223845,-0.2332722972457475,0.45223926146334215,-0.027656977187762166,0.1489662012664983,0.19359884031433516,0.16956588082703838,0.2706569008926518,0.08831158922713023,-0.2462424658579394,0.07419699397268609,-0.07610437170977313
1778210903131399582,1778210903142245516,0.06008239871824195,-0.11005569542992255,0.1333257038223845,-0.2332722972457475,0.45300221255817696,-0.027275501640344757,0.14858472571908088,0.19359884031433516,0.16956588082703838,0.2702754253452344,0.08831158922713023,-0.2462424658579394,0.0745784695201035,-0.07610437170977313
1778210903161879954,1778210903162189566,0.05779354543373749,-0.11005569542992255,0.13370717936980192,-0.2332722972457475,0.45681696803235106,-0.027275501640344757,0.1493476768139157,0.19359884031433516,0.16956588082703838,0.2687495231555648,0.08831158922713023,-0.2462424658579394,0.0745784695201035,-0.07610437170977313
1778210903172736414,1778210903182331888,0.05779354543373749,-0.11005569542992255,0.13370717936980192,-0.2332722972457475,0.4583428702220207,-0.027656977187762166,0.1489662012664983,0.19359884031433516,0.1699473563744558,0.26836804760814736,0.08831158922713023,-0.2462424658579394,0.0749599450675209,-0.07610437170977313
1778210903197683267,1778210903202265066,0.05512321660181563,-0.11005569542992255,0.13370717936980192,-0.2336537727931649,0.46025024795910774,-0.027656977187762166,0.1493476768139157,0.19436179140916998,0.17109178301670802,0.2668421454184777,0.08831158922713023,-0.2462424658579394,0.07419699397268609,-0.07610437170977313
1778210903212465378,1778210903222121152,0.05436026550698081,-0.11005569542992255,0.13370717936980192,-0.2336537727931649,0.46063172350652515,-0.027275501640344757,0.1489662012664983,0.1951247425040048,0.17299916075379507,0.2656977187762255,0.08793011367971282,-0.2462424658579394,0.0745784695201035,-0.07610437170977313
1778210903235038001,1778210903242143918,0.05016403448538931,-0.11005569542992255,0.13370717936980192,-0.2340352483405823,0.4629205767910296,-0.027275501640344757,0.1489662012664983,0.19665064469367444,0.1749065384908821,0.2649347676813907,0.08831158922713023,-0.2462424658579394,0.07343404287785127,-0.07610437170977313
1778210903256669438,1778210903262101354,0.04863813229571967,-0.11005569542992255,0.13370717936980192,-0.2340352483405823,0.4629205767910296,-0.027275501640344757,0.1493476768139157,0.1997024490730137,0.17643244068055175,0.2622644388494688,0.08793011367971282,-0.2462424658579394,0.07419699397268609,-0.07610437170977313
1778210903277293230,1778210903282145609,0.04444190127412817,-0.11005569542992255,0.13370717936980192,-0.2340352483405823,0.4636835278858644,-0.027656977187762166,0.1493476768139157,0.2038986800946052,0.17643244068055175,0.25959411001754695,0.08793011367971282,-0.2462424658579394,0.07190814068818163,-0.07610437170977313
1778210903298000281,1778210903302195673,0.04100862134737149,-0.11005569542992255,0.13370717936980192,-0.23441672388799972,0.4636835278858644,-0.027275501640344757,0.1493476768139157,0.2080949111161967,0.17681391622796916,0.2573052567330425,0.08831158922713023,-0.2462424658579394,0.07152666514076422,-0.07610437170977313
1778210903318008362,1778210903322110977,0.037193865873197396,-0.11005569542992255,0.13370717936980192,-0.2340352483405823,0.46406500343328183,-0.027275501640344757,0.1493476768139157,0.21305409323262303,0.17681391622796916,0.25463492790112063,0.08793011367971282,-0.24662394140535682,0.0707637140459294,-0.07610437170977313
1778210903338650075,1778210903342105355,0.032234683756771076,-0.11005569542992255,0.13370717936980192,-0.2340352483405823,0.46406500343328183,-0.027275501640344757,0.1493476768139157,0.2199206530861364,0.17681391622796916,0.25196459906919877,0.08793011367971282,-0.24662394140535682,0.070382238498512,-0.07610437170977313
1778210903359847977,1778210903362103204,0.028801403830014394,-0.11005569542992255,0.13370717936980192,-0.2340352483405823,0.46520943007553406,-0.027275501640344757,0.1493476768139157,0.22640573739223235,0.17681391622796916,0.2489127946898595,0.08793011367971282,-0.24700541695277423,0.070382238498512,-0.07610437170977313
1778210903374503380,1778210903382147543,0.02574959945067512,-0.11005569542992255,0.13370717936980192,-0.2340352483405823,0.4678797589074559,-0.027275501640344757,0.1489662012664983,0.23060196841382385,0.17681391622796916,0.2454795147631028,0.08793011367971282,-0.24738689250019164,0.070382238498512,-0.07610437170977313
1778210903394913354,1778210903402204405,0.0207904173342488,-0.11005569542992255,0.13370717936980192,-0.2340352483405823,0.4709315632867952,-0.027656977187762166,0.1493476768139157,0.23441672388799795,0.17719539177538657,0.23937590600442427,0.08793011367971282,-0.24738689250019164,0.06847486076142495,-0.07610437170977313
1778210903412354227,1778210903422153826,0.018120088502326936,-0.11005569542992255,0.13370717936980192,-0.2340352483405823,0.47283894102388224,-0.027656977187762166,0.1493476768139157,0.23823147936217204,0.17719539177538657,0.236324101625085,0.08793011367971282,-0.24738689250019164,0.06733043411917272,-0.07572289616235572
1778210903435534102,1778210903442112607,0.012779430838483208,-0.11043717097733996,0.13370717936980192,-0.2340352483405823,0.4758907454032215,-0.027656977187762166,0.1489662012664983,0.244716563668268,0.17719539177538657,0.23060196841382385,0.08754863813229541,-0.24738689250019164,0.0661860074769205,-0.07572289616235572
1778210903455998430,1778210903462125859,0.008964675364309116,-0.11043717097733996,0.13370717936980192,-0.23441672388799972,0.4789425497825608,-0.027656977187762166,0.1493476768139157,0.2500572213321117,0.17719539177538657,0.22564278629739754,0.087167162584878,-0.24738689250019164,0.06427862973983345,-0.07572289616235572
1778210903476587915,1778210903482107575,0.0040054932478827965,-0.11043717097733996,0.13370717936980192,-0.23479819943541713,0.480086976424813,-0.027656977187762166,0.1493476768139157,0.25463492790112063,0.17757686732280398,0.22106507972838862,0.08678568703746059,-0.24738689250019164,0.06351567864499863,-0.07572289616235572
1778210903497124863,1778210903502195531,-0.0005722133211261138,-0.11043717097733996,0.13408865491721933,-0.23556115053025195,0.48237582970931747,-0.027656977187762166,0.1497291523613331,0.2584496833752947,0.17910276951247361,0.21763179980163194,0.08602273594262577,-0.24738689250019164,0.06351567864499863,-0.07572289616235572
1778210903517420549,1778210903522161684,-0.004386968795300206,-0.11043717097733996,0.13599603265430638,-0.2370870527199216,0.4827573052567349,-0.027656977187762166,0.15125505455100274,0.26302738994430364,0.1821545738918129,0.21305409323262303,0.08525978484779095,-0.24738689250019164,0.06275272755016381,-0.07572289616235572
1778210903538515150,1778210903542097920,-0.008964675364309116,-0.11043717097733996,0.13637750820172378,-0.2370870527199216,0.4827573052567349,-0.027656977187762166,0.1539253833829246,0.2656977187762255,0.18444342717631734,0.20923933775844894,0.08373388265812132,-0.24776836804760904,0.061226825360494175,-0.07572289616235572
1778210903558578093,1778210903562142936,-0.013923857480735435,-0.11043717097733996,0.1367589837491412,-0.237468528267339,0.4839017318989871,-0.027656977187762166,0.15621423666742906,0.26798657206072996,0.18520637827115216,0.20656900892652708,0.08220798046845168,-0.24776836804760904,0.05970092317082454,-0.07572289616235572
1778210903578807150,1778210903582110255,-0.017738612954909527,-0.11043717097733996,0.137521934843976,-0.23899443045700863,0.48619058518349156,-0.027656977187762166,0.15697718776226388,0.27180132753490405,0.1863508049134044,0.20428015564202262,0.08030060273136463,-0.2496757457846961,0.05970092317082454,-0.07534142061493831
1778210903599916984,1778210903602158048,-0.022316319523918438,-0.11043717097733996,0.13866636148622824,-0.24052033264667827,0.4873350118257438,-0.027656977187762166,0.1573586633096813,0.27523460746166073,0.18787670710307403,0.2031357289997704,0.07839322499427759,-0.2500572213321135,0.05931944762340713,-0.07534142061493831
1778210903615262649,1778210903622165300,-0.024605172808422893,-0.11043717097733996,0.13828488593881083,-0.2412832837415131,0.4873350118257438,-0.028038452735179575,0.15697718776226388,0.2771419851987478,0.18787670710307403,0.20237277790493557,0.07724879835202536,-0.2500572213321135,0.05931944762340713,-0.07534142061493831
1778210903639098569,1778210903642113925,-0.03185320820935367,-0.11043717097733996,0.13866636148622824,-0.2416647592889305,0.48962386511024825,-0.028038452735179575,0.1573586633096813,0.27981231403066964,0.18825818265049143,0.20199130235751817,0.07572289616235572,-0.2500572213321135,0.05970092317082454,-0.07534142061493831
1778210903659923511,1778210903662120919,-0.03681239032577999,-0.11043717097733996,0.13942931258106306,-0.2420462348363479,0.49000534065766566,-0.028038452735179575,0.1573586633096813,0.2832455939574263,0.18863965819790884,0.20199130235751817,0.0745784695201035,-0.2500572213321135,0.060845349813076766,-0.0745784695201035
1778210903680719276,1778210903682127679,-0.04100862134737149,-0.11043717097733996,0.1413366903181501,-0.24395361257343495,0.49000534065766566,-0.028038452735179575,0.1573586633096813,0.286678873884183,0.18863965819790884,0.20199130235751817,0.07343404287785127,-0.2500572213321135,0.061608300907911584,-0.0745784695201035
1778210903701567946,1778210903702113275,-0.047112230106050035,-0.11043717097733996,0.14248111696040233,-0.24471656366826977,0.4911497672999179,-0.028038452735179575,0.1573586633096813,0.28858625162127005,0.18940260929274366,0.20199130235751817,0.07305256733043386,-0.2500572213321135,0.06580453192950309,-0.07381551842526868
1778210903711816761,1778210903722199523,-0.05054551003280672,-0.11043717097733996,0.14362554360265456,-0.24471656366826977,0.4922941939421701,-0.028038452735179575,0.1573586633096813,0.28858625162127005,0.18940260929274366,0.20199130235751817,0.07267109178301645,-0.2504386968795309,0.06809338521400754,-0.07305256733043386
1778210903732576580,1778210903742165150,-0.056649118791485265,-0.11043717097733996,0.14667734798199383,-0.24471656366826977,0.49420157167925716,-0.028038452735179575,0.1573586633096813,0.28858625162127005,0.19169146257724812,0.20160982681010076,0.07190814068818163,-0.2512016479743657,0.07190814068818163,-0.07190814068818163
1778210903752971587,1778210903762137413,-0.06275272755016381,-0.11043717097733996,0.1489662012664983,-0.24471656366826977,0.4953459983215094,-0.028038452735179575,0.15697718776226388,0.28896772716868746,0.19207293812466553,0.20084687571526594,0.0707637140459294,-0.25234607461661795,0.07190814068818163,-0.07152666514076422
1778210903773566442,1778210903782678572,-0.06847486076142495,-0.11043717097733996,0.15087357900358533,-0.24509803921568718,0.49725337605859643,-0.028038452735179575,0.1573586633096813,0.2908751049057745,0.19207293812466553,0.1997024490730137,0.06923781185625977,-0.25539787899595723,0.07228961623559904,-0.07152666514076422
1778210903794136149,1778210903802265120,-0.07419699397268609,-0.11043717097733996,0.15239948119325497,-0.24509803921568718,0.49725337605859643,-0.028038452735179575,0.1573586633096813,0.29354543373769637,0.19283588921950034,0.1993209735255963,0.06771190966659013,-0.2580682078278791,0.07534142061493831,-0.07152666514076422
1778210903814716077,1778210903822160587,-0.08030060273136463,-0.11043717097733996,0.15239948119325497,-0.24509803921568718,0.49725337605859643,-0.028038452735179575,0.1573586633096813,0.29697871366445305,0.19321736476691775,0.1989394979781789,0.0661860074769205,-0.26073853665980096,0.07610437170977313,-0.07152666514076422
1778210903835265950,1778210903842139688,-0.08525978484779095,-0.11043717097733996,0.15239948119325497,-0.24509803921568718,0.49725337605859643,-0.028038452735179575,0.15697718776226388,0.3000305180437923,0.1947432669565874,0.19817654688334407,0.06466010528725086,-0.2634088654917228,0.07763027389944277,-0.07114518959334681
1778210903856483232,1778210903862122999,-0.09060044251163468,-0.11043717097733996,0.15239948119325497,-0.24509803921568718,0.49725337605859643,-0.028419928282596985,0.15697718776226388,0.3030823224231316,0.1951247425040048,0.19588769359883962,0.06313420309758122,-0.26493476768139246,0.07953765163652982,-0.07114518959334681
1778210903876626315,1778210903882149818,-0.09670405127031323,-0.11043717097733996,0.15239948119325497,-0.24509803921568718,0.49725337605859643,-0.028419928282596985,0.15697718776226388,0.30537117570763606,0.1955062180514222,0.19207293812466553,0.06198977645532899,-0.2668421454184795,0.08144502937361686,-0.07114518959334681
1778210903897927174,1778210903902153435,-0.10318913557640919,-0.11043717097733996,0.15278095674067238,-0.24509803921568718,0.49725337605859643,-0.028419928282596985,0.15659571221484647,0.3072785534447231,0.1951247425040048,0.19016556038757848,0.060845349813076766,-0.26836804760814914,0.08640421149004318,-0.06809338521400754
1778210903918426480,1778210903922132092,-0.11043717097733996,-0.11043717097733996,0.15545128557259424,-0.24471656366826977,0.496871900511179,-0.028801403830014394,0.15506981002517684,0.30880445563439274,0.1951247425040048,0.1871137560082392,0.060463874265659356,-0.26913099870298396,0.08907454032196505,-0.06733043411917272
1778210903938354561,1778210903942168473,-0.11844815747310555,-0.11043717097733996,0.15964751659418575,-0.24471656366826977,0.4964904249637616,-0.028801403830014394,0.15087357900358533,0.3103303578240624,0.1951247425040048,0.18368047608148252,0.06008239871824195,-0.26913099870298396,0.09060044251163468,-0.0661860074769205
1778210903959669680,1778210903962115100,-0.1245517662317841,-0.11043717097733996,0.16308079652094243,-0.24471656366826977,0.4964904249637616,-0.028801403830014394,0.1493476768139157,0.31300068665598424,0.1951247425040048,0.18024719615472584,0.060463874265659356,-0.26913099870298396,0.09250782024872173,-0.06504158083466827
1778210903974820667,1778210903982211803,-0.12951094834821042,-0.11043717097733996,0.16384374761577725,-0.24471656366826977,0.4964904249637616,-0.028419928282596985,0.1493476768139157,0.3149080643930713,0.1951247425040048,0.1779583428702214,0.060463874265659356,-0.26913099870298396,0.09288929579613914,-0.06504158083466827
1778210903993844040,1778210904002159551,-0.13408865491721933,-0.11043717097733996,0.16460669871061206,-0.24471656366826977,0.494964522774092,-0.028419928282596985,0.14858472571908088,0.3164339665827409,0.1955062180514222,0.17528801403829952,0.060463874265659356,-0.26913099870298396,0.09365224689097396,-0.06504158083466827
1778210904021554805,1778210904022202796,-0.13904783703364565,-0.11043717097733996,0.16460669871061206,-0.24471656366826977,0.4922941939421701,-0.028419928282596985,0.14858472571908088,0.3191042954146628,0.1955062180514222,0.17261768520637766,0.060463874265659356,-0.26913099870298396,0.09327077134355655,-0.06466010528725086
1778210904032707558,1778210904042174184,-0.1409552147707327,-0.11043717097733996,0.16460669871061206,-0.24471656366826977,0.488479438467996,-0.028419928282596985,0.14820325017166347,0.3198672465094976,0.1955062180514222,0.17109178301670802,0.060463874265659356,-0.26913099870298396,0.09327077134355655,-0.06466010528725086
1778210904059763407,1778210904062110689,-0.14667734798199383,-0.11043717097733996,0.16460669871061206,-0.24433508812085236,0.48580910963607415,-0.028419928282596985,0.14782177462424606,0.320248722056915,0.1951247425040048,0.16956588082703838,0.060463874265659356,-0.26913099870298396,0.09365224689097396,-0.06466010528725086
1778210904072450018,1778210904082200457,-0.14858472571908088,-0.11043717097733996,0.16460669871061206,-0.24433508812085236,0.48542763408865675,-0.028419928282596985,0.14705882352941124,0.320248722056915,0.1951247425040048,0.16918440527962098,0.060463874265659356,-0.26913099870298396,0.09365224689097396,-0.06427862973983345
1778210904096707987,1778210904102156591,-0.15239948119325497,-0.11081864652475737,0.16460669871061206,-0.24433508812085236,0.48542763408865675,-0.028419928282596985,0.14782177462424606,0.320248722056915,0.1951247425040048,0.16918440527962098,0.06008239871824195,-0.26913099870298396,0.09365224689097396,-0.06427862973983345
1778210904117348385,1778210904122155176,-0.15430685893034202,-0.11120012207217478,0.16460669871061206,-0.24433508812085236,0.48542763408865675,-0.028419928282596985,0.14858472571908088,0.320248722056915,0.1951247425040048,0.16918440527962098,0.060463874265659356,-0.26913099870298396,0.09365224689097396,-0.06427862973983345
1778210904138454750,1778210904142142978,-0.15659571221484647,-0.11425192645151405,0.16460669871061206,-0.24433508812085236,0.48542763408865675,-0.028419928282596985,0.1489662012664983,0.320248722056915,0.1951247425040048,0.16918440527962098,0.060463874265659356,-0.26913099870298396,0.09365224689097396,-0.06427862973983345
1778210904159328972,1778210904162115264,-0.15888456549935093,-0.11768520637827073,0.16460669871061206,-0.24433508812085236,0.48504615854123934,-0.028419928282596985,0.1493476768139157,0.32139314869916724,0.1951247425040048,0.16956588082703838,0.060463874265659356,-0.26913099870298396,0.09365224689097396,-0.06466010528725086
1778210904179601963,1778210904182114666,-0.16002899214160315,-0.12188143739986224,0.16460669871061206,-0.24471656366826977,0.4835202563515697,-0.028419928282596985,0.1493476768139157,0.32253757534141947,0.1951247425040048,0.1707103074692906,0.060463874265659356,-0.2698939497978188,0.09441519798580877,-0.06427862973983345
1778210904200704994,1778210904202126009,-0.1615548943312728,-0.12645914396887115,0.16498817425802947,-0.24471656366826977,0.4804684519722304,-0.028038452735179575,0.14858472571908088,0.32558937972075874,0.1951247425040048,0.17185473411154284,0.060463874265659356,-0.27256427862974064,0.09517814908064359,-0.06427862973983345
1778210904220536604,1778210904222118313,-0.16384374761577725,-0.129129472800793,0.16498817425802947,-0.24433508812085236,0.47817959868772597,-0.028038452735179575,0.1489662012664983,0.3274967574578458,0.1951247425040048,0.17261768520637766,0.06008239871824195,-0.2756160830090799,0.09746700236514805,-0.06351567864499863
1778210904241048988,1778210904242092032,-0.16460669871061206,-0.13218127718013228,0.1657511253528643,-0.24433508812085236,0.47703517204547374,-0.028038452735179575,0.14858472571908088,0.328641184100098,0.1951247425040048,0.17338063630121248,0.06008239871824195,-0.2786678873884192,0.09822995345998287,-0.06351567864499863
1778210904261607981,1778210904262204631,-0.16689555199511652,-0.13447013046463674,0.1657511253528643,-0.24433508812085236,0.47398336766613447,-0.028419928282596985,0.14820325017166347,0.33093003738460247,0.1951247425040048,0.17338063630121248,0.05970092317082454,-0.28171969176775846,0.09822995345998287,-0.06351567864499863
1778210904272311403,1778210904282260760,-0.16727702754253393,-0.13637750820172378,0.1657511253528643,-0.24395361257343495,0.47169451438163,-0.028419928282596985,0.14782177462424606,0.3320744640268547,0.1951247425040048,0.17338063630121248,0.05970092317082454,-0.2836270695048455,0.09899290455481768,-0.06313420309758122
1778210904292347074,1778210904302194931,-0.16918440527962098,-0.137521934843976,0.1657511253528643,-0.24395361257343495,0.46902418554970815,-0.028419928282596985,0.14744029907682865,0.33474479285877656,0.1955062180514222,0.17299916075379507,0.05970092317082454,-0.2866788738841848,0.10090028229190473,-0.06313420309758122
1778210904313595368,1778210904322162943,-0.1703288319218732,-0.13904783703364565,0.1657511253528643,-0.24395361257343495,0.4659723811703689,-0.028419928282596985,0.1451514457923242,0.337033646143281,0.1955062180514222,0.17261768520637766,0.05970092317082454,-0.28934920271610665,0.10509651331349623,-0.06313420309758122
1778210904333933270,1778210904342130535,-0.17185473411154284,-0.13904783703364565,0.1657511253528643,-0.24395361257343495,0.4594872968642729,-0.028419928282596985,0.1455329213397416,0.33855954833295065,0.1955062180514222,0.17185473411154284,0.05893797207598972,-0.2912565804531937,0.10547798886091364,-0.06313420309758122
1778210904359308641,1778210904362128067,-0.17223620965896025,-0.13904783703364565,0.16536964980544688,-0.24395361257343495,0.4583428702220207,-0.028419928282596985,0.1451514457923242,0.3400854505226203,0.1955062180514222,0.17147325856412543,0.05779354543373749,-0.2924010070954459,0.10852979324025291,-0.06313420309758122
1778210904370585066,1778210904382127659,-0.17261768520637766,-0.14019226367589788,0.16536964980544688,-0.24395361257343495,0.45681696803235106,-0.028038452735179575,0.1451514457923242,0.3404669260700377,0.1955062180514222,0.17147325856412543,0.05779354543373749,-0.29316395819028074,0.10967421988250514,-0.06313420309758122
1778210904393672024,1778210904402126165,-0.17261768520637766,-0.14248111696040233,0.16536964980544688,-0.24395361257343495,0.4541466392004292,-0.028038452735179575,0.1451514457923242,0.3404669260700377,0.1955062180514222,0.17147325856412543,0.05741206988632008,-0.2950713359273678,0.112344548714427,-0.06313420309758122
1778210904414605406,1778210904422099145,-0.17299916075379507,-0.14629587243457642,0.1657511253528643,-0.24395361257343495,0.45185778591592474,-0.028038452735179575,0.1455329213397416,0.3404669260700377,0.1955062180514222,0.17147325856412543,0.056649118791485265,-0.2958342870222026,0.11310749980926182,-0.060845349813076766
1778210904435430804,1778210904442181158,-0.17299916075379507,-0.1497291523613331,0.1657511253528643,-0.24395361257343495,0.4514763103685073,-0.028419928282596985,0.14591439688715901,0.3404669260700377,0.1955062180514222,0.17147325856412543,0.056649118791485265,-0.2954528114747852,0.11310749980926182,-0.06008239871824195
1778210904456201226,1778210904462151293,-0.17299916075379507,-0.15278095674067238,0.1657511253528643,-0.24395361257343495,0.4514763103685073,-0.028419928282596985,0.1455329213397416,0.3404669260700377,0.1955062180514222,0.17147325856412543,0.05550469214923304,-0.2958342870222026,0.11348897535667923,-0.06008239871824195
1778210904476654922,1778210904482153550,-0.17299916075379507,-0.15468833447775943,0.1657511253528643,-0.24395361257343495,0.4514763103685073,-0.028038452735179575,0.14591439688715901,0.3400854505226203,0.1955062180514222,0.17185473411154284,0.05474174105439822,-0.2958342870222026,0.11348897535667923,-0.06008239871824195
1778210904497632829,1778210904502163096,-0.17299916075379507,-0.15621423666742906,0.1657511253528643,-0.24395361257343495,0.4514763103685073,-0.028038452735179575,0.1455329213397416,0.3397039749752029,0.1955062180514222,0.17185473411154284,0.05436026550698081,-0.2958342870222026,0.11348897535667923,-0.06008239871824195
1778210904518113952,1778210904522185738,-0.1745250629434647,-0.1577401388570987,0.1657511253528643,-0.24357213702601754,0.4507133592736725,-0.028038452735179575,0.1455329213397416,0.3393224994277855,0.1955062180514222,0.17147325856412543,0.05321583886472858,-0.2958342870222026,0.11310749980926182,-0.05970092317082454
1778210904539123508,1778210904542122680,-0.17566948958571693,-0.15926604104676834,0.1657511253528643,-0.24319066147860013,0.44766155489433324,-0.028038452735179575,0.1455329213397416,0.3393224994277855,0.1955062180514222,0.17147325856412543,0.051689936675058945,-0.2958342870222026,0.11310749980926182,-0.05970092317082454
1778210904558639840,1778210904562118539,-0.1779583428702214,-0.15964751659418575,0.1657511253528643,-0.24052033264667827,0.44460975051499396,-0.028419928282596985,0.1451514457923242,0.3393224994277855,0.1955062180514222,0.17147325856412543,0.05054551003280672,-0.29697871366445483,0.11272602426184442,-0.06008239871824195
1778210904579639262,1778210904582188496,-0.18101014724956066,-0.15964751659418575,0.1657511253528643,-0.23975738155184345,0.4427023727779069,-0.028038452735179575,0.1447699702449068,0.3393224994277855,0.1955062180514222,0.17109178301670802,0.04940108339055449,-0.29812314030670706,0.11272602426184442,-0.05970092317082454
1778210904600304593,1778210904602122006,-0.18368047608148252,-0.15964751659418575,0.1657511253528643,-0.23937590600442604,0.44003204394598505,-0.028419928282596985,0.1451514457923242,0.3393224994277855,0.1955062180514222,0.17109178301670802,0.04787518120088485,-0.2996490424963767,0.11272602426184442,-0.05970092317082454
1778210904620364698,1778210904622102814,-0.1867322804608218,-0.15964751659418575,0.16536964980544688,-0.23861295490959122,0.43659876401922837,-0.028419928282596985,0.1447699702449068,0.3397039749752029,0.1955062180514222,0.1707103074692906,0.046730754558632626,-0.30231937132829856,0.11272602426184442,-0.05970092317082454
1778210904635492446,1778210904642120618,-0.18825818265049143,-0.15964751659418575,0.16536964980544688,-0.2370870527199216,0.4343099107347239,-0.028419928282596985,0.14438849469748938,0.3393224994277855,0.1955062180514222,0.1707103074692906,0.04596780346379781,-0.3042267490653856,0.11272602426184442,-0.05970092317082454
1778210904658844944,1778210904662098687,-0.19207293812466553,-0.15964751659418575,0.16536964980544688,-0.23670557717250418,0.4327840085450543,-0.028419928282596985,0.14209964141298492,0.3393224994277855,0.1955062180514222,0.1707103074692906,0.04520485236896299,-0.3076600289921423,0.11272602426184442,-0.05970092317082454
1778210904672928419,1778210904682242829,-0.19398031586175257,-0.15964751659418575,0.16536964980544688,-0.23632410162508677,0.4327840085450543,-0.028419928282596985,0.1413366903181501,0.3393224994277855,0.1955062180514222,0.1707103074692906,0.04482337682154558,-0.3088044556343945,0.11272602426184442,-0.05931944762340713
1778210904695341405,1778210904702174126,-0.1962691691462588,-0.15964751659418575,0.16536964980544688,-0.23632410162508677,0.4327840085450543,-0.028419928282596985,0.1413366903181501,0.3393224994277855,0.1955062180514222,0.1707103074692906,0.04444190127412817,-0.31109330891889897,0.11272602426184442,-0.05931944762340713
1778210904712725659,1778210904722174801,-0.19779507133592844,-0.15964751659418575,0.16536964980544688,-0.23632410162508677,0.43240253299763687,-0.028419928282596985,0.1413366903181501,0.3393224994277855,0.1955062180514222,0.1707103074692906,0.04444190127412817,-0.3126192111085686,0.112344548714427,-0.05931944762340713
1778210904738098057,1778210904742106590,-0.1997024490730155,-0.15964751659418575,0.16536964980544688,-0.23632410162508677,0.4327840085450543,-0.028419928282596985,0.1417181658655675,0.3393224994277855,0.1955062180514222,0.1707103074692906,0.04406042572671076,-0.3156710154879079,0.1119630731670096,-0.05893797207598972
1778210904758166978,1778210904762173760,-0.2004654001678503,-0.15964751659418575,0.16536964980544688,-0.23632410162508677,0.4327840085450543,-0.028419928282596985,0.1417181658655675,0.3393224994277855,0.1955062180514222,0.1703288319218732,0.04406042572671076,-0.3171969176775775,0.1119630731670096,-0.05855649652857231
1778210904773473308,1778210904782152666,-0.2000839246204329,-0.15964751659418575,0.16422522316319466,-0.23594262607766936,0.43240253299763687,-0.028419928282596985,0.1417181658655675,0.3393224994277855,0.1955062180514222,0.1703288319218732,0.04406042572671076,-0.31795986877241234,0.11081864652475737,-0.05855649652857231
1778210904795225166,1778210904802210885,-0.1997024490730155,-0.1615548943312728,0.16308079652094243,-0.23632410162508677,0.43240253299763687,-0.028419928282596985,0.1417181658655675,0.3393224994277855,0.19588769359883962,0.1703288319218732,0.04444190127412817,-0.31948577096208197,0.10891126878767032,-0.05855649652857231
1778210904815891370,1778210904822184512,-0.1997024490730155,-0.16384374761577725,0.16308079652094243,-0.23594262607766936,0.43240253299763687,-0.028419928282596985,0.1417181658655675,0.3393224994277855,0.1955062180514222,0.1703288319218732,0.04444190127412817,-0.3198672465094994,0.10852979324025291,-0.05855649652857231
1778210904837419442,1778210904842230224,-0.1997024490730155,-0.1665140764476991,0.16308079652094243,-0.23594262607766936,0.43240253299763687,-0.028419928282596985,0.14209964141298492,0.3393224994277855,0.1955062180514222,0.1703288319218732,0.04444190127412817,-0.3198672465094994,0.10662241550316587,-0.0581750209811549
1778210904857354833,1778210904862139082,-0.19932097352559808,-0.16727702754253393,0.16308079652094243,-0.23594262607766936,0.43240253299763687,-0.028419928282596985,0.14209964141298492,0.3393224994277855,0.1955062180514222,0.1703288319218732,0.04406042572671076,-0.3198672465094994,0.10166323338673955,-0.05779354543373749
1778210904877806828,1778210904882110109,-0.19932097352559808,-0.16880292973220357,0.16269932097352502,-0.23594262607766936,0.43240253299763687,-0.028419928282596985,0.14209964141298492,0.3393224994277855,0.1955062180514222,0.1703288319218732,0.04406042572671076,-0.3198672465094994,0.10090028229190473,-0.05741206988632008
1778210904892575740,1778210904902299164,-0.1997024490730155,-0.1703288319218732,0.16269932097352502,-0.23632410162508677,0.43240253299763687,-0.028419928282596985,0.14324406805523715,0.3393224994277855,0.1955062180514222,0.1703288319218732,0.04406042572671076,-0.3198672465094994,0.10090028229190473,-0.05741206988632008
1778210904914554730,1778210904922234449,-0.1997024490730155,-0.17185473411154284,0.16269932097352502,-0.23632410162508677,0.43240253299763687,-0.028419928282596985,0.14591439688715901,0.3393224994277855,0.1955062180514222,0.16956588082703838,0.04406042572671076,-0.3198672465094994,0.09861142900740028,-0.05741206988632008
1778210904932469868,1778210904942177389,-0.1997024490730155,-0.17147325856412543,0.16269932097352502,-0.23632410162508677,0.43240253299763687,-0.028419928282596985,0.14667734798199383,0.3393224994277855,0.1955062180514222,0.16956588082703838,0.04406042572671076,-0.3198672465094994,0.09403372243839137,-0.05741206988632008
1778210904954710246,1778210904962114245,-0.1997024490730155,-0.17185473411154284,0.16269932097352502,-0.23632410162508677,0.43240253299763687,-0.028419928282596985,0.14667734798199383,0.3393224994277855,0.1955062180514222,0.16918440527962098,0.04406042572671076,-0.321393148699169,0.09288929579613914,-0.05741206988632008
1778210904975958809,1778210904982136408,-0.1997024490730155,-0.17185473411154284,0.16269932097352502,-0.23632410162508677,0.43240253299763687,-0.028419928282596985,0.14705882352941124,0.3393224994277855,0.1955062180514222,0.16918440527962098,0.04406042572671076,-0.32330052643625606,0.09288929579613914,-0.05741206988632008
1778210904995715510,1778210905002153685,-0.2000839246204329,-0.17185473411154284,0.16269932097352502,-0.23632410162508677,0.43240253299763687,-0.028419928282596985,0.14820325017166347,0.3393224994277855,0.1955062180514222,0.16880292973220357,0.04406042572671076,-0.3244449530785083,0.08945601586938245,-0.05741206988632008
1778210905012515932,1778210905022160880,-0.1997024490730155,-0.17185473411154284,0.16269932097352502,-0.23594262607766936,0.43240253299763687,-0.028419928282596985,0.1493476768139157,0.3393224994277855,0.1955062180514222,0.16880292973220357,0.04406042572671076,-0.3252079041733431,0.08754863813229541,-0.05741206988632008
1778210905038154024,1778210905042105651,-0.1997024490730155,-0.17185473411154284,0.16269932097352502,-0.23632410162508677,0.43240253299763687,-0.028419928282596985,0.1493476768139157,0.33894102388036806,0.1955062180514222,0.16880292973220357,0.04406042572671076,-0.3282597085526824,0.08678568703746059,-0.05741206988632008
1778210905052755305,1778210905062126091,-0.2000839246204329,-0.17185473411154284,0.16269932097352502,-0.23632410162508677,0.43240253299763687,-0.028801403830014394,0.1493476768139157,0.33817807278553325,0.1955062180514222,0.16842145418478616,0.04444190127412817,-0.3294041351949346,0.08640421149004318,-0.05741206988632008
1778210905075540088,1778210905082110828,-0.2000839246204329,-0.17185473411154284,0.16269932097352502,-0.23632410162508677,0.43240253299763687,-0.028801403830014394,0.1493476768139157,0.3358892195010288,0.1951247425040048,0.16803997863736875,0.04406042572671076,-0.33131151293202166,0.08602273594262577,-0.05741206988632008
1778210905095742740,1778210905102179285,-0.2000839246204329,-0.17185473411154284,0.16269932097352502,-0.23632410162508677,0.4327840085450543,-0.028801403830014394,0.1493476768139157,0.33474479285877656,0.1951247425040048,0.16803997863736875,0.04406042572671076,-0.3328374151216913,0.08602273594262577,-0.05741206988632008
1778210905117161816,1778210905122101780,-0.2000839246204329,-0.17185473411154284,0.16269932097352502,-0.23632410162508677,0.43240253299763687,-0.028419928282596985,0.1493476768139157,0.33474479285877656,0.1951247425040048,0.16803997863736875,0.04406042572671076,-0.33512626840619575,0.08564126039520836,-0.05741206988632008
1778210905132592837,1778210905142145450,-0.2000839246204329,-0.17185473411154284,0.16269932097352502,-0.23632410162508677,0.4327840085450543,-0.028419928282596985,0.1493476768139157,0.33474479285877656,0.1951247425040048,0.16803997863736875,0.04444190127412817,-0.3366521705958654,0.08564126039520836,-0.05741206988632008
1778210905152600987,1778210905162176355,-0.2000839246204329,-0.17185473411154284,0.16269932097352502,-0.23632410162508677,0.4327840085450543,-0.028419928282596985,0.1493476768139157,0.33398184176394174,0.1951247425040048,0.16803997863736875,0.04406042572671076,-0.3374151216907002,0.08564126039520836,-0.05741206988632008
1778210905172407864,1778210905182255491,-0.2000839246204329,-0.17185473411154284,0.16308079652094243,-0.23632410162508677,0.4327840085450543,-0.028801403830014394,0.1493476768139157,0.3328374151216895,0.1951247425040048,0.16765850308995134,0.04406042572671076,-0.33932249942778725,0.08525978484779095,-0.05741206988632008
1778210905192171150,1778210905202173074,-0.2000839246204329,-0.17185473411154284,0.16308079652094243,-0.23632410162508677,0.43240253299763687,-0.028801403830014394,0.1493476768139157,0.3324559395742721,0.1951247425040048,0.16727702754253393,0.04406042572671076,-0.3412298771648743,0.08449683375295614,-0.05741206988632008
1778210905214905254,1778210905222191709,-0.2000839246204329,-0.17185473411154284,0.16308079652094243,-0.23594262607766936,0.4327840085450543,-0.028801403830014394,0.1497291523613331,0.3316929884794373,0.1951247425040048,0.1661326009002817,0.04444190127412817,-0.3423743038071265,0.08258945601586909,-0.05741206988632008
1778210905235599323,1778210905242212979,-0.2000839246204329,-0.17299916075379507,0.16308079652094243,-0.23594262607766936,0.4327840085450543,-0.028801403830014394,0.1493476768139157,0.32978561074235024,0.1951247425040048,0.16498817425802947,0.04406042572671076,-0.34313725490196134,0.08258945601586909,-0.05741206988632008
1778210905255589656,1778210905262125945,-0.2000839246204329,-0.17528801403829952,0.16308079652094243,-0.23594262607766936,0.4327840085450543,-0.028801403830014394,0.1493476768139157,0.3290226596475154,0.1951247425040048,0.16269932097352502,0.04406042572671076,-0.34313725490196134,0.08220798046845168,-0.05779354543373749
1778210905272654924,1778210905282138643,-0.2004654001678503,-0.1787212939650562,0.16308079652094243,-0.23594262607766936,0.4327840085450543,-0.028801403830014394,0.1497291523613331,0.3290226596475154,0.1951247425040048,0.1623178454261076,0.04444190127412817,-0.34313725490196134,0.08220798046845168,-0.05779354543373749
1778210905296978716,1778210905302194724,-0.2004654001678503,-0.1825360494392303,0.16346227206835984,-0.23594262607766936,0.43240253299763687,-0.028801403830014394,0.15011062790875052,0.3290226596475154,0.1951247425040048,0.16002899214160315,0.04444190127412817,-0.34313725490196134,0.08182650492103427,-0.05779354543373749
1778210905316909527,1778210905322134141,-0.20084687571526771,-0.18482490272373475,0.16422522316319466,-0.23594262607766936,0.43240253299763687,-0.028419928282596985,0.15125505455100274,0.3290226596475154,0.1951247425040048,0.15926604104676834,0.04444190127412817,-0.34313725490196134,0.08030060273136463,-0.05779354543373749
1778210905337742002,1778210905342157232,-0.20122835126268512,-0.18749523155565662,0.16498817425802947,-0.23594262607766936,0.43240253299763687,-0.028419928282596985,0.15163653009842015,0.3290226596475154,0.1951247425040048,0.1573586633096813,0.04406042572671076,-0.34313725490196134,0.07648584725719054,-0.05779354543373749
1778210905358174181,1778210905362109586,-0.20160982681010253,-0.19016556038757848,0.1657511253528643,-0.23594262607766936,0.4327840085450543,-0.028419928282596985,0.1531624322880898,0.3290226596475154,0.1951247425040048,0.15697718776226388,0.04406042572671076,-0.34313725490196134,0.0745784695201035,-0.05779354543373749
1778210905373712852,1778210905382142891,-0.20199130235751994,-0.19207293812466553,0.1657511253528643,-0.23594262607766936,0.4327840085450543,-0.028419928282596985,0.15278095674067238,0.3290226596475154,0.1951247425040048,0.15583276112001165,0.04406042572671076,-0.34313725490196134,0.0745784695201035,-0.05779354543373749
1778210905400090268,1778210905402119444,-0.20199130235751994,-0.1947432669565874,0.1657511253528643,-0.23594262607766936,0.4327840085450543,-0.028801403830014394,0.1535439078355072,0.3290226596475154,0.1951247425040048,0.15506981002517684,0.04444190127412817,-0.34313725490196134,0.07419699397268609,-0.05779354543373749
1778210905412998668,1778210905422162425,-0.20237277790493735,-0.19550621805142399,0.1657511253528643,-0.23594262607766936,0.43240253299763687,-0.028801403830014394,0.1531624322880898,0.3290226596475154,0.1951247425040048,0.15506981002517684,0.04444190127412817,-0.34313725490196134,0.0745784695201035,-0.05779354543373749
1778210905432365349,1778210905442154915,-0.20237277790493735,-0.1966506446936762,0.1657511253528643,-0.23594262607766936,0.4327840085450543,-0.028419928282596985,0.1535439078355072,0.3290226596475154,0.1951247425040048,0.15506981002517684,0.04444190127412817,-0.34351873044937875,0.07419699397268609,-0.05779354543373749
1778210905454961535,1778210905462126899,-0.20237277790493735,-0.19817654688334585,0.1657511253528643,-0.23594262607766936,0.43240253299763687,-0.028419928282596985,0.1535439078355072,0.3290226596475154,0.1951247425040048,0.15468833447775943,0.04444190127412817,-0.344663157091631,0.07419699397268609,-0.05779354543373749
1778210905474885297,1778210905482127314,-0.20237277790493735,-0.19817654688334585,0.1657511253528643,-0.23594262607766936,0.4327840085450543,-0.028419928282596985,0.1535439078355072,0.3278782330052632,0.1951247425040048,0.15506981002517684,0.04444190127412817,-0.346570534828718,0.07305256733043386,-0.05779354543373749
1778210905492564806,1778210905502185934,-0.20237277790493735,-0.19817654688334585,0.1657511253528643,-0.23594262607766936,0.43240253299763687,-0.028419928282596985,0.1535439078355072,0.32635233081559356,0.1947432669565874,0.15506981002517684,0.04444190127412817,-0.34809643701838766,0.07000076295109459,-0.05779354543373749
1778210905515669052,1778210905522172973,-0.20199130235751994,-0.19817654688334585,0.16727702754253393,-0.23594262607766936,0.43240253299763687,-0.028419928282596985,0.1539253833829246,0.3240634775310891,0.1947432669565874,0.15506981002517684,0.04444190127412817,-0.3503852903028921,0.06694895857175531,-0.05779354543373749
1778210905535948837,1778210905542157365,-0.20237277790493735,-0.19817654688334585,0.16956588082703838,-0.23594262607766936,0.4327840085450543,-0.028419928282596985,0.15583276112001165,0.3229190508888369,0.19436179140916998,0.15506981002517684,0.04406042572671076,-0.35267414358739657,0.06694895857175531,-0.05779354543373749
1778210905556912984,1778210905562126390,-0.20237277790493735,-0.19817654688334585,0.17109178301670802,-0.23594262607766936,0.4327840085450543,-0.028419928282596985,0.15964751659418575,0.32101167315174983,0.19436179140916998,0.15506981002517684,0.04444190127412817,-0.3545815213244836,0.0661860074769205,-0.05779354543373749
1778210905577881860,1778210905582249660,-0.20199130235751994,-0.19817654688334585,0.17223620965896025,-0.23594262607766936,0.4327840085450543,-0.028801403830014394,0.16041046768902056,0.31795986877241056,0.19359884031433516,0.15468833447775943,0.04444190127412817,-0.35610742351415325,0.06275272755016381,-0.05779354543373749
1778210905597816706,1778210905602184371,-0.20199130235751994,-0.19779507133592844,0.1745250629434647,-0.23594262607766936,0.4327840085450543,-0.028419928282596985,0.16079194323643797,0.31681544213015833,0.19207293812466553,0.15506981002517684,0.04444190127412817,-0.3572518501564055,0.05931944762340713,-0.05779354543373749
1778210905612650201,1778210905622104884,-0.20199130235751994,-0.19779507133592844,0.17719539177538657,-0.23594262607766936,0.4327840085450543,-0.028419928282596985,0.16079194323643797,0.3160524910353235,0.1913099870298307,0.15506981002517684,0.04444190127412817,-0.3576333257038229,0.05931944762340713,-0.05779354543373749
1778210905634820165,1778210905642140761,-0.20199130235751994,-0.19779507133592844,0.17948424505989102,-0.23594262607766936,0.4327840085450543,-0.028419928282596985,0.16117341878385538,0.31376363775081906,0.1913099870298307,0.15506981002517684,0.04444190127412817,-0.3591592278934925,0.05931944762340713,-0.05779354543373749
1778210905652517868,1778210905662127940,-0.20199130235751994,-0.19779507133592844,0.18101014724956066,-0.23594262607766936,0.4327840085450543,-0.028419928282596985,0.16117341878385538,0.31261921110856683,0.1909285114824133,0.15506981002517684,0.04444190127412817,-0.36030365453574476,0.05779354543373749,-0.05779354543373749
1778210905675850731,1778210905682146603,-0.20160982681010253,-0.19779507133592844,0.18329900053406512,-0.23594262607766936,0.4327840085450543,-0.028419928282596985,0.16117341878385538,0.3122377355611494,0.1909285114824133,0.15506981002517684,0.04444190127412817,-0.3622110322728318,0.05512321660181563,-0.05779354543373749
1778210905696554102,1778210905702200849,-0.20160982681010253,-0.19779507133592844,0.18482490272373475,-0.23594262607766936,0.4327840085450543,-0.028419928282596985,0.16117341878385538,0.3122377355611494,0.1909285114824133,0.15506981002517684,0.04444190127412817,-0.3629739833676666,0.0539787899595634,-0.05779354543373749
1778210905716993813,1778210905722146381,-0.20160982681010253,-0.19779507133592844,0.18558785381856957,-0.23594262607766936,0.4327840085450543,-0.028801403830014394,0.16117341878385538,0.311856260013732,0.1909285114824133,0.15506981002517684,0.04444190127412817,-0.36373693446250144,0.05092698558022413,-0.0581750209811549
1778210905737583148,1778210905742168411,-0.20084687571526771,-0.19779507133592844,0.18558785381856957,-0.23556115053025195,0.4327840085450543,-0.028801403830014394,0.16079194323643797,0.30994888227664497,0.1909285114824133,0.15506981002517684,0.04444190127412817,-0.36373693446250144,0.04901960784313708,-0.0581750209811549
1778210905758011344,1778210905762108750,-0.2000839246204329,-0.19779507133592844,0.18558785381856957,-0.23556115053025195,0.4327840085450543,-0.028801403830014394,0.16079194323643797,0.3068970778973057,0.1909285114824133,0.15468833447775943,0.04444190127412817,-0.3652628366521711,0.04863813229571967,-0.0581750209811549
1778210905779026078,1778210905782130668,-0.1997024490730155,-0.19779507133592844,0.18558785381856957,-0.23594262607766936,0.4327840085450543,-0.028801403830014394,0.16079194323643797,0.30498970016021865,0.1909285114824133,0.15430685893034202,0.04444190127412817,-0.36755168993667553,0.04863813229571967,-0.0581750209811549
1778210905799656451,1778210905802190965,-0.1997024490730155,-0.19779507133592844,0.18558785381856957,-0.23556115053025195,0.4327840085450543,-0.028801403830014394,0.16079194323643797,0.30460822461280124,0.1909285114824133,0.15430685893034202,0.04444190127412817,-0.3694590676737626,0.04863813229571967,-0.0581750209811549
1778210905819491393,1778210905822177621,-0.19932097352559808,-0.19779507133592844,0.18558785381856957,-0.23556115053025195,0.4327840085450543,-0.028801403830014394,0.16079194323643797,0.30460822461280124,0.1909285114824133,0.15430685893034202,0.04444190127412817,-0.36984054322118,0.04825665674830226,-0.0581750209811549
1778210905835992327,1778210905842184504,-0.19932097352559808,-0.19779507133592844,0.18558785381856957,-0.23556115053025195,0.4327840085450543,-0.028801403830014394,0.16079194323643797,0.303463797970549,0.1909285114824133,0.15468833447775943,0.04444190127412817,-0.3709849698634322,0.04825665674830226,-0.05855649652857231
1778210905859071663,1778210905862107668,-0.19893949797818067,-0.19779507133592844,0.18558785381856957,-0.23556115053025195,0.4327840085450543,-0.028801403830014394,0.16002899214160315,0.3000305180437923,0.1909285114824133,0.15468833447775943,0.04444190127412817,-0.37327382314793667,0.04787518120088485,-0.05855649652857231
1778210905880042401,1778210905882197006,-0.19893949797818067,-0.19817654688334585,0.18558785381856957,-0.23517967498283454,0.4327840085450543,-0.028801403830014394,0.16002899214160315,0.29736018921187046,0.1909285114824133,0.15468833447775943,0.04444190127412817,-0.3747997253376063,0.04787518120088485,-0.05855649652857231
1778210905900891843,1778210905902125339,-0.19893949797818067,-0.19817654688334585,0.18558785381856957,-0.23517967498283454,0.4327840085450543,-0.028801403830014394,0.15850308995193352,0.2946898603799486,0.1909285114824133,0.15468833447775943,0.04444190127412817,-0.3747997253376063,0.04787518120088485,-0.05855649652857231
1778210905921829009,1778210905922244555,-0.19893949797818067,-0.19932097352559808,0.18558785381856957,-0.23517967498283454,0.4327840085450543,-0.028801403830014394,0.1581216144045161,0.29316395819027896,0.1909285114824133,0.15468833447775943,0.04444190127412817,-0.3747997253376063,0.047493705653467444,-0.05855649652857231
1778210905932078455,1778210905942121511,-0.19893949797818067,-0.2000839246204329,0.18558785381856957,-0.23479819943541713,0.4327840085450543,-0.028801403830014394,0.1581216144045161,0.29240100709544414,0.1909285114824133,0.15468833447775943,0.04444190127412817,-0.3747997253376063,0.047112230106050035,-0.05855649652857231
1778210905952579276,1778210905962465312,-0.19855802243076326,-0.20275425345235476,0.18558785381856957,-0.2340352483405823,0.4327840085450543,-0.028419928282596985,0.1577401388570987,0.2908751049057745,0.1909285114824133,0.15468833447775943,0.04444190127412817,-0.3747997253376063,0.04406042572671076,-0.05855649652857231
1778210905973352080,1778210905982242306,-0.19703212024109362,-0.20580605783169403,0.18520637827115216,-0.2332722972457475,0.4327840085450543,-0.028419928282596985,0.1577401388570987,0.28896772716868746,0.1909285114824133,0.15468833447775943,0.04444190127412817,-0.3747997253376063,0.04367895017929335,-0.05855649652857231
1778210905993836448,1778210906002311812,-0.1966506446936762,-0.2084763866636159,0.18520637827115216,-0.2332722972457475,0.4327840085450543,-0.028419928282596985,0.1577401388570987,0.2870603494316004,0.1909285114824133,0.15468833447775943,0.04444190127412817,-0.3747997253376063,0.041771572442206306,-0.05855649652857231
1778210906014687588,1778210906022326118,-0.1958876935988414,-0.21114671549553776,0.18520637827115216,-0.2332722972457475,0.4327840085450543,-0.028419928282596985,0.1573586633096813,0.28515297169451337,0.1909285114824133,0.15468833447775943,0.04444190127412817,-0.3747997253376063,0.041771572442206306,-0.05855649652857231
1778210906035247841,1778210906042154186,-0.19398031586175257,-0.21190966659037258,0.18520637827115216,-0.2332722972457475,0.4327840085450543,-0.028419928282596985,0.1573586633096813,0.28477149614709596,0.1913099870298307,0.15468833447775943,0.04444190127412817,-0.3747997253376063,0.041771572442206306,-0.05855649652857231
1778210906055268417,1778210906062224606,-0.19321736476691775,-0.21190966659037258,0.18520637827115216,-0.2332722972457475,0.4327840085450543,-0.028419928282596985,0.1573586633096813,0.28477149614709596,0.1909285114824133,0.15468833447775943,0.04444190127412817,-0.3747997253376063,0.0413900968947889,-0.05855649652857231
1778210906076066764,1778210906082251525,-0.19169146257724812,-0.21190966659037258,0.18520637827115216,-0.23289082169833009,0.4327840085450543,-0.028419928282596985,0.15697718776226388,0.28477149614709596,0.1913099870298307,0.15468833447775943,0.04444190127412817,-0.3747997253376063,0.041771572442206306,-0.05855649652857231
1778210906082934773,1778210906102326955,-0.1913099870298307,-0.21190966659037258,0.18520637827115216,-0.23289082169833009,0.4327840085450543,-0.028419928282596985,0.15697718776226388,0.28477149614709596,0.1913099870298307,0.15468833447775943,0.04444190127412817,-0.3747997253376063,0.041771572442206306,-0.05855649652857231
1778210906113693418,1778210906122212404,-0.18940260929274366,-0.21190966659037258,0.18520637827115216,-0.23289082169833009,0.4327840085450543,-0.028419928282596985,0.15621423666742906,0.28477149614709596,0.1909285114824133,0.15506981002517684,0.04444190127412817,-0.3747997253376063,0.041771572442206306,-0.05855649652857231
1778210906135687024,1778210906142112488,-0.18787670710307403,-0.21190966659037258,0.18520637827115216,-0.23289082169833009,0.4327840085450543,-0.028419928282596985,0.15239948119325497,0.28477149614709596,0.1913099870298307,0.15468833447775943,0.04444190127412817,-0.3747997253376063,0.04100862134737149,-0.05855649652857231
1778210906156905482,1778210906162071673,-0.1871137560082392,-0.21190966659037258,0.18520637827115216,-0.23289082169833009,0.4327840085450543,-0.028419928282596985,0.1489662012664983,0.28515297169451337,0.1913099870298307,0.15506981002517684,0.04444190127412817,-0.3747997253376063,0.0413900968947889,-0.05855649652857231
1778210906176733436,1778210906182202828,-0.18558785381856957,-0.21190966659037258,0.18520637827115216,-0.23289082169833009,0.43240253299763687,-0.028419928282596985,0.14858472571908088,0.28515297169451337,0.1909285114824133,0.15506981002517684,0.04444190127412817,-0.3747997253376063,0.04100862134737149,-0.05855649652857231
1778210906197352725,1778210906202196954,-0.18520637827115216,-0.21190966659037258,0.18520637827115216,-0.23289082169833009,0.43240253299763687,-0.028419928282596985,0.14858472571908088,0.28515297169451337,0.1913099870298307,0.15506981002517684,0.04444190127412817,-0.3747997253376063,0.0413900968947889,-0.05855649652857231
1778210906212561419,1778210906222195544,-0.18482490272373475,-0.21190966659037258,0.18520637827115216,-0.23289082169833009,0.43240253299763687,-0.028419928282596985,0.14820325017166347,0.28515297169451337,0.1913099870298307,0.15506981002517684,0.04444190127412817,-0.3751812008850237,0.041771572442206306,-0.05855649652857231
1778210906232460463,1778210906242126956,-0.1829175249866477,-0.21190966659037258,0.18520637827115216,-0.23289082169833009,0.43240253299763687,-0.028419928282596985,0.14667734798199383,0.28515297169451337,0.1913099870298307,0.15545128557259424,0.04444190127412817,-0.3747997253376063,0.0413900968947889,-0.05855649652857231
1778210906254358671,1778210906262140638,-0.1829175249866477,-0.21190966659037258,0.18520637827115216,-0.23289082169833009,0.43202105745021946,-0.028038452735179575,0.1451514457923242,0.28515297169451337,0.1913099870298307,0.15659571221484647,0.04444190127412817,-0.3747997253376063,0.04100862134737149,-0.05855649652857231
1778210906272607185,1778210906282398261,-0.1825360494392303,-0.21190966659037258,0.18520637827115216,-0.23289082169833009,0.4293507286182976,-0.028038452735179575,0.1451514457923242,0.28515297169451337,0.1913099870298307,0.1581216144045161,0.04482337682154558,-0.3747997253376063,0.0413900968947889,-0.05855649652857231
1778210906295670950,1778210906302209572,-0.18139162279697807,-0.21190966659037258,0.18520637827115216,-0.23250934615091268,0.42668039978637573,-0.028038452735179575,0.1447699702449068,0.28515297169451337,0.1909285114824133,0.15926604104676834,0.04482337682154558,-0.3751812008850237,0.04100862134737149,-0.05855649652857231
1778210906315352807,1778210906322150963,-0.18024719615472584,-0.21190966659037258,0.18520637827115216,-0.23250934615091268,0.4251544975967061,-0.028038452735179575,0.1447699702449068,0.28515297169451337,0.1913099870298307,0.16117341878385538,0.04482337682154558,-0.3747997253376063,0.0413900968947889,-0.05855649652857231
1778210906332683220,1778210906342105313,-0.17986572060730843,-0.21190966659037258,0.18520637827115216,-0.23250934615091268,0.4243915465018713,-0.028038452735179575,0.14438849469748938,0.28477149614709596,0.1909285114824133,0.1623178454261076,0.04482337682154558,-0.3747997253376063,0.0413900968947889,-0.05855649652857231
1778210906357050041,1778210906362343854,-0.1779583428702214,-0.21152819104295517,0.18520637827115216,-0.23212787060349527,0.4217212176699494,-0.028038452735179575,0.14438849469748938,0.28515297169451337,0.1909285114824133,0.16689555199511652,0.04482337682154558,-0.3747997253376063,0.041771572442206306,-0.0581750209811549
1778210906372825101,1778210906382148197,-0.17681391622796916,-0.21152819104295517,0.18520637827115216,-0.23212787060349527,0.41828793774319273,-0.028038452735179575,0.14438849469748938,0.28515297169451337,0.1913099870298307,0.1703288319218732,0.04482337682154558,-0.3747997253376063,0.0413900968947889,-0.0581750209811549
1778210906393809711,1778210906402225232,-0.1741435873960473,-0.21152819104295517,0.18520637827115216,-0.23212787060349527,0.4167620355535231,-0.028038452735179575,0.14362554360265456,0.28515297169451337,0.1909285114824133,0.17299916075379507,0.04482337682154558,-0.3747997253376063,0.042153047989623715,-0.0581750209811549
1778210906412470497,1778210906422292163,-0.17338063630121248,-0.21152819104295517,0.18520637827115216,-0.23212787060349527,0.41447318226901864,-0.028038452735179575,0.14324406805523715,0.28477149614709596,0.1909285114824133,0.17566948958571693,0.04482337682154558,-0.3747997253376063,0.042153047989623715,-0.0581750209811549
1778210906435734623,1778210906442215098,-0.16956588082703838,-0.21152819104295517,0.18482490272373475,-0.23174639505607786,0.4137102311741838,-0.028038452735179575,0.14286259250781974,0.28439002059967855,0.1909285114824133,0.17986572060730843,0.04520485236896299,-0.3747997253376063,0.041771572442206306,-0.0581750209811549
1778210906456060821,1778210906462116874,-0.16727702754253393,-0.21000228885328553,0.18520637827115216,-0.23174639505607786,0.4133287556267664,-0.028038452735179575,0.14248111696040233,0.2828641184100089,0.1909285114824133,0.18406195162889993,0.04520485236896299,-0.3747997253376063,0.042153047989623715,-0.0581750209811549
1778210906476026070,1778210906482143481,-0.16460669871061206,-0.2084763866636159,0.18520637827115216,-0.23174639505607786,0.4095140001525923,-0.028038452735179575,0.14209964141298492,0.2813382162203393,0.1909285114824133,0.18787670710307403,0.04520485236896299,-0.3747997253376063,0.042153047989623715,-0.0581750209811549
1778210906492588641,1778210906502241735,-0.1623178454261076,-0.20733196002136367,0.18520637827115216,-0.23174639505607786,0.4091325246051749,-0.028038452735179575,0.1417181658655675,0.27981231403066964,0.1909285114824133,0.18940260929274366,0.0455863279163804,-0.3747997253376063,0.041771572442206306,-0.05779354543373749
1778210906517349062,1778210906522233790,-0.15850308995193352,-0.20504310673685922,0.18520637827115216,-0.23212787060349527,0.40684367132067045,-0.028038452735179575,0.14209964141298492,0.278286411841,0.19016556038757848,0.19359884031433516,0.04596780346379781,-0.3747997253376063,0.04024567025253667,-0.0581750209811549
1778210906537283177,1778210906542154335,-0.15506981002517684,-0.20313572899977217,0.18520637827115216,-0.23212787060349527,0.40646219577325304,-0.027656977187762166,0.1417181658655675,0.27637903410391296,0.18940260929274366,0.1951247425040048,0.046349279011215216,-0.3747997253376063,0.03910124361028444,-0.05779354543373749
1778210906557903243,1778210906562141450,-0.15201800564583756,-0.20084687571526771,0.18520637827115216,-0.23212787060349527,0.40341039139391377,-0.027656977187762166,0.1413366903181501,0.2737087052719911,0.18749523155565662,0.1989394979781789,0.047112230106050035,-0.3740367742427715,0.03681239032577999,-0.0581750209811549
